unsigned char font_data[36864] =
{
    0x58, 0x50, 0x52, 0x30, 0x00, 0x90, 0x00, 0x00, 0x00, 0x10, 0x00, 0x00, 0x01, 0x00, 0x04, 0x00, 0x00, 0x00, 0x00, 0x00, 0x00, 0x00, 0x00, 0x00, 0x29, 0x04, 0x81, 0x06, 0x00, 0x00, 0x00, 0x00, 
    0x00, 0x00, 0x00, 0x80, 0x32, 0x0A, 0x00, 0x00, 0x05, 0x00, 0x00, 0x00, 0x00, 0x00, 0x60, 0x41, 0x00, 0x00, 0x00, 0x00, 0x00, 0x00, 0x00, 0x00, 0x00, 0x00, 0x60, 0x41, 0x7F, 0x00, 0x00, 0x00, 
    0x00, 0x00, 0x00, 0x00, 0x00, 0x00, 0x00, 0x00, 0x00, 0x00, 0x00, 0x00, 0x00, 0x00, 0x00, 0x00, 0x00, 0x00, 0x00, 0x00, 0x00, 0x00, 0x00, 0x00, 0x00, 0x00, 0x00, 0x00, 0x00, 0x00, 0x00, 0x00, 
    0x00, 0x00, 0x00, 0x00, 0x00, 0x00, 0x00, 0x00, 0x00, 0x00, 0x00, 0x00, 0x00, 0x00, 0x00, 0x00, 0x00, 0x00, 0x00, 0x00, 0x00, 0x00, 0x00, 0x00, 0x00, 0x00, 0x00, 0x00, 0x00, 0x00, 0x01, 0x00, 
    0x02, 0x00, 0x03, 0x00, 0x04, 0x00, 0x05, 0x00, 0x06, 0x00, 0x07, 0x00, 0x08, 0x00, 0x09, 0x00, 0x0A, 0x00, 0x0B, 0x00, 0x0C, 0x00, 0x0D, 0x00, 0x0E, 0x00, 0x0F, 0x00, 0x10, 0x00, 0x11, 0x00, 
    0x12, 0x00, 0x13, 0x00, 0x14, 0x00, 0x15, 0x00, 0x16, 0x00, 0x17, 0x00, 0x18, 0x00, 0x19, 0x00, 0x1A, 0x00, 0x1B, 0x00, 0x1C, 0x00, 0x1D, 0x00, 0x1E, 0x00, 0x1F, 0x00, 0x20, 0x00, 0x21, 0x00, 
    0x22, 0x00, 0x23, 0x00, 0x24, 0x00, 0x25, 0x00, 0x26, 0x00, 0x27, 0x00, 0x28, 0x00, 0x29, 0x00, 0x2A, 0x00, 0x2B, 0x00, 0x2C, 0x00, 0x2D, 0x00, 0x2E, 0x00, 0x2F, 0x00, 0x30, 0x00, 0x31, 0x00, 
    0x32, 0x00, 0x33, 0x00, 0x34, 0x00, 0x35, 0x00, 0x36, 0x00, 0x37, 0x00, 0x38, 0x00, 0x39, 0x00, 0x3A, 0x00, 0x3B, 0x00, 0x3C, 0x00, 0x3D, 0x00, 0x3E, 0x00, 0x3F, 0x00, 0x40, 0x00, 0x41, 0x00, 
    0x42, 0x00, 0x43, 0x00, 0x44, 0x00, 0x45, 0x00, 0x46, 0x00, 0x47, 0x00, 0x48, 0x00, 0x49, 0x00, 0x4A, 0x00, 0x4B, 0x00, 0x4C, 0x00, 0x4D, 0x00, 0x4E, 0x00, 0x4F, 0x00, 0x50, 0x00, 0x51, 0x00, 
    0x52, 0x00, 0x53, 0x00, 0x54, 0x00, 0x55, 0x00, 0x56, 0x00, 0x57, 0x00, 0x58, 0x00, 0x59, 0x00, 0x5A, 0x00, 0x5B, 0x00, 0x5C, 0x00, 0x5D, 0x00, 0x5E, 0x00, 0x5F, 0x00, 0x60, 0x00, 0x61, 0x00, 
    0x00, 0x00, 0x00, 0x00, 0x80, 0x3B, 0x00, 0x00, 0x80, 0x3C, 0x00, 0x00, 0x80, 0x3C, 0x00, 0x00, 0x70, 0x3E, 0x00, 0x00, 0x03, 0x00, 0x05, 0x00, 0x00, 0x00, 0x00, 0x00, 0xA0, 0x3C, 0x00, 0x00, 
    0x80, 0x3C, 0x00, 0x00, 0xC0, 0x3C, 0x00, 0x00, 0x70, 0x3E, 0x00, 0x00, 0x01, 0x00, 0x03, 0x00, 0x00, 0x00, 0x00, 0x00, 0x00, 0x3D, 0x00, 0x00, 0x80, 0x3C, 0x00, 0x00, 0x20, 0x3D, 0x00, 0x00, 
    0x70, 0x3E, 0x01, 0x00, 0x02, 0x00, 0x02, 0x00, 0x00, 0x00, 0x00, 0x00, 0x30, 0x3D, 0x00, 0x00, 0x80, 0x3C, 0x00, 0x00, 0x70, 0x3D, 0x00, 0x00, 0x70, 0x3E, 0x00, 0x00, 0x04, 0x00, 0x04, 0x00, 
    0x00, 0x00, 0x00, 0x00, 0x80, 0x3D, 0x00, 0x00, 0x80, 0x3C, 0x00, 0x00, 0xB8, 0x3D, 0x00, 0x00, 0x70, 0x3E, 0x00, 0x00, 0x07, 0x00, 0x07, 0x00, 0x00, 0x00, 0x00, 0x00, 0xC0, 0x3D, 0x00, 0x00, 
    0x80, 0x3C, 0x00, 0x00, 0xF8, 0x3D, 0x00, 0x00, 0x70, 0x3E, 0x00, 0x00, 0x07, 0x00, 0x07, 0x00, 0x00, 0x00, 0x00, 0x00, 0x00, 0x3E, 0x00, 0x00, 0x80, 0x3C, 0x00, 0x00, 0x24, 0x3E, 0x00, 0x00, 
    0x70, 0x3E, 0x00, 0x00, 0x09, 0x00, 0x09, 0x00, 0x00, 0x00, 0x00, 0x00, 0x28, 0x3E, 0x00, 0x00, 0x80, 0x3C, 0x00, 0x00, 0x48, 0x3E, 0x00, 0x00, 0x70, 0x3E, 0x00, 0x00, 0x08, 0x00, 0x07, 0x00, 
    0x00, 0x00, 0x00, 0x00, 0x4C, 0x3E, 0x00, 0x00, 0x80, 0x3C, 0x00, 0x00, 0x54, 0x3E, 0x00, 0x00, 0x70, 0x3E, 0x00, 0x00, 0x02, 0x00, 0x03, 0x00, 0x00, 0x00, 0x00, 0x00, 0x58, 0x3E, 0x00, 0x00, 
    0x80, 0x3C, 0x00, 0x00, 0x68, 0x3E, 0x00, 0x00, 0x70, 0x3E, 0x00, 0x00, 0x04, 0x00, 0x04, 0x00, 0x00, 0x00, 0x00, 0x00, 0x6C, 0x3E, 0x00, 0x00, 0x80, 0x3C, 0x00, 0x00, 0x7C, 0x3E, 0x00, 0x00, 
    0x70, 0x3E, 0x00, 0x00, 0x04, 0x00, 0x04, 0x00, 0x00, 0x00, 0x00, 0x00, 0x80, 0x3E, 0x00, 0x00, 0x80, 0x3C, 0x00, 0x00, 0x8A, 0x3E, 0x00, 0x00, 0x70, 0x3E, 0x00, 0x00, 0x05, 0x00, 0x05, 0x00, 
    0x00, 0x00, 0x00, 0x00, 0x8C, 0x3E, 0x00, 0x00, 0x80, 0x3C, 0x00, 0x00, 0x9A, 0x3E, 0x00, 0x00, 0x70, 0x3E, 0x00, 0x00, 0x07, 0x00, 0x07, 0x00, 0x00, 0x00, 0x00, 0x00, 0x9C, 0x3E, 0x00, 0x00, 
    0x80, 0x3C, 0x00, 0x00, 0xA0, 0x3E, 0x00, 0x00, 0x70, 0x3E, 0x00, 0x00, 0x02, 0x00, 0x02, 0x00, 0x00, 0x00, 0x00, 0x00, 0xA4, 0x3E, 0x00, 0x00, 0x80, 0x3C, 0x00, 0x00, 0xAC, 0x3E, 0x00, 0x00, 
    0x70, 0x3E, 0x01, 0x00, 0x04, 0x00, 0x04, 0x00, 0x00, 0x00, 0x00, 0x00, 0xB0, 0x3E, 0x00, 0x00, 0x80, 0x3C, 0x00, 0x00, 0xB4, 0x3E, 0x00, 0x00, 0x70, 0x3E, 0x01, 0x00, 0x02, 0x00, 0x02, 0x00, 
    0x00, 0x00, 0x00, 0x00, 0xB6, 0x3E, 0x00, 0x00, 0x80, 0x3C, 0x00, 0x00, 0xC0, 0x3E, 0x00, 0x00, 0x70, 0x3E, 0x00, 0x00, 0x05, 0x00, 0x05, 0x00, 0x00, 0x00, 0x00, 0x00, 0xC2, 0x3E, 0x00, 0x00, 
    0x80, 0x3C, 0x00, 0x00, 0xD0, 0x3E, 0x00, 0x00, 0x70, 0x3E, 0x00, 0x00, 0x07, 0x00, 0x07, 0x00, 0x00, 0x00, 0x00, 0x00, 0xD4, 0x3E, 0x00, 0x00, 0x80, 0x3C, 0x00, 0x00, 0xDC, 0x3E, 0x00, 0x00, 
    0x70, 0x3E, 0x01, 0x00, 0x04, 0x00, 0x06, 0x00, 0x00, 0x00, 0x00, 0x00, 0xDE, 0x3E, 0x00, 0x00, 0x80, 0x3C, 0x00, 0x00, 0xEC, 0x3E, 0x00, 0x00, 0x70, 0x3E, 0x00, 0x00, 0x07, 0x00, 0x07, 0x00, 
    0x00, 0x00, 0x00, 0x00, 0xEE, 0x3E, 0x00, 0x00, 0x80, 0x3C, 0x00, 0x00, 0xFC, 0x3E, 0x00, 0x00, 0x70, 0x3E, 0x00, 0x00, 0x07, 0x00, 0x07, 0x00, 0x00, 0x00, 0x00, 0x00, 0xFE, 0x3E, 0x00, 0x00, 
    0x80, 0x3C, 0x00, 0x00, 0x06, 0x3F, 0x00, 0x00, 0x70, 0x3E, 0x00, 0x00, 0x07, 0x00, 0x07, 0x00, 0x00, 0x00, 0x00, 0x00, 0x07, 0x3F, 0x00, 0x00, 0x80, 0x3C, 0x00, 0x00, 0x0E, 0x3F, 0x00, 0x00, 
    0x70, 0x3E, 0x00, 0x00, 0x07, 0x00, 0x07, 0x00, 0x00, 0x00, 0x00, 0x00, 0x0F, 0x3F, 0x00, 0x00, 0x80, 0x3C, 0x00, 0x00, 0x16, 0x3F, 0x00, 0x00, 0x70, 0x3E, 0x00, 0x00, 0x07, 0x00, 0x07, 0x00, 
    0x00, 0x00, 0x00, 0x00, 0x17, 0x3F, 0x00, 0x00, 0x80, 0x3C, 0x00, 0x00, 0x1E, 0x3F, 0x00, 0x00, 0x70, 0x3E, 0x00, 0x00, 0x07, 0x00, 0x07, 0x00, 0x00, 0x00, 0x00, 0x00, 0x1F, 0x3F, 0x00, 0x00, 
    0x80, 0x3C, 0x00, 0x00, 0x26, 0x3F, 0x00, 0x00, 0x70, 0x3E, 0x00, 0x00, 0x07, 0x00, 0x07, 0x00, 0x00, 0x00, 0x00, 0x00, 0x27, 0x3F, 0x00, 0x00, 0x80, 0x3C, 0x00, 0x00, 0x2D, 0x3F, 0x00, 0x00, 
    0x70, 0x3E, 0x00, 0x00, 0x06, 0x00, 0x07, 0x00, 0x00, 0x00, 0x00, 0x00, 0x2F, 0x3F, 0x00, 0x00, 0x80, 0x3C, 0x00, 0x00, 0x31, 0x3F, 0x00, 0x00, 0x70, 0x3E, 0x01, 0x00, 0x02, 0x00, 0x02, 0x00, 
    0x00, 0x00, 0x00, 0x00, 0x32, 0x3F, 0x00, 0x00, 0x80, 0x3C, 0x00, 0x00, 0x35, 0x3F, 0x00, 0x00, 0x70, 0x3E, 0x00, 0x00, 0x03, 0x00, 0x03, 0x00, 0x00, 0x00, 0x00, 0x00, 0x36, 0x3F, 0x00, 0x00, 
    0x80, 0x3C, 0x00, 0x00, 0x3C, 0x3F, 0x00, 0x00, 0x70, 0x3E, 0x00, 0x00, 0x06, 0x00, 0x06, 0x00, 0x00, 0x00, 0x00, 0x00, 0x3D, 0x3F, 0x00, 0x00, 0x80, 0x3C, 0x00, 0x00, 0x43, 0x3F, 0x00, 0x00, 
    0x70, 0x3E, 0x00, 0x00, 0x06, 0x00, 0x07, 0x00, 0x00, 0x00, 0x00, 0x00, 0x44, 0x3F, 0x00, 0x00, 0x80, 0x3C, 0x00, 0x00, 0x4A, 0x3F, 0x00, 0x00, 0x70, 0x3E, 0x00, 0x00, 0x06, 0x00, 0x06, 0x00, 
    0x00, 0x00, 0x00, 0x00, 0x4B, 0x3F, 0x00, 0x00, 0x80, 0x3C, 0x00, 0x00, 0x51, 0x3F, 0x00, 0x00, 0x70, 0x3E, 0x00, 0x00, 0x06, 0x00, 0x06, 0x00, 0x00, 0x00, 0x00, 0x00, 0x52, 0x3F, 0x00, 0x00, 
    0x80, 0x3C, 0x00, 0x00, 0x5D, 0x3F, 0x00, 0x00, 0x70, 0x3E, 0x00, 0x00, 0x0B, 0x00, 0x0B, 0x00, 0x00, 0x00, 0x00, 0x00, 0x5E, 0x3F, 0x00, 0x00, 0x80, 0x3C, 0x00, 0x00, 0x66, 0x3F, 0x00, 0x00, 
    0x70, 0x3E, 0x00, 0x00, 0x08, 0x00, 0x08, 0x00, 0x00, 0x00, 0x00, 0x00, 0x68, 0x3F, 0x00, 0x00, 0x80, 0x3C, 0x00, 0x00, 0x6F, 0x3F, 0x00, 0x00, 0x70, 0x3E, 0x01, 0x00, 0x07, 0x00, 0x07, 0x00, 
    0x00, 0x00, 0x00, 0x00, 0x70, 0x3F, 0x00, 0x00, 0x80, 0x3C, 0x00, 0x00, 0x78, 0x3F, 0x00, 0x00, 0x70, 0x3E, 0x00, 0x00, 0x08, 0x00, 0x08, 0x00, 0x00, 0x00, 0x00, 0x00, 0x00, 0x3C, 0x00, 0x00, 
    0x80, 0x3E, 0x00, 0x00, 0x10, 0x3D, 0x00, 0x00, 0xF0, 0x3E, 0x01, 0x00, 0x07, 0x00, 0x07, 0x00, 0x00, 0x00, 0x00, 0x00, 0x30, 0x3D, 0x00, 0x00, 0x80, 0x3E, 0x00, 0x00, 0x88, 0x3D, 0x00, 0x00, 
    0xF0, 0x3E, 0x01, 0x00, 0x06, 0x00, 0x06, 0x00, 0x00, 0x00, 0x00, 0x00, 0x98, 0x3D, 0x00, 0x00, 0x80, 0x3E, 0x00, 0x00, 0xC8, 0x3D, 0x00, 0x00, 0xF0, 0x3E, 0x01, 0x00, 0x06, 0x00, 0x06, 0x00, 
    0x00, 0x00, 0x00, 0x00, 0xD0, 0x3D, 0x00, 0x00, 0x80, 0x3E, 0x00, 0x00, 0x08, 0x3E, 0x00, 0x00, 0xF0, 0x3E, 0x00, 0x00, 0x08, 0x00, 0x08, 0x00, 0x00, 0x00, 0x00, 0x00, 0x10, 0x3E, 0x00, 0x00, 
    0x80, 0x3E, 0x00, 0x00, 0x2C, 0x3E, 0x00, 0x00, 0xF0, 0x3E, 0x01, 0x00, 0x07, 0x00, 0x07, 0x00, 0x00, 0x00, 0x00, 0x00, 0x34, 0x3E, 0x00, 0x00, 0x80, 0x3E, 0x00, 0x00, 0x3C, 0x3E, 0x00, 0x00, 
    0xF0, 0x3E, 0x01, 0x00, 0x02, 0x00, 0x02, 0x00, 0x00, 0x00, 0x00, 0x00, 0x40, 0x3E, 0x00, 0x00, 0x80, 0x3E, 0x00, 0x00, 0x58, 0x3E, 0x00, 0x00, 0xF0, 0x3E, 0x00, 0x00, 0x06, 0x00, 0x07, 0x00, 
    0x00, 0x00, 0x00, 0x00, 0x60, 0x3E, 0x00, 0x00, 0x80, 0x3E, 0x00, 0x00, 0x7C, 0x3E, 0x00, 0x00, 0xF0, 0x3E, 0x01, 0x00, 0x07, 0x00, 0x07, 0x00, 0x00, 0x00, 0x00, 0x00, 0x82, 0x3E, 0x00, 0x00, 
    0x80, 0x3E, 0x00, 0x00, 0x8E, 0x3E, 0x00, 0x00, 0xF0, 0x3E, 0x01, 0x00, 0x06, 0x00, 0x06, 0x00, 0x00, 0x00, 0x00, 0x00, 0x92, 0x3E, 0x00, 0x00, 0x80, 0x3E, 0x00, 0x00, 0xA4, 0x3E, 0x00, 0x00, 
    0xF0, 0x3E, 0x01, 0x00, 0x09, 0x00, 0x09, 0x00, 0x00, 0x00, 0x00, 0x00, 0xA8, 0x3E, 0x00, 0x00, 0x80, 0x3E, 0x00, 0x00, 0xB6, 0x3E, 0x00, 0x00, 0xF0, 0x3E, 0x01, 0x00, 0x07, 0x00, 0x07, 0x00, 
    0x00, 0x00, 0x00, 0x00, 0xB8, 0x3E, 0x00, 0x00, 0x80, 0x3E, 0x00, 0x00, 0xC8, 0x3E, 0x00, 0x00, 0xF0, 0x3E, 0x00, 0x00, 0x08, 0x00, 0x08, 0x00, 0x00, 0x00, 0x00, 0x00, 0xCC, 0x3E, 0x00, 0x00, 
    0x80, 0x3E, 0x00, 0x00, 0xDA, 0x3E, 0x00, 0x00, 0xF0, 0x3E, 0x01, 0x00, 0x07, 0x00, 0x07, 0x00, 0x00, 0x00, 0x00, 0x00, 0xDC, 0x3E, 0x00, 0x00, 0x80, 0x3E, 0x00, 0x00, 0xEC, 0x3E, 0x00, 0x00, 
    0xF0, 0x3E, 0x00, 0x00, 0x08, 0x00, 0x08, 0x00, 0x00, 0x00, 0x00, 0x00, 0xF0, 0x3E, 0x00, 0x00, 0x80, 0x3E, 0x00, 0x00, 0xFE, 0x3E, 0x00, 0x00, 0xF0, 0x3E, 0x01, 0x00, 0x07, 0x00, 0x07, 0x00, 
    0x00, 0x00, 0x00, 0x00, 0x00, 0x3F, 0x00, 0x00, 0x80, 0x3E, 0x00, 0x00, 0x07, 0x3F, 0x00, 0x00, 0xF0, 0x3E, 0x00, 0x00, 0x07, 0x00, 0x07, 0x00, 0x00, 0x00, 0x00, 0x00, 0x08, 0x3F, 0x00, 0x00, 
    0x80, 0x3E, 0x00, 0x00, 0x0F, 0x3F, 0x00, 0x00, 0xF0, 0x3E, 0x00, 0x00, 0x07, 0x00, 0x07, 0x00, 0x00, 0x00, 0x00, 0x00, 0x10, 0x3F, 0x00, 0x00, 0x80, 0x3E, 0x00, 0x00, 0x18, 0x3F, 0x00, 0x00, 
    0xF0, 0x3E, 0x00, 0x00, 0x08, 0x00, 0x08, 0x00, 0x00, 0x00, 0x00, 0x00, 0x19, 0x3F, 0x00, 0x00, 0x80, 0x3E, 0x00, 0x00, 0x21, 0x3F, 0x00, 0x00, 0xF0, 0x3E, 0x00, 0x00, 0x08, 0x00, 0x08, 0x00, 
    0x00, 0x00, 0x00, 0x00, 0x22, 0x3F, 0x00, 0x00, 0x80, 0x3E, 0x00, 0x00, 0x2D, 0x3F, 0x00, 0x00, 0xF0, 0x3E, 0x00, 0x00, 0x0B, 0x00, 0x0A, 0x00, 0x00, 0x00, 0x00, 0x00, 0x2E, 0x3F, 0x00, 0x00, 
    0x80, 0x3E, 0x00, 0x00, 0x36, 0x3F, 0x00, 0x00, 0xF0, 0x3E, 0x00, 0x00, 0x08, 0x00, 0x08, 0x00, 0x00, 0x00, 0x00, 0x00, 0x37, 0x3F, 0x00, 0x00, 0x80, 0x3E, 0x00, 0x00, 0x3F, 0x3F, 0x00, 0x00, 
    0xF0, 0x3E, 0x00, 0x00, 0x08, 0x00, 0x08, 0x00, 0x00, 0x00, 0x00, 0x00, 0x40, 0x3F, 0x00, 0x00, 0x80, 0x3E, 0x00, 0x00, 0x47, 0x3F, 0x00, 0x00, 0xF0, 0x3E, 0x00, 0x00, 0x07, 0x00, 0x07, 0x00, 
    0x00, 0x00, 0x00, 0x00, 0x48, 0x3F, 0x00, 0x00, 0x80, 0x3E, 0x00, 0x00, 0x4C, 0x3F, 0x00, 0x00, 0xF0, 0x3E, 0x00, 0x00, 0x04, 0x00, 0x03, 0x00, 0x00, 0x00, 0x00, 0x00, 0x4D, 0x3F, 0x00, 0x00, 
    0x80, 0x3E, 0x00, 0x00, 0x52, 0x3F, 0x00, 0x00, 0xF0, 0x3E, 0x00, 0x00, 0x05, 0x00, 0x05, 0x00, 0x00, 0x00, 0x00, 0x00, 0x53, 0x3F, 0x00, 0x00, 0x80, 0x3E, 0x00, 0x00, 0x56, 0x3F, 0x00, 0x00, 
    0xF0, 0x3E, 0x00, 0x00, 0x03, 0x00, 0x03, 0x00, 0x00, 0x00, 0x00, 0x00, 0x57, 0x3F, 0x00, 0x00, 0x80, 0x3E, 0x00, 0x00, 0x5C, 0x3F, 0x00, 0x00, 0xF0, 0x3E, 0x00, 0x00, 0x05, 0x00, 0x05, 0x00, 
    0x00, 0x00, 0x00, 0x00, 0x5D, 0x3F, 0x00, 0x00, 0x80, 0x3E, 0x00, 0x00, 0x63, 0x3F, 0x00, 0x00, 0xF0, 0x3E, 0x00, 0x00, 0x06, 0x00, 0x05, 0x00, 0x00, 0x00, 0x00, 0x00, 0x64, 0x3F, 0x00, 0x00, 
    0x80, 0x3E, 0x00, 0x00, 0x67, 0x3F, 0x00, 0x00, 0xF0, 0x3E, 0x00, 0x00, 0x03, 0x00, 0x04, 0x00, 0x00, 0x00, 0x00, 0x00, 0x68, 0x3F, 0x00, 0x00, 0x80, 0x3E, 0x00, 0x00, 0x6E, 0x3F, 0x00, 0x00, 
    0xF0, 0x3E, 0x00, 0x00, 0x06, 0x00, 0x07, 0x00, 0x00, 0x00, 0x00, 0x00, 0x6F, 0x3F, 0x00, 0x00, 0x80, 0x3E, 0x00, 0x00, 0x76, 0x3F, 0x00, 0x00, 0xF0, 0x3E, 0x00, 0x00, 0x07, 0x00, 0x07, 0x00, 
    0x00, 0x00, 0x00, 0x00, 0x77, 0x3F, 0x00, 0x00, 0x80, 0x3E, 0x00, 0x00, 0x7D, 0x3F, 0x00, 0x00, 0xF0, 0x3E, 0x00, 0x00, 0x06, 0x00, 0x06, 0x00, 0x00, 0x00, 0x00, 0x00, 0x80, 0x3B, 0x00, 0x00, 
    0xF8, 0x3E, 0x00, 0x00, 0xE0, 0x3C, 0x00, 0x00, 0x34, 0x3F, 0x00, 0x00, 0x06, 0x00, 0x07, 0x00, 0x00, 0x00, 0x00, 0x00, 0x00, 0x3D, 0x00, 0x00, 0xF8, 0x3E, 0x00, 0x00, 0x60, 0x3D, 0x00, 0x00, 
    0x34, 0x3F, 0x00, 0x00, 0x06, 0x00, 0x06, 0x00, 0x00, 0x00, 0x00, 0x00, 0x70, 0x3D, 0x00, 0x00, 0xF8, 0x3E, 0x00, 0x00, 0xA0, 0x3D, 0x00, 0x00, 0x34, 0x3F, 0x00, 0x00, 0x05, 0x00, 0x04, 0x00, 
    0x00, 0x00, 0x00, 0x00, 0xA8, 0x3D, 0x00, 0x00, 0xF8, 0x3E, 0x00, 0x00, 0xD8, 0x3D, 0x00, 0x00, 0x34, 0x3F, 0x00, 0x00, 0x06, 0x00, 0x07, 0x00, 0x00, 0x00, 0x00, 0x00, 0xE0, 0x3D, 0x00, 0x00, 
    0xF8, 0x3E, 0x00, 0x00, 0x08, 0x3E, 0x00, 0x00, 0x34, 0x3F, 0x00, 0x00, 0x06, 0x00, 0x07, 0x00, 0x00, 0x00, 0x00, 0x00, 0x10, 0x3E, 0x00, 0x00, 0xF8, 0x3E, 0x00, 0x00, 0x18, 0x3E, 0x00, 0x00, 
    0x34, 0x3F, 0x01, 0x00, 0x02, 0x00, 0x02, 0x00, 0x00, 0x00, 0x00, 0x00, 0x1C, 0x3E, 0x00, 0x00, 0xF8, 0x3E, 0x00, 0x00, 0x2C, 0x3E, 0x00, 0x00, 0x34, 0x3F, 0xFF, 0xFF, 0x04, 0x00, 0x04, 0x00, 
    0x00, 0x00, 0x00, 0x00, 0x30, 0x3E, 0x00, 0x00, 0xF8, 0x3E, 0x00, 0x00, 0x48, 0x3E, 0x00, 0x00, 0x34, 0x3F, 0x00, 0x00, 0x06, 0x00, 0x06, 0x00, 0x00, 0x00, 0x00, 0x00, 0x50, 0x3E, 0x00, 0x00, 
    0xF8, 0x3E, 0x00, 0x00, 0x58, 0x3E, 0x00, 0x00, 0x34, 0x3F, 0x01, 0x00, 0x02, 0x00, 0x02, 0x00, 0x00, 0x00, 0x00, 0x00, 0x5C, 0x3E, 0x00, 0x00, 0xF8, 0x3E, 0x00, 0x00, 0x82, 0x3E, 0x00, 0x00, 
    0x34, 0x3F, 0x00, 0x00, 0x0A, 0x00, 0x0A, 0x00, 0x00, 0x00, 0x00, 0x00, 0x84, 0x3E, 0x00, 0x00, 0xF8, 0x3E, 0x00, 0x00, 0x90, 0x3E, 0x00, 0x00, 0x34, 0x3F, 0x00, 0x00, 0x06, 0x00, 0x07, 0x00, 
    0x00, 0x00, 0x00, 0x00, 0x92, 0x3E, 0x00, 0x00, 0xF8, 0x3E, 0x00, 0x00, 0xA0, 0x3E, 0x00, 0x00, 0x34, 0x3F, 0x00, 0x00, 0x07, 0x00, 0x07, 0x00, 0x00, 0x00, 0x00, 0x00, 0xA2, 0x3E, 0x00, 0x00, 
    0xF8, 0x3E, 0x00, 0x00, 0xB0, 0x3E, 0x00, 0x00, 0x34, 0x3F, 0x00, 0x00, 0x07, 0x00, 0x07, 0x00, 0x00, 0x00, 0x00, 0x00, 0xB2, 0x3E, 0x00, 0x00, 0xF8, 0x3E, 0x00, 0x00, 0xBE, 0x3E, 0x00, 0x00, 
    0x34, 0x3F, 0x00, 0x00, 0x06, 0x00, 0x07, 0x00, 0x00, 0x00, 0x00, 0x00, 0xC0, 0x3E, 0x00, 0x00, 0xF8, 0x3E, 0x00, 0x00, 0xC8, 0x3E, 0x00, 0x00, 0x34, 0x3F, 0x00, 0x00, 0x04, 0x00, 0x04, 0x00, 
    0x00, 0x00, 0x00, 0x00, 0xCA, 0x3E, 0x00, 0x00, 0xF8, 0x3E, 0x00, 0x00, 0xD6, 0x3E, 0x00, 0x00, 0x34, 0x3F, 0x00, 0x00, 0x06, 0x00, 0x06, 0x00, 0x00, 0x00, 0x00, 0x00, 0xD8, 0x3E, 0x00, 0x00, 
    0xF8, 0x3E, 0x00, 0x00, 0xE0, 0x3E, 0x00, 0x00, 0x34, 0x3F, 0x00, 0x00, 0x04, 0x00, 0x04, 0x00, 0x00, 0x00, 0x00, 0x00, 0xE2, 0x3E, 0x00, 0x00, 0xF8, 0x3E, 0x00, 0x00, 0xEE, 0x3E, 0x00, 0x00, 
    0x34, 0x3F, 0x00, 0x00, 0x06, 0x00, 0x07, 0x00, 0x00, 0x00, 0x00, 0x00, 0xF0, 0x3E, 0x00, 0x00, 0xF8, 0x3E, 0x00, 0x00, 0xFC, 0x3E, 0x00, 0x00, 0x34, 0x3F, 0x00, 0x00, 0x06, 0x00, 0x06, 0x00, 
    0x00, 0x00, 0x00, 0x00, 0xFE, 0x3E, 0x00, 0x00, 0xF8, 0x3E, 0x00, 0x00, 0x08, 0x3F, 0x00, 0x00, 0x34, 0x3F, 0x00, 0x00, 0x09, 0x00, 0x09, 0x00, 0x00, 0x00, 0x00, 0x00, 0x09, 0x3F, 0x00, 0x00, 
    0xF8, 0x3E, 0x00, 0x00, 0x0F, 0x3F, 0x00, 0x00, 0x34, 0x3F, 0x00, 0x00, 0x06, 0x00, 0x06, 0x00, 0x00, 0x00, 0x00, 0x00, 0x10, 0x3F, 0x00, 0x00, 0xF8, 0x3E, 0x00, 0x00, 0x16, 0x3F, 0x00, 0x00, 
    0x34, 0x3F, 0x00, 0x00, 0x06, 0x00, 0x06, 0x00, 0x00, 0x00, 0x00, 0x00, 0x17, 0x3F, 0x00, 0x00, 0xF8, 0x3E, 0x00, 0x00, 0x1D, 0x3F, 0x00, 0x00, 0x34, 0x3F, 0x00, 0x00, 0x06, 0x00, 0x06, 0x00, 
    0x00, 0x00, 0x00, 0x00, 0x1E, 0x3F, 0x00, 0x00, 0xF8, 0x3E, 0x00, 0x00, 0x22, 0x3F, 0x00, 0x00, 0x34, 0x3F, 0x00, 0x00, 0x04, 0x00, 0x04, 0x00, 0x00, 0x00, 0x00, 0x00, 0x23, 0x3F, 0x00, 0x00, 
    0xF8, 0x3E, 0x00, 0x00, 0x25, 0x3F, 0x00, 0x00, 0x34, 0x3F, 0x00, 0x00, 0x02, 0x00, 0x03, 0x00, 0x00, 0x00, 0x00, 0x00, 0x26, 0x3F, 0x00, 0x00, 0xF8, 0x3E, 0x00, 0x00, 0x2A, 0x3F, 0x00, 0x00, 
    0x34, 0x3F, 0x00, 0x00, 0x04, 0x00, 0x04, 0x00, 0x00, 0x00, 0x00, 0x00, 0x2B, 0x3F, 0x00, 0x00, 0xF8, 0x3E, 0x00, 0x00, 0x33, 0x3F, 0x00, 0x00, 0x34, 0x3F, 0x00, 0x00, 0x08, 0x00, 0x08, 0x00, 
    0x00, 0x00, 0x00, 0x00, 0x34, 0x3F, 0x00, 0x00, 0xF8, 0x3E, 0x00, 0x00, 0x35, 0x3F, 0x00, 0x00, 0x34, 0x3F, 0x00, 0x00, 0x01, 0x00, 0x03, 0x00, 0x00, 0x00, 0xFF, 0xFF, 0xFF, 0xFF, 0xAD, 0xAD, 
    0xAD, 0xAD, 0xAD, 0xAD, 0xAD, 0xAD, 0xAD, 0xAD, 0xAD, 0xAD, 0xAD, 0xAD, 0xAD, 0xAD, 0xAD, 0xAD, 0xAD, 0xAD, 0xAD, 0xAD, 0xAD, 0xAD, 0xAD, 0xAD, 0xAD, 0xAD, 0xAD, 0xAD, 0xAD, 0xAD, 0xAD, 0xAD, 
    0xAD, 0xAD, 0xAD, 0xAD, 0xAD, 0xAD, 0xAD, 0xAD, 0xAD, 0xAD, 0xAD, 0xAD, 0xAD, 0xAD, 0xAD, 0xAD, 0xAD, 0xAD, 0xAD, 0xAD, 0xAD, 0xAD, 0xAD, 0xAD, 0xAD, 0xAD, 0xAD, 0xAD, 0xAD, 0xAD, 0xAD, 0xAD, 
    0xAD, 0xAD, 0xAD, 0xAD, 0xAD, 0xAD, 0xAD, 0xAD, 0xAD, 0xAD, 0xAD, 0xAD, 0xAD, 0xAD, 0xAD, 0xAD, 0xAD, 0xAD, 0xAD, 0xAD, 0xAD, 0xAD, 0xAD, 0xAD, 0xAD, 0xAD, 0xAD, 0xAD, 0xAD, 0xAD, 0xAD, 0xAD, 
    0xAD, 0xAD, 0xAD, 0xAD, 0xAD, 0xAD, 0xAD, 0xAD, 0xAD, 0xAD, 0xAD, 0xAD, 0xAD, 0xAD, 0xAD, 0xAD, 0xAD, 0xAD, 0xAD, 0xAD, 0xAD, 0xAD, 0xAD, 0xAD, 0xAD, 0xAD, 0xAD, 0xAD, 0xAD, 0xAD, 0xAD, 0xAD, 
    0xAD, 0xAD, 0xAD, 0xAD, 0xAD, 0xAD, 0xAD, 0xAD, 0xAD, 0xAD, 0xAD, 0xAD, 0xAD, 0xAD, 0xAD, 0xAD, 0xAD, 0xAD, 0xAD, 0xAD, 0xAD, 0xAD, 0xAD, 0xAD, 0xAD, 0xAD, 0xAD, 0xAD, 0xAD, 0xAD, 0xAD, 0xAD, 
    0xAD, 0xAD, 0xAD, 0xAD, 0xAD, 0xAD, 0xAD, 0xAD, 0xAD, 0xAD, 0xAD, 0xAD, 0xAD, 0xAD, 0xAD, 0xAD, 0xAD, 0xAD, 0xAD, 0xAD, 0xAD, 0xAD, 0xAD, 0xAD, 0xAD, 0xAD, 0xAD, 0xAD, 0xAD, 0xAD, 0xAD, 0xAD, 
    0xAD, 0xAD, 0xAD, 0xAD, 0xAD, 0xAD, 0xAD, 0xAD, 0xAD, 0xAD, 0xAD, 0xAD, 0xAD, 0xAD, 0xAD, 0xAD, 0xAD, 0xAD, 0xAD, 0xAD, 0xAD, 0xAD, 0xAD, 0xAD, 0xAD, 0xAD, 0xAD, 0xAD, 0xAD, 0xAD, 0xAD, 0xAD, 
    0xAD, 0xAD, 0xAD, 0xAD, 0xAD, 0xAD, 0xAD, 0xAD, 0xAD, 0xAD, 0xAD, 0xAD, 0xAD, 0xAD, 0xAD, 0xAD, 0xAD, 0xAD, 0xAD, 0xAD, 0xAD, 0xAD, 0xAD, 0xAD, 0xAD, 0xAD, 0xAD, 0xAD, 0xAD, 0xAD, 0xAD, 0xAD, 
    0xAD, 0xAD, 0xAD, 0xAD, 0xAD, 0xAD, 0xAD, 0xAD, 0xAD, 0xAD, 0xAD, 0xAD, 0xAD, 0xAD, 0xAD, 0xAD, 0xAD, 0xAD, 0xAD, 0xAD, 0xAD, 0xAD, 0xAD, 0xAD, 0xAD, 0xAD, 0xAD, 0xAD, 0xAD, 0xAD, 0xAD, 0xAD, 
    0xAD, 0xAD, 0xAD, 0xAD, 0xAD, 0xAD, 0xAD, 0xAD, 0xAD, 0xAD, 0xAD, 0xAD, 0xAD, 0xAD, 0xAD, 0xAD, 0xAD, 0xAD, 0xAD, 0xAD, 0xAD, 0xAD, 0xAD, 0xAD, 0xAD, 0xAD, 0xAD, 0xAD, 0xAD, 0xAD, 0xAD, 0xAD, 
    0xAD, 0xAD, 0xAD, 0xAD, 0xAD, 0xAD, 0xAD, 0xAD, 0xAD, 0xAD, 0xAD, 0xAD, 0xAD, 0xAD, 0xAD, 0xAD, 0xAD, 0xAD, 0xAD, 0xAD, 0xAD, 0xAD, 0xAD, 0xAD, 0xAD, 0xAD, 0xAD, 0xAD, 0xAD, 0xAD, 0xAD, 0xAD, 
    0xAD, 0xAD, 0xAD, 0xAD, 0xAD, 0xAD, 0xAD, 0xAD, 0xAD, 0xAD, 0xAD, 0xAD, 0xAD, 0xAD, 0xAD, 0xAD, 0xAD, 0xAD, 0xAD, 0xAD, 0xAD, 0xAD, 0xAD, 0xAD, 0xAD, 0xAD, 0xAD, 0xAD, 0xAD, 0xAD, 0xAD, 0xAD, 
    0xAD, 0xAD, 0xAD, 0xAD, 0xAD, 0xAD, 0xAD, 0xAD, 0xAD, 0xAD, 0xAD, 0xAD, 0xAD, 0xAD, 0xAD, 0xAD, 0xAD, 0xAD, 0xAD, 0xAD, 0xAD, 0xAD, 0xAD, 0xAD, 0xAD, 0xAD, 0xAD, 0xAD, 0xAD, 0xAD, 0xAD, 0xAD, 
    0xAD, 0xAD, 0xAD, 0xAD, 0xAD, 0xAD, 0xAD, 0xAD, 0xAD, 0xAD, 0xAD, 0xAD, 0xAD, 0xAD, 0xAD, 0xAD, 0xAD, 0xAD, 0xAD, 0xAD, 0xAD, 0xAD, 0xAD, 0xAD, 0xAD, 0xAD, 0xAD, 0xAD, 0xAD, 0xAD, 0xAD, 0xAD, 
    0xAD, 0xAD, 0xAD, 0xAD, 0xAD, 0xAD, 0xAD, 0xAD, 0xAD, 0xAD, 0xAD, 0xAD, 0xAD, 0xAD, 0xAD, 0xAD, 0xAD, 0xAD, 0xAD, 0xAD, 0xAD, 0xAD, 0xAD, 0xAD, 0xAD, 0xAD, 0xAD, 0xAD, 0xAD, 0xAD, 0xAD, 0xAD, 
    0xAD, 0xAD, 0xAD, 0xAD, 0xAD, 0xAD, 0xAD, 0xAD, 0xAD, 0xAD, 0xAD, 0xAD, 0xAD, 0xAD, 0xAD, 0xAD, 0xAD, 0xAD, 0xAD, 0xAD, 0xAD, 0xAD, 0xAD, 0xAD, 0xAD, 0xAD, 0xAD, 0xAD, 0xAD, 0xAD, 0xAD, 0xAD, 
    0xAD, 0xAD, 0xAD, 0xAD, 0xAD, 0xAD, 0xAD, 0xAD, 0xAD, 0xAD, 0xAD, 0xAD, 0xAD, 0xAD, 0xAD, 0xAD, 0xAD, 0xAD, 0xAD, 0xAD, 0xAD, 0xAD, 0xAD, 0xAD, 0xAD, 0xAD, 0xAD, 0xAD, 0xAD, 0xAD, 0xAD, 0xAD, 
    0xAD, 0xAD, 0xAD, 0xAD, 0xAD, 0xAD, 0xAD, 0xAD, 0xAD, 0xAD, 0xAD, 0xAD, 0xAD, 0xAD, 0xAD, 0xAD, 0xAD, 0xAD, 0xAD, 0xAD, 0xAD, 0xAD, 0xAD, 0xAD, 0xAD, 0xAD, 0xAD, 0xAD, 0xAD, 0xAD, 0xAD, 0xAD, 
    0xAD, 0xAD, 0xAD, 0xAD, 0xAD, 0xAD, 0xAD, 0xAD, 0xAD, 0xAD, 0xAD, 0xAD, 0xAD, 0xAD, 0xAD, 0xAD, 0xAD, 0xAD, 0xAD, 0xAD, 0xAD, 0xAD, 0xAD, 0xAD, 0xAD, 0xAD, 0xAD, 0xAD, 0xAD, 0xAD, 0xAD, 0xAD, 
    0xAD, 0xAD, 0xAD, 0xAD, 0xAD, 0xAD, 0xAD, 0xAD, 0xAD, 0xAD, 0xAD, 0xAD, 0xAD, 0xAD, 0xAD, 0xAD, 0xAD, 0xAD, 0xAD, 0xAD, 0xAD, 0xAD, 0xAD, 0xAD, 0xAD, 0xAD, 0xAD, 0xAD, 0xAD, 0xAD, 0xAD, 0xAD, 
    0xAD, 0xAD, 0xAD, 0xAD, 0xAD, 0xAD, 0xAD, 0xAD, 0xAD, 0xAD, 0xAD, 0xAD, 0xAD, 0xAD, 0xAD, 0xAD, 0xAD, 0xAD, 0xAD, 0xAD, 0xAD, 0xAD, 0xAD, 0xAD, 0xAD, 0xAD, 0xAD, 0xAD, 0xAD, 0xAD, 0xAD, 0xAD, 
    0xAD, 0xAD, 0xAD, 0xAD, 0xAD, 0xAD, 0xAD, 0xAD, 0xAD, 0xAD, 0xAD, 0xAD, 0xAD, 0xAD, 0xAD, 0xAD, 0xAD, 0xAD, 0xAD, 0xAD, 0xAD, 0xAD, 0xAD, 0xAD, 0xAD, 0xAD, 0xAD, 0xAD, 0xAD, 0xAD, 0xAD, 0xAD, 
    0xAD, 0xAD, 0xAD, 0xAD, 0xAD, 0xAD, 0xAD, 0xAD, 0xAD, 0xAD, 0xAD, 0xAD, 0xAD, 0xAD, 0xAD, 0xAD, 0xAD, 0xAD, 0xAD, 0xAD, 0xAD, 0xAD, 0xAD, 0xAD, 0xAD, 0xAD, 0xAD, 0xAD, 0xAD, 0xAD, 0xAD, 0xAD, 
    0xAD, 0xAD, 0xAD, 0xAD, 0xAD, 0xAD, 0xAD, 0xAD, 0xAD, 0xAD, 0xAD, 0xAD, 0xAD, 0xAD, 0xAD, 0xAD, 0xAD, 0xAD, 0xAD, 0xAD, 0xAD, 0xAD, 0xAD, 0xAD, 0xAD, 0xAD, 0xAD, 0xAD, 0xAD, 0xAD, 0xAD, 0xAD, 
    0xAD, 0xAD, 0xAD, 0xAD, 0xAD, 0xAD, 0xAD, 0xAD, 0xAD, 0xAD, 0xAD, 0xAD, 0xAD, 0xAD, 0xAD, 0xAD, 0xAD, 0xAD, 0xAD, 0xAD, 0xAD, 0xAD, 0xAD, 0xAD, 0xAD, 0xAD, 0xAD, 0xAD, 0xAD, 0xAD, 0xAD, 0xAD, 
    0xAD, 0xAD, 0xAD, 0xAD, 0xAD, 0xAD, 0xAD, 0xAD, 0xAD, 0xAD, 0xAD, 0xAD, 0xAD, 0xAD, 0xAD, 0xAD, 0xAD, 0xAD, 0xAD, 0xAD, 0xAD, 0xAD, 0xAD, 0xAD, 0xAD, 0xAD, 0xAD, 0xAD, 0xAD, 0xAD, 0xAD, 0xAD, 
    0xAD, 0xAD, 0xAD, 0xAD, 0xAD, 0xAD, 0xAD, 0xAD, 0xAD, 0xAD, 0xAD, 0xAD, 0xAD, 0xAD, 0xAD, 0xAD, 0xAD, 0xAD, 0xAD, 0xAD, 0xAD, 0xAD, 0xAD, 0xAD, 0xAD, 0xAD, 0xAD, 0xAD, 0xAD, 0xAD, 0xAD, 0xAD, 
    0xAD, 0xAD, 0xAD, 0xAD, 0xAD, 0xAD, 0xAD, 0xAD, 0xAD, 0xAD, 0xAD, 0xAD, 0xAD, 0xAD, 0xAD, 0xAD, 0xAD, 0xAD, 0xAD, 0xAD, 0xAD, 0xAD, 0xAD, 0xAD, 0xAD, 0xAD, 0xAD, 0xAD, 0xAD, 0xAD, 0xAD, 0xAD, 
    0xAD, 0xAD, 0xAD, 0xAD, 0xAD, 0xAD, 0xAD, 0xAD, 0xAD, 0xAD, 0xAD, 0xAD, 0xAD, 0xAD, 0xAD, 0xAD, 0xAD, 0xAD, 0xAD, 0xAD, 0xAD, 0xAD, 0xAD, 0xAD, 0xAD, 0xAD, 0xAD, 0xAD, 0xAD, 0xAD, 0xAD, 0xAD, 
    0xAD, 0xAD, 0xAD, 0xAD, 0xAD, 0xAD, 0xAD, 0xAD, 0xAD, 0xAD, 0xAD, 0xAD, 0xAD, 0xAD, 0xAD, 0xAD, 0xAD, 0xAD, 0xAD, 0xAD, 0xAD, 0xAD, 0xAD, 0xAD, 0xAD, 0xAD, 0xAD, 0xAD, 0xAD, 0xAD, 0xAD, 0xAD, 
    0xAD, 0xAD, 0xAD, 0xAD, 0xAD, 0xAD, 0xAD, 0xAD, 0xAD, 0xAD, 0xAD, 0xAD, 0xAD, 0xAD, 0xAD, 0xAD, 0xAD, 0xAD, 0xAD, 0xAD, 0xAD, 0xAD, 0xAD, 0xAD, 0xAD, 0xAD, 0xAD, 0xAD, 0xAD, 0xAD, 0xAD, 0xAD, 
    0xAD, 0xAD, 0xAD, 0xAD, 0xAD, 0xAD, 0xAD, 0xAD, 0xAD, 0xAD, 0xAD, 0xAD, 0xAD, 0xAD, 0xAD, 0xAD, 0xAD, 0xAD, 0xAD, 0xAD, 0xAD, 0xAD, 0xAD, 0xAD, 0xAD, 0xAD, 0xAD, 0xAD, 0xAD, 0xAD, 0xAD, 0xAD, 
    0xAD, 0xAD, 0xAD, 0xAD, 0xAD, 0xAD, 0xAD, 0xAD, 0xAD, 0xAD, 0xAD, 0xAD, 0xAD, 0xAD, 0xAD, 0xAD, 0xAD, 0xAD, 0xAD, 0xAD, 0xAD, 0xAD, 0xAD, 0xAD, 0xAD, 0xAD, 0xAD, 0xAD, 0xAD, 0xAD, 0xAD, 0xAD, 
    0xAD, 0xAD, 0xAD, 0xAD, 0xAD, 0xAD, 0xAD, 0xAD, 0xAD, 0xAD, 0xAD, 0xAD, 0xAD, 0xAD, 0xAD, 0xAD, 0xAD, 0xAD, 0xAD, 0xAD, 0xAD, 0xAD, 0xAD, 0xAD, 0xAD, 0xAD, 0xAD, 0xAD, 0xAD, 0xAD, 0xAD, 0xAD, 
    0xAD, 0xAD, 0xAD, 0xAD, 0xAD, 0xAD, 0xAD, 0xAD, 0xAD, 0xAD, 0xAD, 0xAD, 0xAD, 0xAD, 0xAD, 0xAD, 0xAD, 0xAD, 0xAD, 0xAD, 0xAD, 0xAD, 0xAD, 0xAD, 0xAD, 0xAD, 0xAD, 0xAD, 0xAD, 0xAD, 0xAD, 0xAD, 
    0xAD, 0xAD, 0xAD, 0xAD, 0xAD, 0xAD, 0xAD, 0xAD, 0xAD, 0xAD, 0xAD, 0xAD, 0xAD, 0xAD, 0xAD, 0xAD, 0xAD, 0xAD, 0xAD, 0xAD, 0xAD, 0xAD, 0xAD, 0xAD, 0xAD, 0xAD, 0xAD, 0xAD, 0xAD, 0xAD, 0xAD, 0xAD, 
    0xAD, 0xAD, 0xAD, 0xAD, 0xAD, 0xAD, 0xAD, 0xAD, 0xAD, 0xAD, 0xAD, 0xAD, 0xAD, 0xAD, 0xAD, 0xAD, 0xAD, 0xAD, 0xAD, 0xAD, 0xAD, 0xAD, 0xAD, 0xAD, 0xAD, 0xAD, 0xAD, 0xAD, 0xAD, 0xAD, 0xAD, 0xAD, 
    0xAD, 0xAD, 0xAD, 0xAD, 0xAD, 0xAD, 0xAD, 0xAD, 0xAD, 0xAD, 0xAD, 0xAD, 0xAD, 0xAD, 0xAD, 0xAD, 0xAD, 0xAD, 0xAD, 0xAD, 0xAD, 0xAD, 0xAD, 0xAD, 0xAD, 0xAD, 0xAD, 0xAD, 0xAD, 0xAD, 0xAD, 0xAD, 
    0xAD, 0xAD, 0xAD, 0xAD, 0xAD, 0xAD, 0xAD, 0xAD, 0xAD, 0xAD, 0xAD, 0xAD, 0xAD, 0xAD, 0xAD, 0xAD, 0xAD, 0xAD, 0xAD, 0xAD, 0xAD, 0xAD, 0xAD, 0xAD, 0xAD, 0xAD, 0xAD, 0xAD, 0xAD, 0xAD, 0xAD, 0xAD, 
    0xAD, 0xAD, 0xAD, 0xAD, 0xAD, 0xAD, 0xAD, 0xAD, 0xAD, 0xAD, 0xAD, 0xAD, 0xAD, 0xAD, 0xAD, 0xAD, 0xAD, 0xAD, 0xAD, 0xAD, 0xAD, 0xAD, 0xAD, 0xAD, 0xAD, 0xAD, 0xAD, 0xAD, 0xAD, 0xAD, 0xAD, 0xAD, 
    0xAD, 0xAD, 0xAD, 0xAD, 0xAD, 0xAD, 0xAD, 0xAD, 0xAD, 0xAD, 0xAD, 0xAD, 0xAD, 0xAD, 0xAD, 0xAD, 0xAD, 0xAD, 0xAD, 0xAD, 0xAD, 0xAD, 0xAD, 0xAD, 0xAD, 0xAD, 0xAD, 0xAD, 0xAD, 0xAD, 0xAD, 0xAD, 
    0xAD, 0xAD, 0xAD, 0xAD, 0xAD, 0xAD, 0xAD, 0xAD, 0xAD, 0xAD, 0xAD, 0xAD, 0xAD, 0xAD, 0xAD, 0xAD, 0xAD, 0xAD, 0xAD, 0xAD, 0xAD, 0xAD, 0xAD, 0xAD, 0xAD, 0xAD, 0xAD, 0xAD, 0xAD, 0xAD, 0xAD, 0xAD, 
    0xAD, 0xAD, 0xAD, 0xAD, 0xAD, 0xAD, 0xAD, 0xAD, 0xAD, 0xAD, 0xAD, 0xAD, 0xAD, 0xAD, 0xAD, 0xAD, 0xAD, 0xAD, 0xAD, 0xAD, 0xAD, 0xAD, 0xAD, 0xAD, 0xAD, 0xAD, 0xAD, 0xAD, 0xAD, 0xAD, 0xAD, 0xAD, 
    0xAD, 0xAD, 0xAD, 0xAD, 0xAD, 0xAD, 0xAD, 0xAD, 0xAD, 0xAD, 0xAD, 0xAD, 0xAD, 0xAD, 0xAD, 0xAD, 0xAD, 0xAD, 0xAD, 0xAD, 0xAD, 0xAD, 0xAD, 0xAD, 0xAD, 0xAD, 0xAD, 0xAD, 0xAD, 0xAD, 0xAD, 0xAD, 
    0xAD, 0xAD, 0xAD, 0xAD, 0xAD, 0xAD, 0xAD, 0xAD, 0xAD, 0xAD, 0xAD, 0xAD, 0xAD, 0xAD, 0xAD, 0xAD, 0xAD, 0xAD, 0xAD, 0xAD, 0xAD, 0xAD, 0xAD, 0xAD, 0xAD, 0xAD, 0xAD, 0xAD, 0xAD, 0xAD, 0xAD, 0xAD, 
    0xFF, 0x0F, 0xFF, 0x0F, 0xFF, 0x0F, 0xFF, 0x0F, 0xFF, 0x0F, 0xFF, 0x0F, 0xFF, 0x0F, 0xFF, 0x0F, 0xFF, 0x0F, 0xFF, 0x0F, 0xFF, 0x0F, 0xFF, 0x0F, 0xFF, 0x0F, 0xFF, 0x0F, 0xFF, 0x0F, 0xFF, 0x0F, 
    0xFF, 0x0F, 0xFF, 0x0F, 0xFF, 0x0F, 0xFF, 0x0F, 0xFF, 0x0F, 0xFF, 0x0F, 0xFF, 0x0F, 0xFF, 0x0F, 0xFF, 0x0F, 0xFF, 0x0F, 0xFF, 0x0F, 0xFF, 0x0F, 0xFF, 0x0F, 0xFF, 0x0F, 0xFF, 0x0F, 0x88, 0x08, 
    0xFF, 0x0F, 0xFF, 0x0F, 0xFF, 0x0F, 0xFF, 0x0F, 0xFF, 0x0F, 0xFF, 0x0F, 0xFF, 0x0F, 0xFF, 0x0F, 0xFF, 0x0F, 0xFF, 0x0F, 0xFF, 0x0F, 0xFF, 0x0F, 0xFF, 0x0F, 0xFF, 0x0F, 0xFF, 0x0F, 0xFF, 0x0F, 
    0xFF, 0x0F, 0xFF, 0x0F, 0xFF, 0x0F, 0xFF, 0x0F, 0xFF, 0x0F, 0x88, 0x08, 0xFF, 0x0F, 0x88, 0x08, 0xFF, 0x0F, 0xFF, 0x0F, 0xFF, 0x0F, 0xFF, 0x0F, 0xFF, 0x0F, 0x88, 0x08, 0xFF, 0x0F, 0x88, 0x08, 
    0xFF, 0x0F, 0xFF, 0x0F, 0xFF, 0x0F, 0xFF, 0x0F, 0xFF, 0x0F, 0xFF, 0x0F, 0xFF, 0x0F, 0xFF, 0x0F, 0xFF, 0x0F, 0xFF, 0x0F, 0xDD, 0xAD, 0xFF, 0x7F, 0xFF, 0x0F, 0xFF, 0x0F, 0xFF, 0x0F, 0x66, 0x16, 
    0xFF, 0x0F, 0xFF, 0x0F, 0xFF, 0x0F, 0xFF, 0x0F, 0xFF, 0x0F, 0xFF, 0x0F, 0xFF, 0x0F, 0xFF, 0x0F, 0xFF, 0x0F, 0xFF, 0x0F, 0xEE, 0xEE, 0xCC, 0x5C, 0xFF, 0x0F, 0xFF, 0x0F, 0xEE, 0xEE, 0xFF, 0x0F, 
    0xDD, 0xAD, 0xFF, 0x7F, 0xDD, 0xAD, 0xFF, 0x7F, 0xFF, 0x0F, 0x66, 0x16, 0xFF, 0x0F, 0x66, 0x16, 0xDD, 0xAD, 0xFF, 0x7F, 0xDD, 0xAD, 0xFF, 0x7F, 0xFF, 0x0F, 0xFF, 0x0F, 0xFF, 0x0F, 0xFF, 0x0F, 
    0xEE, 0xEE, 0xCC, 0x5C, 0xEE, 0xBE, 0xBB, 0x3B, 0xEE, 0xEE, 0xFF, 0x0F, 0xFF, 0x9F, 0xFF, 0x0F, 0xFF, 0x0F, 0xFF, 0x0F, 0xFF, 0x0F, 0xFF, 0x0F, 0xFF, 0x0F, 0xFF, 0x0F, 0xFF, 0x0F, 0xFF, 0x0F, 
    0xFF, 0x0F, 0xFF, 0x0F, 0xFF, 0x0F, 0xFF, 0x0F, 0xFF, 0x0F, 0xFF, 0x0F, 0xFF, 0x0F, 0xFF, 0x0F, 0xFF, 0x0F, 0xFF, 0x0F, 0xFF, 0x0F, 0xFF, 0x0F, 0xFF, 0x0F, 0xFF, 0x0F, 0xFF, 0x0F, 0xFF, 0x0F, 
    0xFF, 0x0F, 0xFF, 0x0F, 0xFF, 0x0F, 0xFF, 0x0F, 0xFF, 0x0F, 0x88, 0x08, 0xFF, 0x0F, 0xFF, 0x0F, 0xFF, 0x0F, 0xFF, 0x0F, 0xFF, 0x0F, 0xFF, 0x0F, 0xFF, 0x0F, 0xFF, 0x0F, 0xFF, 0x0F, 0x88, 0x08, 
    0xFF, 0x0F, 0xFF, 0x0F, 0xFF, 0x0F, 0xFF, 0x0F, 0xFF, 0x0F, 0xFF, 0x0F, 0xFF, 0x0F, 0xFF, 0x0F, 0xFF, 0x0F, 0xFF, 0x0F, 0xFF, 0x0F, 0xFF, 0x0F, 0xFF, 0x0F, 0xFF, 0x0F, 0xFF, 0x0F, 0xFF, 0x0F, 
    0xFF, 0x0F, 0xFF, 0x0F, 0xFF, 0x0F, 0xFF, 0x0F, 0xFF, 0x0F, 0xFF, 0x0F, 0xFF, 0x0F, 0xFF, 0x0F, 0xFF, 0x0F, 0xFF, 0x0F, 0xFF, 0x0F, 0xFF, 0x0F, 0xFF, 0x0F, 0xFF, 0x0F, 0xFF, 0x0F, 0xFF, 0x0F, 
    0xDD, 0xAD, 0xFF, 0x7F, 0xFF, 0x0F, 0xFF, 0x0F, 0xFF, 0x0F, 0xFF, 0x0F, 0xFF, 0x0F, 0xFF, 0x0F, 0xFF, 0x0F, 0xFF, 0x0F, 0xDD, 0xAD, 0xFF, 0x7F, 0xFF, 0x0F, 0xFF, 0x0F, 0xFF, 0x0F, 0xFF, 0x0F, 
    0xFF, 0x0F, 0xFF, 0x0F, 0xFF, 0x0F, 0xFF, 0x0F, 0xFF, 0x0F, 0xFF, 0x0F, 0xFF, 0x0F, 0xFF, 0x0F, 0xFF, 0x0F, 0xFF, 0x0F, 0xFF, 0x0F, 0xFF, 0x0F, 0xFF, 0x0F, 0xFF, 0x0F, 0xFF, 0x0F, 0xFF, 0x0F, 
    0xFF, 0x0F, 0xFF, 0x0F, 0xFF, 0x0F, 0xFF, 0x0F, 0xFF, 0x0F, 0xFF, 0x0F, 0xFF, 0x0F, 0xFF, 0x0F, 0xFF, 0x0F, 0xFF, 0x0F, 0xFF, 0x0F, 0xFF, 0x0F, 0xFF, 0x0F, 0xFF, 0x0F, 0xFF, 0x0F, 0xFF, 0x0F, 
    0xFF, 0x0F, 0xFF, 0x0F, 0xFF, 0x0F, 0xFF, 0x0F, 0xFF, 0x0F, 0xFF, 0x0F, 0xFF, 0x0F, 0xFF, 0x0F, 0xFF, 0x0F, 0xFF, 0x0F, 0xFF, 0x0F, 0xFF, 0x0F, 0xFF, 0x0F, 0xFF, 0x0F, 0xFF, 0x0F, 0xFF, 0x0F, 
    0xFF, 0x0F, 0xFF, 0x0F, 0xFF, 0x0F, 0xFF, 0x0F, 0xFF, 0x0F, 0xFF, 0x0F, 0xFF, 0x0F, 0xFF, 0x0F, 0xFF, 0x0F, 0xFF, 0x0F, 0xFF, 0x0F, 0xFF, 0x0F, 0xFF, 0x0F, 0xFF, 0x0F, 0x77, 0x17, 0xEE, 0xCE, 
    0xFF, 0x0F, 0xFF, 0x0F, 0xFF, 0x0F, 0xFF, 0x0F, 0xFF, 0x0F, 0xFF, 0x0F, 0xFF, 0x0F, 0xFF, 0x0F, 0xFF, 0x0F, 0xFF, 0x0F, 0xFF, 0x2F, 0xCC, 0x5C, 0xFF, 0x0F, 0xFF, 0x0F, 0xFF, 0x7F, 0xFF, 0x0F, 
    0xFF, 0x0F, 0xFF, 0x0F, 0x77, 0x17, 0xDD, 0xCD, 0x66, 0x16, 0xEE, 0xBE, 0xDD, 0xFD, 0xDD, 0xFD, 0xFF, 0x0F, 0xFF, 0x0F, 0xFF, 0x0F, 0xAA, 0x0A, 0xCC, 0x5C, 0xFF, 0x7F, 0xDD, 0x7D, 0xFF, 0x4F, 
    0x88, 0x08, 0xEE, 0x9E, 0xDD, 0xFD, 0xDD, 0xFD, 0xFF, 0x2F, 0xFF, 0x0F, 0xEE, 0xEE, 0xFF, 0x4F, 0x66, 0x16, 0xEE, 0xBE, 0xBB, 0x3B, 0xFF, 0x9F, 0xFF, 0x0F, 0xFF, 0x0F, 0xFF, 0x0F, 0xFF, 0x0F, 
    0xFF, 0x0F, 0xFF, 0x0F, 0xFF, 0x0F, 0xFF, 0x0F, 0xFF, 0x0F, 0xFF, 0x0F, 0xFF, 0x0F, 0xFF, 0x0F, 0xFF, 0x0F, 0xFF, 0x0F, 0xFF, 0x0F, 0x88, 0x08, 0xAA, 0x0A, 0xDD, 0x7D, 0xDD, 0xAD, 0xDD, 0xFD, 
    0xFF, 0x0F, 0xFF, 0x0F, 0xFF, 0x0F, 0xFF, 0x0F, 0xFF, 0x0F, 0xFF, 0x0F, 0xFF, 0x0F, 0xFF, 0x0F, 0xFF, 0x4F, 0xFF, 0x0F, 0xEE, 0xEE, 0xFF, 0x7F, 0xFF, 0x0F, 0xFF, 0x0F, 0xFF, 0x0F, 0xFF, 0x0F, 
    0xAA, 0x0A, 0xCC, 0x8C, 0x88, 0x08, 0xDD, 0xAD, 0xEE, 0xBE, 0xFF, 0x0F, 0xFF, 0x7F, 0xFF, 0x0F, 0xFF, 0x0F, 0xCC, 0x6C, 0xFF, 0x0F, 0xAA, 0x0A, 0xEE, 0xEE, 0xFF, 0x4F, 0xCC, 0x5C, 0xDD, 0xCD, 
    0xBB, 0x3B, 0xEE, 0xEE, 0xAA, 0x0A, 0xDD, 0x7D, 0xFF, 0x4F, 0xFF, 0x0F, 0xFF, 0x4F, 0xFF, 0x0F, 0xFF, 0x0F, 0xFF, 0x0F, 0xEE, 0xEE, 0xFF, 0x7F, 0xFF, 0x0F, 0xFF, 0x0F, 0xFF, 0x0F, 0xFF, 0x0F, 
    0xBB, 0x3B, 0xDD, 0xAD, 0xAA, 0x0A, 0xBB, 0x3B, 0xDD, 0xCD, 0xDD, 0xFD, 0xDD, 0xCD, 0xDD, 0xAD, 0xFF, 0x0F, 0x66, 0x16, 0xFF, 0x0F, 0xCC, 0x6C, 0xEE, 0xBE, 0x88, 0x08, 0xFF, 0x9F, 0x77, 0x17, 
    0xDD, 0xFD, 0xEE, 0xCE, 0xEE, 0xCE, 0xEE, 0x5E, 0xEE, 0x7E, 0xFF, 0x0F, 0xFF, 0x2F, 0xFF, 0x0F, 0xEE, 0x9E, 0xFF, 0x2F, 0xEE, 0xCE, 0xFF, 0x0F, 0xFF, 0x0F, 0xFF, 0x0F, 0xFF, 0x0F, 0xFF, 0x0F, 
    0xFF, 0x0F, 0xFF, 0x0F, 0xFF, 0x0F, 0xFF, 0x0F, 0xFF, 0x0F, 0xFF, 0x0F, 0xFF, 0x0F, 0xFF, 0x0F, 0xFF, 0x0F, 0xFF, 0x0F, 0xFF, 0x0F, 0xFF, 0x0F, 0xFF, 0x0F, 0xFF, 0x0F, 0xFF, 0x0F, 0xFF, 0x0F, 
    0xFF, 0x0F, 0xFF, 0x0F, 0xFF, 0x0F, 0xFF, 0x0F, 0xFF, 0x0F, 0xFF, 0x0F, 0xFF, 0x0F, 0xFF, 0x0F, 0xFF, 0x0F, 0xFF, 0x0F, 0xFF, 0x0F, 0xFF, 0x0F, 0xFF, 0x0F, 0xFF, 0x0F, 0xFF, 0x0F, 0xFF, 0x0F, 
    0xFF, 0x0F, 0xFF, 0x0F, 0x77, 0x17, 0xEE, 0x9E, 0xFF, 0x0F, 0xFF, 0x0F, 0xFF, 0x2F, 0xFF, 0x0F, 0x88, 0x08, 0xDD, 0xAD, 0xFF, 0x0F, 0x88, 0x08, 0xEE, 0x9E, 0xDD, 0x2D, 0xDD, 0xAD, 0xDD, 0xFD, 
    0xBB, 0x3B, 0xEE, 0xEE, 0x88, 0x08, 0xDD, 0xAD, 0xFF, 0x4F, 0xFF, 0x0F, 0xFF, 0x7F, 0xFF, 0x0F, 0xBB, 0x3B, 0xEE, 0xEE, 0xEE, 0xEE, 0xFF, 0x4F, 0xFF, 0x4F, 0xFF, 0x0F, 0xFF, 0x0F, 0xFF, 0x0F, 
    0xFF, 0x0F, 0xFF, 0x0F, 0xFF, 0x0F, 0xFF, 0x0F, 0x88, 0x08, 0xDD, 0xAD, 0xFF, 0x0F, 0xFF, 0x0F, 0xFF, 0x0F, 0xFF, 0x0F, 0xFF, 0x0F, 0xFF, 0x0F, 0xFF, 0x0F, 0xFF, 0x0F, 0xFF, 0x0F, 0xFF, 0x0F, 
    0xFF, 0x4F, 0xFF, 0x0F, 0xFF, 0x0F, 0xFF, 0x0F, 0xFF, 0x0F, 0xFF, 0x0F, 0xFF, 0x0F, 0xFF, 0x0F, 0xFF, 0x0F, 0xFF, 0x0F, 0xFF, 0x0F, 0xFF, 0x0F, 0xFF, 0x0F, 0xFF, 0x0F, 0xFF, 0x0F, 0xFF, 0x0F, 
    0xFF, 0x0F, 0xFF, 0x0F, 0xFF, 0x0F, 0xFF, 0x0F, 0xFF, 0x0F, 0xFF, 0x0F, 0xFF, 0x0F, 0xFF, 0x0F, 0xFF, 0x0F, 0x88, 0x08, 0xFF, 0x0F, 0x88, 0x08, 0xDD, 0xAD, 0xDD, 0xFD, 0xDD, 0xAD, 0xFF, 0x7F, 
    0xFF, 0x0F, 0xFF, 0x0F, 0xFF, 0x0F, 0xFF, 0x0F, 0xFF, 0x0F, 0xFF, 0x0F, 0xFF, 0x0F, 0xFF, 0x0F, 0xDD, 0xFD, 0xDD, 0xFD, 0xFF, 0x0F, 0xAA, 0x0A, 0xEE, 0xCE, 0xFF, 0x2F, 0xCC, 0x6C, 0xEE, 0xEE, 
    0xFF, 0x0F, 0x88, 0x08, 0xFF, 0x0F, 0x88, 0x08, 0xDD, 0xAD, 0xFF, 0x7F, 0xDD, 0xAD, 0xFF, 0x7F, 0xFF, 0x0F, 0x88, 0x08, 0xFF, 0x0F, 0x88, 0x08, 0xDD, 0xAD, 0xFF, 0x7F, 0xDD, 0xAD, 0xFF, 0x7F, 
    0xFF, 0x0F, 0xFF, 0x0F, 0xFF, 0x0F, 0xFF, 0x0F, 0x88, 0x08, 0xDD, 0xAD, 0xAA, 0x0A, 0xCC, 0x8C, 0xFF, 0x0F, 0xFF, 0x0F, 0xFF, 0x0F, 0xFF, 0x0F, 0xAA, 0x0A, 0xCC, 0x8C, 0xAA, 0x0A, 0xCC, 0x8C, 
    0xFF, 0x0F, 0xFF, 0x0F, 0xFF, 0x0F, 0xFF, 0x0F, 0xFF, 0x0F, 0xFF, 0x0F, 0xFF, 0x0F, 0xFF, 0x0F, 0xFF, 0x0F, 0xFF, 0x0F, 0xFF, 0x0F, 0xFF, 0x0F, 0x88, 0x08, 0xDD, 0xAD, 0x88, 0x08, 0xDD, 0xAD, 
    0xFF, 0x0F, 0xFF, 0x0F, 0xFF, 0x0F, 0xFF, 0x0F, 0xFF, 0x0F, 0xFF, 0x0F, 0xFF, 0x0F, 0xFF, 0x0F, 0xDD, 0xFD, 0xDD, 0xFD, 0xFF, 0x7F, 0xFF, 0x0F, 0xDD, 0xFD, 0xDD, 0xED, 0xFF, 0x0F, 0xFF, 0x0F, 
    0xFF, 0x7F, 0xFF, 0x0F, 0xFF, 0x9F, 0xFF, 0x0F, 0x88, 0x08, 0xDD, 0xAD, 0x88, 0x08, 0xDD, 0xAD, 0xFF, 0x9F, 0xFF, 0x0F, 0xFF, 0x9F, 0xFF, 0x0F, 0x88, 0x08, 0xDD, 0xAD, 0x88, 0x08, 0xDD, 0xAD, 
    0xFF, 0x7F, 0xFF, 0x0F, 0xEE, 0x7E, 0xDD, 0x2D, 0xFF, 0x0F, 0xFF, 0x0F, 0xDD, 0x2D, 0xFF, 0x2F, 0xDD, 0xED, 0xDD, 0xCD, 0xFF, 0x7F, 0xFF, 0x0F, 0xDD, 0xCD, 0xEE, 0xCE, 0xFF, 0x0F, 0xFF, 0x0F, 
    0xFF, 0x0F, 0x88, 0x08, 0xFF, 0x0F, 0x88, 0x08, 0xDD, 0xAD, 0xFF, 0x7F, 0xDD, 0xAD, 0xFF, 0x7F, 0xFF, 0x0F, 0x88, 0x08, 0xFF, 0x0F, 0xFF, 0x0F, 0xDD, 0xAD, 0xDD, 0xFD, 0xFF, 0x0F, 0xFF, 0x0F, 
    0xFF, 0x0F, 0xFF, 0x0F, 0xFF, 0x0F, 0xAA, 0x0A, 0x88, 0x08, 0xDD, 0xAD, 0xCC, 0x6C, 0xEE, 0xEE, 0xDD, 0xFD, 0xDD, 0xFD, 0xFF, 0x0F, 0xFF, 0x0F, 0xEE, 0xCE, 0xFF, 0x2F, 0xFF, 0x0F, 0xFF, 0x0F, 
    0xFF, 0x0F, 0xFF, 0x0F, 0xFF, 0x0F, 0xFF, 0x0F, 0xFF, 0x0F, 0xFF, 0x0F, 0xFF, 0x0F, 0xFF, 0x0F, 0xFF, 0x0F, 0xFF, 0x0F, 0xFF, 0x0F, 0xFF, 0x0F, 0xFF, 0x0F, 0xFF, 0x0F, 0xFF, 0x0F, 0xFF, 0x0F, 
    0xFF, 0x0F, 0xFF, 0x0F, 0xFF, 0x0F, 0xFF, 0x0F, 0xFF, 0x0F, 0xFF, 0x0F, 0xFF, 0x0F, 0xFF, 0x0F, 0xFF, 0x0F, 0xFF, 0x0F, 0xFF, 0x0F, 0xFF, 0x0F, 0xFF, 0x0F, 0xFF, 0x0F, 0xFF, 0x0F, 0xFF, 0x0F, 
    0xFF, 0x7F, 0xFF, 0x0F, 0xFF, 0x0F, 0xFF, 0x0F, 0x88, 0x08, 0xDD, 0xAD, 0x88, 0x08, 0xDD, 0xAD, 0xFF, 0x0F, 0xFF, 0x0F, 0xFF, 0x0F, 0xFF, 0x0F, 0x88, 0x08, 0xDD, 0xAD, 0xFF, 0x0F, 0xFF, 0x0F, 
    0xFF, 0x7F, 0xFF, 0x0F, 0xFF, 0x7F, 0xFF, 0x0F, 0xFF, 0x0F, 0xFF, 0x0F, 0xFF, 0x0F, 0xFF, 0x0F, 0xDD, 0xFD, 0xDD, 0xFD, 0xFF, 0x0F, 0xFF, 0x0F, 0xDD, 0xFD, 0xDD, 0xFD, 0xFF, 0x0F, 0xFF, 0x0F, 
    0xFF, 0x0F, 0xFF, 0x0F, 0xFF, 0x0F, 0xFF, 0x0F, 0xFF, 0x0F, 0xFF, 0x0F, 0xFF, 0x0F, 0xFF, 0x0F, 0xFF, 0x0F, 0xFF, 0x0F, 0xFF, 0x0F, 0xFF, 0x0F, 0xFF, 0x0F, 0xFF, 0x0F, 0xFF, 0x0F, 0xFF, 0x0F, 
    0xFF, 0x0F, 0xFF, 0x0F, 0xFF, 0x0F, 0xFF, 0x0F, 0xFF, 0x0F, 0xFF, 0x0F, 0xFF, 0x0F, 0xFF, 0x0F, 0xFF, 0x0F, 0xFF, 0x0F, 0xFF, 0x0F, 0xFF, 0x0F, 0xFF, 0x0F, 0xFF, 0x0F, 0xFF, 0x0F, 0xFF, 0x0F, 
    0xFF, 0x0F, 0xFF, 0x0F, 0xFF, 0x0F, 0xFF, 0x0F, 0xFF, 0x0F, 0xFF, 0x0F, 0xFF, 0x0F, 0xFF, 0x0F, 0xFF, 0x7F, 0xFF, 0x0F, 0xFF, 0x0F, 0xFF, 0x0F, 0x88, 0x08, 0xDD, 0xAD, 0x88, 0x08, 0xDD, 0xAD, 
    0xFF, 0x0F, 0xFF, 0x0F, 0xFF, 0x0F, 0xFF, 0x0F, 0xFF, 0x0F, 0xFF, 0x0F, 0xFF, 0x0F, 0xFF, 0x0F, 0xDD, 0xFD, 0xDD, 0xFD, 0xFF, 0x7F, 0xFF, 0x0F, 0xDD, 0xFD, 0xDD, 0xFD, 0xFF, 0x0F, 0xFF, 0x0F, 
    0xFF, 0x0F, 0xFF, 0x0F, 0xFF, 0x0F, 0xFF, 0x0F, 0x88, 0x08, 0xDD, 0xAD, 0x88, 0x08, 0xDD, 0xAD, 0xFF, 0x0F, 0xFF, 0x0F, 0xFF, 0x0F, 0xFF, 0x0F, 0x88, 0x08, 0xDD, 0xAD, 0x88, 0x08, 0xDD, 0xAD, 
    0xFF, 0x7F, 0xFF, 0x0F, 0xFF, 0x7F, 0xFF, 0x0F, 0xFF, 0x0F, 0xFF, 0x0F, 0xFF, 0x0F, 0xFF, 0x0F, 0xDD, 0xFD, 0xDD, 0xFD, 0xFF, 0x7F, 0xFF, 0x0F, 0xDD, 0xFD, 0xEE, 0xEE, 0xFF, 0x0F, 0xFF, 0x0F, 
    0xFF, 0x0F, 0xFF, 0x0F, 0xFF, 0x0F, 0xFF, 0x0F, 0xFF, 0x0F, 0xFF, 0x0F, 0xFF, 0x0F, 0xFF, 0x0F, 0xFF, 0x9F, 0xFF, 0x0F, 0xFF, 0x0F, 0xFF, 0x0F, 0xFF, 0x0F, 0xAA, 0x0A, 0xFF, 0x0F, 0xCC, 0x6C, 
    0xFF, 0x0F, 0xFF, 0x0F, 0xFF, 0x0F, 0xFF, 0x0F, 0xFF, 0x0F, 0xFF, 0x0F, 0xFF, 0x0F, 0xFF, 0x0F, 0xDD, 0x8D, 0xDD, 0xFD, 0xEE, 0xEE, 0xFF, 0x2F, 0xDD, 0xFD, 0xEE, 0xCE, 0xFF, 0x0F, 0xBB, 0x3B, 
    0xFF, 0x0F, 0xFF, 0x0F, 0xFF, 0x0F, 0xFF, 0x0F, 0x77, 0x17, 0xEE, 0xCE, 0x66, 0x16, 0xEE, 0xEE, 0xFF, 0x2F, 0xFF, 0x0F, 0xFF, 0x0F, 0xFF, 0x0F, 0x66, 0x16, 0xEE, 0xEE, 0x66, 0x16, 0xEE, 0xEE, 
    0xFF, 0x4F, 0xFF, 0x0F, 0xFF, 0x2F, 0xFF, 0x0F, 0xFF, 0x0F, 0x88, 0x08, 0xFF, 0x0F, 0xFF, 0x0F, 0xFF, 0x2F, 0xAA, 0x0A, 0xFF, 0x2F, 0xAA, 0x0A, 0xDD, 0x3D, 0xDD, 0x5D, 0xDD, 0x3D, 0xDD, 0x5D, 
    0xFF, 0x0F, 0xFF, 0x0F, 0xFF, 0x0F, 0xFF, 0x0F, 0x88, 0x08, 0xDD, 0xAD, 0x88, 0x08, 0xDD, 0xAD, 0xFF, 0x9F, 0xFF, 0x0F, 0xFF, 0x0F, 0xFF, 0x0F, 0x88, 0x08, 0xDD, 0xAD, 0xFF, 0x0F, 0xFF, 0x0F, 
    0xFF, 0x7F, 0xFF, 0x0F, 0xFF, 0x7F, 0xFF, 0x0F, 0xFF, 0x0F, 0xFF, 0x0F, 0xFF, 0x0F, 0xFF, 0x0F, 0xFF, 0x7F, 0xFF, 0x0F, 0xFF, 0x0F, 0xFF, 0x0F, 0xFF, 0x0F, 0xFF, 0x0F, 0xFF, 0x0F, 0xFF, 0x0F, 
    0xFF, 0x0F, 0xFF, 0x0F, 0xFF, 0x0F, 0xFF, 0x0F, 0xFF, 0x0F, 0xFF, 0x0F, 0xFF, 0x0F, 0xFF, 0x0F, 0xFF, 0x0F, 0xFF, 0x0F, 0xFF, 0x0F, 0xFF, 0x0F, 0xFF, 0x0F, 0xFF, 0x0F, 0xFF, 0x0F, 0xFF, 0x0F, 
    0xFF, 0x0F, 0xFF, 0x0F, 0xFF, 0x0F, 0xFF, 0x0F, 0xFF, 0x0F, 0xFF, 0x0F, 0xFF, 0x0F, 0xFF, 0x0F, 0xFF, 0x0F, 0xFF, 0x0F, 0xFF, 0x0F, 0xFF, 0x0F, 0xFF, 0x0F, 0xFF, 0x0F, 0xFF, 0x0F, 0xFF, 0x0F, 
    0xFF, 0x0F, 0xFF, 0x0F, 0xFF, 0x0F, 0xFF, 0x0F, 0x77, 0x17, 0xEE, 0xCE, 0xFF, 0x0F, 0xCC, 0x6C, 0xFF, 0x0F, 0xFF, 0x0F, 0xFF, 0x0F, 0xFF, 0x0F, 0xFF, 0x0F, 0xAA, 0x0A, 0xFF, 0x0F, 0xFF, 0x0F, 
    0xFF, 0x4F, 0xFF, 0x0F, 0xEE, 0xEE, 0xFF, 0x2F, 0xFF, 0x0F, 0x88, 0x08, 0xFF, 0x0F, 0x77, 0x17, 0xCC, 0x5C, 0xDD, 0xFD, 0xFF, 0x0F, 0xFF, 0x0F, 0xDD, 0xFD, 0xEE, 0xEE, 0xFF, 0x0F, 0xFF, 0x0F, 
    0xFF, 0x0F, 0xFF, 0x0F, 0xFF, 0x0F, 0xFF, 0x0F, 0xFF, 0x0F, 0xFF, 0x0F, 0xFF, 0x0F, 0xFF, 0x0F, 0xFF, 0x0F, 0xFF, 0x0F, 0xFF, 0x0F, 0xFF, 0x0F, 0xFF, 0x0F, 0xFF, 0x0F, 0xFF, 0x0F, 0xFF, 0x0F, 
    0xFF, 0x0F, 0xFF, 0x0F, 0xFF, 0x0F, 0xFF, 0x0F, 0xFF, 0x0F, 0xFF, 0x0F, 0xFF, 0x0F, 0xFF, 0x0F, 0xFF, 0x0F, 0xFF, 0x0F, 0xFF, 0x0F, 0xFF, 0x0F, 0xFF, 0x0F, 0xFF, 0x0F, 0xFF, 0x0F, 0xFF, 0x0F, 
    0xFF, 0x0F, 0xFF, 0x0F, 0xFF, 0x0F, 0xFF, 0x0F, 0xFF, 0x0F, 0xFF, 0x0F, 0xFF, 0x0F, 0xFF, 0x0F, 0xFF, 0x0F, 0xFF, 0x0F, 0xAA, 0x0A, 0xCC, 0x8C, 0xFF, 0x0F, 0xFF, 0x0F, 0xDD, 0xFD, 0xEE, 0xCE, 
    0xFF, 0x0F, 0xFF, 0x0F, 0xFF, 0x0F, 0xFF, 0x0F, 0xFF, 0x0F, 0xFF, 0x0F, 0xFF, 0x0F, 0xFF, 0x0F, 0xFF, 0x0F, 0xFF, 0x0F, 0xFF, 0x0F, 0xFF, 0x0F, 0xFF, 0x0F, 0xFF, 0x0F, 0xFF, 0x0F, 0xFF, 0x0F, 
    0x66, 0x16, 0xEE, 0xBE, 0x66, 0x16, 0xEE, 0xBE, 0xAA, 0x0A, 0xDD, 0x8D, 0xFF, 0x0F, 0xCC, 0x5C, 0xAA, 0x0A, 0xDD, 0x7D, 0xFF, 0x0F, 0xFF, 0x0F, 0xDD, 0xAD, 0xEE, 0x9E, 0xFF, 0x0F, 0xAA, 0x0A, 
    0xFF, 0x7F, 0xAA, 0x0A, 0xFF, 0x7F, 0xBB, 0x3B, 0xEE, 0x5E, 0xFF, 0x0F, 0xFF, 0x9F, 0xFF, 0x0F, 0x77, 0x17, 0xEE, 0xCE, 0xDD, 0x8D, 0xFF, 0x7F, 0xFF, 0x0F, 0xFF, 0x0F, 0xFF, 0x0F, 0xFF, 0x0F, 
    0xFF, 0x0F, 0xFF, 0x0F, 0xFF, 0x0F, 0xFF, 0x0F, 0xFF, 0x0F, 0xFF, 0x0F, 0xFF, 0x0F, 0xFF, 0x0F, 0xFF, 0x0F, 0xFF, 0x0F, 0xFF, 0x0F, 0xFF, 0x0F, 0xFF, 0x0F, 0xFF, 0x0F, 0xFF, 0x0F, 0x77, 0x17, 
    0xFF, 0x0F, 0xFF, 0x0F, 0xFF, 0x0F, 0xFF, 0x0F, 0xFF, 0x0F, 0xFF, 0x0F, 0xFF, 0x0F, 0xFF, 0x0F, 0xFF, 0x0F, 0xFF, 0x0F, 0xDD, 0xCD, 0xDD, 0xFD, 0xFF, 0x0F, 0xFF, 0x0F, 0xEE, 0xCE, 0xFF, 0x0F, 
    0xFF, 0x0F, 0xFF, 0x0F, 0xFF, 0x0F, 0xFF, 0x0F, 0xAA, 0x0A, 0xCC, 0x8C, 0xAA, 0x0A, 0xCC, 0x8C, 0xFF, 0x0F, 0xFF, 0x0F, 0xFF, 0x0F, 0xFF, 0x0F, 0xFF, 0x0F, 0xBB, 0x3B, 0xFF, 0x0F, 0xBB, 0x3B, 
    0xEE, 0xBE, 0xAA, 0x0A, 0xFF, 0x9F, 0xAA, 0x0A, 0xCC, 0x8C, 0xFF, 0x9F, 0xCC, 0x8C, 0xFF, 0x9F, 0xEE, 0xEE, 0xDD, 0xAD, 0xDD, 0xCD, 0xEE, 0xEE, 0xEE, 0xCE, 0xFF, 0x0F, 0xFF, 0x2F, 0xFF, 0x0F, 
    0xFF, 0x0F, 0xFF, 0x0F, 0xFF, 0x0F, 0xFF, 0x0F, 0xFF, 0x0F, 0x66, 0x16, 0x88, 0x08, 0xEE, 0x9E, 0xFF, 0x0F, 0xFF, 0x0F, 0xFF, 0x0F, 0xFF, 0x0F, 0xCC, 0x5C, 0xFF, 0x7F, 0xDD, 0x2D, 0xFF, 0x0F, 
    0xEE, 0xCE, 0xDD, 0x7D, 0xCC, 0x3C, 0xEE, 0xCE, 0xDD, 0x7D, 0xEE, 0x9E, 0xFF, 0x0F, 0xCC, 0x5C, 0x77, 0x17, 0xEE, 0xCE, 0xAA, 0x0A, 0xDD, 0x8D, 0xFF, 0x0F, 0xCC, 0x5C, 0xDD, 0xFD, 0xEE, 0xCE, 
    0xFF, 0x0F, 0xFF, 0x0F, 0xFF, 0x0F, 0xFF, 0x0F, 0xFF, 0x0F, 0xFF, 0x0F, 0xFF, 0x0F, 0xFF, 0x0F, 0xFF, 0x0F, 0xFF, 0x0F, 0xFF, 0x0F, 0xFF, 0x0F, 0xFF, 0x0F, 0xFF, 0x0F, 0xFF, 0x0F, 0xFF, 0x0F, 
    0xFF, 0x0F, 0xFF, 0x0F, 0xFF, 0x0F, 0xFF, 0x0F, 0xFF, 0x0F, 0xFF, 0x0F, 0xFF, 0x0F, 0xFF, 0x0F, 0xFF, 0x0F, 0xFF, 0x0F, 0xFF, 0x0F, 0xFF, 0x0F, 0xFF, 0x0F, 0xFF, 0x0F, 0xFF, 0x0F, 0xFF, 0x0F, 
    0xFF, 0x2F, 0xFF, 0x0F, 0xFF, 0x7F, 0xFF, 0x0F, 0x66, 0x16, 0xEE, 0xEE, 0xCC, 0x6C, 0xEE, 0xBE, 0xFF, 0x7F, 0xFF, 0x0F, 0xFF, 0x2F, 0xFF, 0x0F, 0xBB, 0x3B, 0xEE, 0xEE, 0xAA, 0x0A, 0xCC, 0x5C, 
    0xDD, 0x5D, 0xDD, 0xAD, 0xFF, 0x0F, 0x77, 0x17, 0xEE, 0xBE, 0x88, 0x08, 0xDD, 0xCD, 0xDD, 0xAD, 0xFF, 0x2F, 0xFF, 0x0F, 0xDD, 0xFD, 0xDD, 0xFD, 0xBB, 0x3B, 0xDD, 0xFD, 0xEE, 0xEE, 0xDD, 0x8D, 
    0xFF, 0x0F, 0xFF, 0x0F, 0xFF, 0x0F, 0xFF, 0x0F, 0xFF, 0x0F, 0xFF, 0x0F, 0xFF, 0x0F, 0xFF, 0x0F, 0xFF, 0x0F, 0xFF, 0x0F, 0xFF, 0x0F, 0xFF, 0x0F, 0xFF, 0x0F, 0xFF, 0x0F, 0xFF, 0x0F, 0xFF, 0x0F, 
    0xFF, 0x0F, 0xFF, 0x0F, 0xFF, 0x0F, 0xFF, 0x0F, 0xFF, 0x0F, 0xFF, 0x0F, 0xFF, 0x0F, 0xFF, 0x0F, 0xFF, 0x0F, 0xFF, 0x0F, 0xFF, 0x0F, 0xFF, 0x0F, 0xFF, 0x0F, 0xFF, 0x0F, 0xFF, 0x0F, 0xFF, 0x0F, 
    0xFF, 0x0F, 0xFF, 0x0F, 0xFF, 0x0F, 0xFF, 0x0F, 0xFF, 0x0F, 0xFF, 0x0F, 0xFF, 0x0F, 0xFF, 0x0F, 0xFF, 0x0F, 0xFF, 0x0F, 0xFF, 0x0F, 0xFF, 0x0F, 0xFF, 0x0F, 0xFF, 0x0F, 0xFF, 0x0F, 0x66, 0x16, 
    0xFF, 0x0F, 0xFF, 0x0F, 0xFF, 0x0F, 0xFF, 0x0F, 0xFF, 0x0F, 0xFF, 0x0F, 0xFF, 0x0F, 0xFF, 0x0F, 0xFF, 0x0F, 0xFF, 0x0F, 0xEE, 0xEE, 0xFF, 0x2F, 0xFF, 0x0F, 0xFF, 0x0F, 0xFF, 0x0F, 0x88, 0x08, 
    0xFF, 0x0F, 0xFF, 0x0F, 0xFF, 0x0F, 0xFF, 0x0F, 0xFF, 0x0F, 0x66, 0x16, 0xFF, 0x0F, 0x66, 0x16, 0xFF, 0x0F, 0xFF, 0x0F, 0xFF, 0x0F, 0xFF, 0x0F, 0xFF, 0x0F, 0xFF, 0x0F, 0xFF, 0x0F, 0xFF, 0x0F, 
    0xEE, 0xEE, 0xFF, 0x2F, 0xEE, 0xBE, 0xFF, 0x0F, 0xFF, 0x0F, 0xBB, 0x3B, 0xAA, 0x0A, 0xDD, 0x8D, 0xFF, 0x0F, 0xFF, 0x0F, 0xFF, 0x0F, 0xFF, 0x0F, 0x88, 0x08, 0xDD, 0xAD, 0x77, 0x17, 0xEE, 0xCE, 
    0xFF, 0x0F, 0xFF, 0x0F, 0xFF, 0x0F, 0xFF, 0x0F, 0xFF, 0x0F, 0xFF, 0x0F, 0xAA, 0x0A, 0xDD, 0x2D, 0x66, 0x16, 0xEE, 0xCE, 0xDD, 0xAD, 0xFF, 0x4F, 0xDD, 0x2D, 0xDD, 0x8D, 0xFF, 0x0F, 0x77, 0x17, 
    0xFF, 0x0F, 0xFF, 0x0F, 0xFF, 0x0F, 0xFF, 0x0F, 0xFF, 0x0F, 0xFF, 0x0F, 0xFF, 0x0F, 0xFF, 0x0F, 0xFF, 0x9F, 0xFF, 0x0F, 0xEE, 0xCE, 0xFF, 0x4F, 0xFF, 0x0F, 0xFF, 0x0F, 0xFF, 0x0F, 0xFF, 0x0F, 
    0xEE, 0xBE, 0xFF, 0x0F, 0xFF, 0x7F, 0xFF, 0x0F, 0xFF, 0x0F, 0xFF, 0x0F, 0xFF, 0x0F, 0xFF, 0x0F, 0xFF, 0x4F, 0xFF, 0x0F, 0xFF, 0x4F, 0xFF, 0x0F, 0xFF, 0x0F, 0xFF, 0x0F, 0xFF, 0x0F, 0xFF, 0x0F, 
    0xCC, 0x6C, 0xEE, 0xBE, 0x66, 0x16, 0xEE, 0xEE, 0xFF, 0x0F, 0xFF, 0x0F, 0xFF, 0x2F, 0xFF, 0x0F, 0x77, 0x17, 0xEE, 0xCE, 0x88, 0x08, 0xDD, 0xAD, 0xFF, 0x4F, 0xFF, 0x0F, 0xFF, 0x7F, 0xFF, 0x0F, 
    0xDD, 0xAD, 0xFF, 0x4F, 0xEE, 0xEE, 0xFF, 0x0F, 0xFF, 0x0F, 0xFF, 0x0F, 0xFF, 0x0F, 0xFF, 0x0F, 0xFF, 0x9F, 0xFF, 0x0F, 0xEE, 0xEE, 0xFF, 0x2F, 0xFF, 0x0F, 0xFF, 0x0F, 0xFF, 0x0F, 0xFF, 0x0F, 
    0xFF, 0x0F, 0xFF, 0x0F, 0xFF, 0x0F, 0xFF, 0x0F, 0x77, 0x17, 0xEE, 0xCE, 0x77, 0x17, 0xEE, 0xCE, 0xFF, 0x0F, 0xFF, 0x0F, 0xFF, 0x0F, 0xFF, 0x0F, 0x88, 0x08, 0xDD, 0xAD, 0xAA, 0x0A, 0xCC, 0x8C, 
    0xFF, 0x0F, 0xFF, 0x0F, 0xFF, 0x0F, 0xFF, 0x0F, 0xFF, 0x0F, 0xFF, 0x0F, 0xFF, 0x0F, 0xFF, 0x0F, 0xFF, 0x0F, 0xFF, 0x0F, 0xFF, 0x0F, 0xFF, 0x0F, 0xFF, 0x0F, 0xFF, 0x0F, 0xFF, 0x0F, 0xFF, 0x0F, 
    0xFF, 0x0F, 0xFF, 0x0F, 0xFF, 0x0F, 0xFF, 0x0F, 0xFF, 0x0F, 0x66, 0x16, 0xFF, 0x0F, 0xAA, 0x0A, 0xFF, 0x0F, 0xFF, 0x0F, 0xFF, 0x0F, 0xFF, 0x0F, 0xFF, 0x0F, 0xFF, 0x0F, 0xFF, 0x0F, 0xFF, 0x0F, 
    0xFF, 0x4F, 0xFF, 0x0F, 0xFF, 0x4F, 0xFF, 0x0F, 0xFF, 0x0F, 0xFF, 0x0F, 0xFF, 0x0F, 0xFF, 0x0F, 0xFF, 0x7F, 0xFF, 0x0F, 0xFF, 0x9F, 0xFF, 0x0F, 0xFF, 0x0F, 0xFF, 0x0F, 0xFF, 0x0F, 0xFF, 0x0F, 
    0x88, 0x08, 0xDD, 0xAD, 0x88, 0x08, 0xDD, 0xAD, 0xFF, 0x7F, 0xFF, 0x0F, 0xFF, 0x7F, 0xFF, 0x0F, 0x77, 0x17, 0xEE, 0xCE, 0x66, 0x16, 0xEE, 0xEE, 0xFF, 0x4F, 0xFF, 0x0F, 0xFF, 0x0F, 0xFF, 0x0F, 
    0xEE, 0xEE, 0xFF, 0x0F, 0xDD, 0x8D, 0xFF, 0x7F, 0xFF, 0x0F, 0xFF, 0x0F, 0xFF, 0x0F, 0x66, 0x16, 0x88, 0x08, 0xEE, 0x9E, 0xFF, 0x0F, 0xFF, 0x0F, 0xDD, 0x2D, 0xDD, 0x7D, 0xFF, 0x0F, 0xFF, 0x0F, 
    0xCC, 0x6C, 0xFF, 0x9F, 0xEE, 0xCE, 0xFF, 0x0F, 0xFF, 0x0F, 0xFF, 0x0F, 0xFF, 0x0F, 0xFF, 0x0F, 0xFF, 0x4F, 0xFF, 0x0F, 0xFF, 0x0F, 0xFF, 0x0F, 0xFF, 0x0F, 0xFF, 0x0F, 0xFF, 0x0F, 0xFF, 0x0F, 
    0xFF, 0x0F, 0xFF, 0x0F, 0xFF, 0x0F, 0xFF, 0x0F, 0xFF, 0x0F, 0xFF, 0x0F, 0xFF, 0x0F, 0xFF, 0x0F, 0xFF, 0x4F, 0xFF, 0x0F, 0xEE, 0xEE, 0xFF, 0x2F, 0xFF, 0x0F, 0x88, 0x08, 0xFF, 0x0F, 0x88, 0x08, 
    0xFF, 0x0F, 0xFF, 0x0F, 0xFF, 0x0F, 0xFF, 0x0F, 0xFF, 0x0F, 0xFF, 0x0F, 0xFF, 0x0F, 0xFF, 0x0F, 0xDD, 0xAD, 0xFF, 0x7F, 0xDD, 0xAD, 0xFF, 0x7F, 0xFF, 0x0F, 0xFF, 0x0F, 0xFF, 0x0F, 0xFF, 0x0F, 
    0xDD, 0xAD, 0xFF, 0x4F, 0xFF, 0x0F, 0xFF, 0x0F, 0xFF, 0x0F, 0x88, 0x08, 0xFF, 0x0F, 0x88, 0x08, 0xDD, 0x5D, 0xFF, 0x2F, 0xDD, 0xCD, 0xFF, 0x7F, 0xFF, 0x0F, 0x88, 0x08, 0xFF, 0x0F, 0x88, 0x08, 
    0xDD, 0xAD, 0xFF, 0x7F, 0xDD, 0xAD, 0xEE, 0x7E, 0xFF, 0x0F, 0xFF, 0x0F, 0xDD, 0x2D, 0xDD, 0x2D, 0xDD, 0xAD, 0xDD, 0xFD, 0xDD, 0xAD, 0xEE, 0x7E, 0xDD, 0xFD, 0xDD, 0xFD, 0xDD, 0x2D, 0xDD, 0x2D, 
    0xFF, 0x0F, 0xFF, 0x0F, 0xFF, 0x0F, 0xFF, 0x0F, 0xFF, 0x0F, 0xFF, 0x0F, 0xFF, 0x0F, 0xFF, 0x0F, 0xFF, 0x0F, 0xCC, 0x6C, 0xFF, 0x0F, 0xCC, 0x6C, 0xEE, 0xBE, 0xFF, 0x0F, 0xEE, 0xBE, 0xFF, 0x0F, 
    0xFF, 0x0F, 0xFF, 0x0F, 0xFF, 0x0F, 0xFF, 0x0F, 0xFF, 0x0F, 0xFF, 0x0F, 0xFF, 0x0F, 0xFF, 0x0F, 0xAA, 0x0A, 0xCC, 0x8C, 0xAA, 0x0A, 0xCC, 0x8C, 0xFF, 0x9F, 0xFF, 0x0F, 0xFF, 0x9F, 0xFF, 0x0F, 
    0xFF, 0x0F, 0xCC, 0x6C, 0xDD, 0x2D, 0xCC, 0x6C, 0xEE, 0xBE, 0xFF, 0x0F, 0xEE, 0xBE, 0xFF, 0x0F, 0xDD, 0xFD, 0xDD, 0xFD, 0xDD, 0x2D, 0xCC, 0x6C, 0xEE, 0xBE, 0xFF, 0x0F, 0xEE, 0xBE, 0xFF, 0x0F, 
    0xAA, 0x0A, 0xCC, 0x8C, 0xAA, 0x0A, 0xCC, 0x8C, 0xFF, 0x9F, 0xFF, 0x0F, 0xFF, 0x9F, 0xFF, 0x0F, 0xAA, 0x0A, 0xCC, 0x8C, 0xAA, 0x0A, 0xCC, 0x8C, 0xFF, 0x9F, 0xFF, 0x0F, 0xFF, 0x9F, 0xFF, 0x0F, 
    0xDD, 0xAD, 0xFF, 0x7F, 0xDD, 0xCD, 0xFF, 0x7F, 0xFF, 0x0F, 0x88, 0x08, 0xFF, 0x0F, 0x88, 0x08, 0xFF, 0x7F, 0xFF, 0x0F, 0xFF, 0x0F, 0xFF, 0x0F, 0xFF, 0x0F, 0x88, 0x08, 0xFF, 0x0F, 0xFF, 0x0F, 
    0xDD, 0xAD, 0xFF, 0x7F, 0xDD, 0xAD, 0xFF, 0x7F, 0xFF, 0x0F, 0xFF, 0x0F, 0xFF, 0x0F, 0xFF, 0x0F, 0xDD, 0xAD, 0xFF, 0x7F, 0xFF, 0x0F, 0xFF, 0x0F, 0xFF, 0x0F, 0xFF, 0x0F, 0xFF, 0x0F, 0xFF, 0x0F, 
    0xFF, 0x0F, 0xFF, 0x0F, 0xFF, 0x0F, 0xFF, 0x0F, 0xFF, 0x0F, 0xFF, 0x0F, 0xFF, 0x0F, 0xFF, 0x0F, 0xFF, 0x0F, 0xFF, 0x0F, 0xFF, 0x0F, 0xFF, 0x0F, 0xFF, 0x0F, 0xFF, 0x0F, 0xFF, 0x0F, 0xFF, 0x0F, 
    0xFF, 0x0F, 0xFF, 0x0F, 0xFF, 0x0F, 0xFF, 0x0F, 0xFF, 0x0F, 0xFF, 0x0F, 0xFF, 0x0F, 0xFF, 0x0F, 0xFF, 0x0F, 0xFF, 0x0F, 0xFF, 0x0F, 0xFF, 0x0F, 0xFF, 0x0F, 0xFF, 0x0F, 0xFF, 0x0F, 0xFF, 0x0F, 
    0xFF, 0x0F, 0xCC, 0x6C, 0xFF, 0x0F, 0xCC, 0x6C, 0xEE, 0xBE, 0xFF, 0x0F, 0xEE, 0xBE, 0xFF, 0x0F, 0xFF, 0x0F, 0xCC, 0x6C, 0xFF, 0x0F, 0xFF, 0x0F, 0xEE, 0xBE, 0xFF, 0x0F, 0xFF, 0x0F, 0xFF, 0x0F, 
    0xAA, 0x0A, 0xCC, 0x8C, 0xAA, 0x0A, 0xCC, 0x8C, 0xFF, 0x9F, 0xFF, 0x0F, 0xFF, 0x9F, 0xFF, 0x0F, 0xAA, 0x0A, 0xCC, 0x8C, 0xFF, 0x0F, 0xFF, 0x0F, 0xFF, 0x9F, 0xFF, 0x0F, 0xFF, 0x0F, 0xFF, 0x0F, 
    0xFF, 0x0F, 0xFF, 0x0F, 0xFF, 0x0F, 0xFF, 0x0F, 0xFF, 0x0F, 0xFF, 0x0F, 0xFF, 0x0F, 0xFF, 0x0F, 0xFF, 0x0F, 0xFF, 0x0F, 0xFF, 0x0F, 0xFF, 0x0F, 0xFF, 0x0F, 0xFF, 0x0F, 0xFF, 0x0F, 0xFF, 0x0F, 
    0xFF, 0x0F, 0xFF, 0x0F, 0xFF, 0x0F, 0xFF, 0x0F, 0xFF, 0x0F, 0xFF, 0x0F, 0xFF, 0x0F, 0xFF, 0x0F, 0xFF, 0x0F, 0xFF, 0x0F, 0xFF, 0x0F, 0xFF, 0x0F, 0xFF, 0x0F, 0xFF, 0x0F, 0xFF, 0x0F, 0xFF, 0x0F, 
    0xFF, 0x0F, 0xFF, 0x0F, 0xFF, 0x0F, 0xFF, 0x0F, 0xFF, 0x0F, 0xFF, 0x0F, 0xFF, 0x0F, 0xFF, 0x0F, 0xFF, 0x0F, 0xFF, 0x0F, 0xFF, 0x0F, 0xFF, 0x0F, 0xFF, 0x0F, 0xFF, 0x0F, 0xFF, 0x0F, 0xFF, 0x0F, 
    0xFF, 0x0F, 0xFF, 0x0F, 0xFF, 0x0F, 0xFF, 0x0F, 0xFF, 0x0F, 0xFF, 0x0F, 0xFF, 0x0F, 0xFF, 0x0F, 0xBB, 0x3B, 0xEE, 0xEE, 0xBB, 0x3B, 0xEE, 0xEE, 0xFF, 0x0F, 0x88, 0x08, 0xFF, 0x0F, 0x88, 0x08, 
    0xFF, 0x0F, 0xFF, 0x0F, 0xFF, 0x0F, 0xFF, 0x0F, 0xFF, 0x0F, 0xFF, 0x0F, 0xFF, 0x0F, 0xFF, 0x0F, 0xFF, 0x0F, 0xFF, 0x0F, 0xFF, 0x0F, 0xFF, 0x0F, 0xFF, 0x0F, 0xFF, 0x0F, 0xFF, 0x0F, 0xFF, 0x0F, 
    0xBB, 0x3B, 0xEE, 0xEE, 0xBB, 0x3B, 0xEE, 0xEE, 0xFF, 0x0F, 0x88, 0x08, 0xFF, 0x0F, 0x88, 0x08, 0xBB, 0x3B, 0xEE, 0xEE, 0xBB, 0x3B, 0xEE, 0xEE, 0xFF, 0x0F, 0x88, 0x08, 0xFF, 0x0F, 0x88, 0x08, 
    0xFF, 0x0F, 0xFF, 0x0F, 0xFF, 0x0F, 0xFF, 0x0F, 0xFF, 0x0F, 0xFF, 0x0F, 0xFF, 0x0F, 0xFF, 0x0F, 0xDD, 0xAD, 0xFF, 0x7F, 0xDD, 0xAD, 0xFF, 0x7F, 0xFF, 0x0F, 0xFF, 0x0F, 0xFF, 0x0F, 0x66, 0x16, 
    0xFF, 0x0F, 0xFF, 0x0F, 0xFF, 0x0F, 0xFF, 0x0F, 0xFF, 0x0F, 0xFF, 0x0F, 0xFF, 0x0F, 0xFF, 0x0F, 0xBB, 0x3B, 0xEE, 0xEE, 0xEE, 0xEE, 0xFF, 0x4F, 0xFF, 0x2F, 0xFF, 0x0F, 0xFF, 0x0F, 0xFF, 0x0F, 
    0xDD, 0xAD, 0xFF, 0x7F, 0xDD, 0xAD, 0xEE, 0x7E, 0x77, 0x17, 0xDD, 0xCD, 0xDD, 0xAD, 0xEE, 0xBE, 0xDD, 0xAD, 0xDD, 0xFD, 0xDD, 0xAD, 0xEE, 0x7E, 0xEE, 0xEE, 0xFF, 0x4F, 0xCC, 0x8C, 0xEE, 0xEE, 
    0xFF, 0x9F, 0xFF, 0x0F, 0xFF, 0x0F, 0xFF, 0x0F, 0xFF, 0x0F, 0xFF, 0x0F, 0xFF, 0x0F, 0xFF, 0x0F, 0xFF, 0x0F, 0xFF, 0x0F, 0xFF, 0x2F, 0xFF, 0x0F, 0xFF, 0x0F, 0xFF, 0x0F, 0xFF, 0x0F, 0xFF, 0x0F, 
    0xCC, 0x3C, 0xEE, 0x9E, 0x66, 0x16, 0xEE, 0xEE, 0xFF, 0x0F, 0xFF, 0x0F, 0xFF, 0x2F, 0x88, 0x08, 0xAA, 0x0A, 0xCC, 0x5C, 0xFF, 0x0F, 0xFF, 0x0F, 0xDD, 0xFD, 0xDD, 0xFD, 0xFF, 0x0F, 0xFF, 0x0F, 
    0xBB, 0x3B, 0xEE, 0xEE, 0xDD, 0xAD, 0xFF, 0x9F, 0xFF, 0x0F, 0x88, 0x08, 0xFF, 0x0F, 0x88, 0x08, 0xEE, 0xCE, 0xFF, 0x0F, 0xFF, 0x0F, 0xFF, 0x0F, 0xFF, 0x0F, 0x88, 0x08, 0xFF, 0x0F, 0xFF, 0x0F, 
    0xFF, 0x0F, 0xFF, 0x0F, 0xFF, 0x0F, 0xFF, 0x0F, 0xFF, 0x0F, 0xFF, 0x0F, 0xFF, 0x0F, 0xFF, 0x0F, 0xFF, 0x0F, 0xFF, 0x0F, 0xFF, 0x0F, 0xFF, 0x0F, 0xFF, 0x0F, 0xFF, 0x0F, 0xFF, 0x0F, 0xFF, 0x0F, 
    0xFF, 0x0F, 0xFF, 0x0F, 0xFF, 0x0F, 0xFF, 0x0F, 0xFF, 0x0F, 0xFF, 0x0F, 0xFF, 0x0F, 0xFF, 0x0F, 0xFF, 0x0F, 0xFF, 0x0F, 0xFF, 0x0F, 0xFF, 0x0F, 0xFF, 0x0F, 0xFF, 0x0F, 0xFF, 0x0F, 0xFF, 0x0F, 
    0xDD, 0xAD, 0xFF, 0x7F, 0xDD, 0xAD, 0xFF, 0x7F, 0x88, 0x08, 0xDD, 0xAD, 0xFF, 0x0F, 0x77, 0x17, 0xDD, 0xAD, 0xFF, 0x7F, 0xFF, 0x0F, 0xFF, 0x0F, 0xFF, 0x0F, 0xFF, 0x0F, 0xFF, 0x0F, 0xFF, 0x0F, 
    0xEE, 0xBE, 0xFF, 0x0F, 0xDD, 0xCD, 0xFF, 0x9F, 0xFF, 0x0F, 0xFF, 0x0F, 0xFF, 0x0F, 0xFF, 0x0F, 0x66, 0x16, 0xDD, 0xED, 0xFF, 0x0F, 0xFF, 0x0F, 0xFF, 0x7F, 0xFF, 0x0F, 0xFF, 0x0F, 0xFF, 0x0F, 
    0xFF, 0x0F, 0xFF, 0x0F, 0xFF, 0x0F, 0xFF, 0x0F, 0xFF, 0x0F, 0xFF, 0x0F, 0xFF, 0x0F, 0xFF, 0x0F, 0xFF, 0x0F, 0xFF, 0x0F, 0xFF, 0x0F, 0xFF, 0x0F, 0xFF, 0x0F, 0xFF, 0x0F, 0xFF, 0x0F, 0xFF, 0x0F, 
    0xFF, 0x0F, 0xFF, 0x0F, 0xFF, 0x0F, 0xFF, 0x0F, 0xFF, 0x0F, 0xFF, 0x0F, 0xFF, 0x0F, 0xFF, 0x0F, 0xFF, 0x0F, 0xFF, 0x0F, 0xFF, 0x0F, 0xFF, 0x0F, 0xFF, 0x0F, 0xFF, 0x0F, 0xFF, 0x0F, 0xFF, 0x0F, 
    0xFF, 0x0F, 0xFF, 0x0F, 0xFF, 0x0F, 0xFF, 0x0F, 0xFF, 0x0F, 0xFF, 0x0F, 0xFF, 0x0F, 0xFF, 0x0F, 0xFF, 0x0F, 0xFF, 0x0F, 0xFF, 0x0F, 0xFF, 0x0F, 0xFF, 0x0F, 0xFF, 0x0F, 0x66, 0x16, 0xDD, 0xCD, 
    0xFF, 0x0F, 0x77, 0x17, 0xFF, 0x0F, 0x77, 0x17, 0xEE, 0xCE, 0xFF, 0x4F, 0xEE, 0xCE, 0xFF, 0x4F, 0xFF, 0x0F, 0x77, 0x17, 0xDD, 0xED, 0xDD, 0xAD, 0xEE, 0xCE, 0xFF, 0x4F, 0xEE, 0xCE, 0xFF, 0x4F, 
    0xFF, 0x0F, 0x88, 0x08, 0xFF, 0x0F, 0x66, 0x16, 0xDD, 0xAD, 0xFF, 0x9F, 0xEE, 0xEE, 0xFF, 0x2F, 0xFF, 0x0F, 0xBB, 0x3B, 0xFF, 0x0F, 0x66, 0x16, 0xEE, 0xEE, 0xFF, 0x0F, 0xEE, 0xEE, 0xFF, 0x2F, 
    0xFF, 0x0F, 0xBB, 0x3B, 0xFF, 0x0F, 0x77, 0x17, 0xEE, 0xEE, 0xFF, 0x4F, 0xEE, 0xCE, 0xFF, 0x4F, 0xFF, 0x0F, 0x77, 0x17, 0xFF, 0x0F, 0x77, 0x17, 0xEE, 0xCE, 0xFF, 0x4F, 0xEE, 0xCE, 0xFF, 0x4F, 
    0xFF, 0x0F, 0xFF, 0x0F, 0xFF, 0x0F, 0xFF, 0x0F, 0xFF, 0x0F, 0xFF, 0x0F, 0xFF, 0x0F, 0xFF, 0x0F, 0xFF, 0x0F, 0xFF, 0x0F, 0xFF, 0x0F, 0x77, 0x17, 0xFF, 0x0F, 0xFF, 0x0F, 0xDD, 0xAD, 0xDD, 0xFD, 
    0xFF, 0x0F, 0xFF, 0x0F, 0xFF, 0x0F, 0xFF, 0x0F, 0xFF, 0x0F, 0xFF, 0x0F, 0xFF, 0x0F, 0xFF, 0x0F, 0xFF, 0x0F, 0xFF, 0x0F, 0xEE, 0xCE, 0xFF, 0x2F, 0xFF, 0x0F, 0xFF, 0x0F, 0xFF, 0x0F, 0xCC, 0x6C, 
    0x88, 0x08, 0xDD, 0xAD, 0x66, 0x16, 0xEE, 0xEE, 0xFF, 0x7F, 0xFF, 0x0F, 0xEE, 0x7E, 0xDD, 0x5D, 0xBB, 0x3B, 0xDD, 0xFD, 0x66, 0x16, 0xEE, 0xEE, 0xDD, 0xCD, 0xDD, 0xCD, 0xFF, 0x2F, 0xFF, 0x0F, 
    0xCC, 0x6C, 0xEE, 0xBE, 0xCC, 0x5C, 0xEE, 0xEE, 0xFF, 0x0F, 0xFF, 0x0F, 0xFF, 0x2F, 0xFF, 0x0F, 0xDD, 0xCD, 0xEE, 0xCE, 0xFF, 0x0F, 0xFF, 0x0F, 0xFF, 0x2F, 0xFF, 0x0F, 0xFF, 0x0F, 0xFF, 0x0F, 
    0xFF, 0x0F, 0x77, 0x17, 0xFF, 0x0F, 0xFF, 0x0F, 0xDD, 0xCD, 0xFF, 0x7F, 0xBB, 0x3B, 0xDD, 0xCD, 0xFF, 0x0F, 0xFF, 0x0F, 0xFF, 0x0F, 0xFF, 0x0F, 0xFF, 0x0F, 0xFF, 0x0F, 0xFF, 0x0F, 0xFF, 0x0F, 
    0xFF, 0x0F, 0xBB, 0x3B, 0xDD, 0xED, 0xEE, 0x9E, 0xEE, 0xEE, 0xFF, 0x4F, 0xDD, 0xAD, 0xFF, 0x4F, 0xFF, 0x0F, 0xFF, 0x0F, 0xFF, 0x0F, 0xFF, 0x0F, 0xFF, 0x0F, 0xFF, 0x0F, 0xFF, 0x0F, 0xFF, 0x0F, 
    0xFF, 0x0F, 0xFF, 0x0F, 0xFF, 0x0F, 0xFF, 0x0F, 0xFF, 0x0F, 0xFF, 0x0F, 0xFF, 0x0F, 0xFF, 0x0F, 0xFF, 0x0F, 0xFF, 0x0F, 0xFF, 0x0F, 0xFF, 0x0F, 0xFF, 0x0F, 0xFF, 0x0F, 0xFF, 0x0F, 0xFF, 0x0F, 
    0xFF, 0x0F, 0xFF, 0x0F, 0xFF, 0x0F, 0xFF, 0x0F, 0xFF, 0x0F, 0xFF, 0x0F, 0xFF, 0x0F, 0xFF, 0x0F, 0xFF, 0x0F, 0xFF, 0x0F, 0xFF, 0x0F, 0xFF, 0x0F, 0xFF, 0x0F, 0xFF, 0x0F, 0xFF, 0x0F, 0xFF, 0x0F, 
    0x88, 0x08, 0xDD, 0xAD, 0xFF, 0x0F, 0x77, 0x17, 0xEE, 0x9E, 0xFF, 0x0F, 0xDD, 0xAD, 0xDD, 0xFD, 0xFF, 0x0F, 0xFF, 0x0F, 0xFF, 0x0F, 0xFF, 0x0F, 0xFF, 0x0F, 0xFF, 0x0F, 0xFF, 0x0F, 0xFF, 0x0F, 
    0x88, 0x08, 0xFF, 0x4F, 0xDD, 0xED, 0xFF, 0x9F, 0xFF, 0x0F, 0xFF, 0x0F, 0xFF, 0x0F, 0xFF, 0x0F, 0xFF, 0x0F, 0xFF, 0x0F, 0xFF, 0x0F, 0xFF, 0x0F, 0xFF, 0x0F, 0xFF, 0x0F, 0xFF, 0x0F, 0xFF, 0x0F, 
    0xFF, 0x0F, 0xFF, 0x0F, 0xFF, 0x0F, 0xFF, 0x0F, 0xFF, 0x0F, 0xFF, 0x0F, 0xFF, 0x0F, 0xFF, 0x0F, 0xFF, 0x0F, 0xFF, 0x0F, 0xFF, 0x0F, 0xFF, 0x0F, 0xFF, 0x0F, 0xFF, 0x0F, 0xFF, 0x0F, 0xFF, 0x0F, 
    0xFF, 0x0F, 0xFF, 0x0F, 0xFF, 0x0F, 0xFF, 0x0F, 0xFF, 0x0F, 0xFF, 0x0F, 0xFF, 0x0F, 0xFF, 0x0F, 0xFF, 0x0F, 0xFF, 0x0F, 0xFF, 0x0F, 0xFF, 0x0F, 0xFF, 0x0F, 0xFF, 0x0F, 0xFF, 0x0F, 0xFF, 0x0F, 
    0x77, 0x17, 0xDD, 0xAD, 0xCC, 0x6C, 0xEE, 0xEE, 0xDD, 0xED, 0xFF, 0x7F, 0xFF, 0x0F, 0xFF, 0x0F, 0xCC, 0x6C, 0xEE, 0xBE, 0xDD, 0xFD, 0xDD, 0xFD, 0xFF, 0x0F, 0xFF, 0x0F, 0xEE, 0xEE, 0xFF, 0x0F, 
    0xFF, 0x0F, 0xFF, 0x0F, 0xFF, 0x0F, 0xFF, 0x0F, 0xFF, 0x0F, 0xFF, 0x0F, 0xFF, 0x0F, 0xFF, 0x0F, 0xFF, 0x0F, 0xFF, 0x0F, 0xFF, 0x0F, 0xFF, 0x0F, 0xFF, 0x0F, 0xFF, 0x0F, 0x66, 0x16, 0xDD, 0xCD, 
    0xCC, 0x6C, 0xEE, 0xBE, 0xCC, 0x6C, 0xEE, 0xBE, 0xFF, 0x0F, 0xFF, 0x0F, 0xFF, 0x0F, 0xFF, 0x0F, 0xCC, 0x6C, 0xEE, 0xBE, 0xCC, 0x6C, 0xEE, 0xBE, 0xFF, 0x0F, 0xFF, 0x0F, 0xFF, 0x0F, 0xFF, 0x0F, 
    0xFF, 0x0F, 0x88, 0x08, 0xFF, 0x0F, 0x66, 0x16, 0xDD, 0xAD, 0xEE, 0x9E, 0xEE, 0xEE, 0xFF, 0x2F, 0xFF, 0x0F, 0x66, 0x16, 0xFF, 0x0F, 0x66, 0x16, 0xEE, 0xEE, 0xFF, 0x2F, 0xEE, 0xEE, 0xFF, 0x2F, 
    0xFF, 0x0F, 0xFF, 0x0F, 0xFF, 0x0F, 0xFF, 0x0F, 0xFF, 0x0F, 0xFF, 0x0F, 0xFF, 0x0F, 0xFF, 0x0F, 0xFF, 0x0F, 0xFF, 0x0F, 0xDD, 0xED, 0xEE, 0x9E, 0xFF, 0x0F, 0xFF, 0x0F, 0xDD, 0xAD, 0xFF, 0x4F, 
    0x77, 0x17, 0xEE, 0xCE, 0x77, 0x17, 0xEE, 0xCE, 0xFF, 0x4F, 0xFF, 0x0F, 0xFF, 0x4F, 0xFF, 0x0F, 0x77, 0x17, 0xEE, 0xCE, 0x77, 0x17, 0xEE, 0xCE, 0xFF, 0x4F, 0xFF, 0x0F, 0xDD, 0x7D, 0xDD, 0xCD, 
    0xFF, 0x0F, 0xBB, 0x3B, 0xFF, 0x0F, 0x77, 0x17, 0xEE, 0xEE, 0xFF, 0x4F, 0xEE, 0xCE, 0xFF, 0x4F, 0xFF, 0x0F, 0x77, 0x17, 0xFF, 0x0F, 0x77, 0x17, 0xEE, 0xCE, 0xFF, 0x4F, 0xEE, 0xCE, 0xFF, 0x4F, 
    0x77, 0x17, 0xDD, 0xCD, 0x77, 0x17, 0xEE, 0xCE, 0xEE, 0x9E, 0xFF, 0x0F, 0xFF, 0x4F, 0xFF, 0x0F, 0x77, 0x17, 0xEE, 0xCE, 0x77, 0x17, 0xEE, 0xCE, 0xFF, 0x4F, 0xFF, 0x0F, 0xFF, 0x4F, 0xFF, 0x0F, 
    0xCC, 0x6C, 0xEE, 0xBE, 0xCC, 0x6C, 0xEE, 0xBE, 0xFF, 0x0F, 0xFF, 0x0F, 0xFF, 0x0F, 0xFF, 0x0F, 0xFF, 0x0F, 0xFF, 0x0F, 0xFF, 0x0F, 0xFF, 0x0F, 0xFF, 0x0F, 0xFF, 0x0F, 0xFF, 0x0F, 0xFF, 0x0F, 
    0xFF, 0x0F, 0x88, 0x08, 0xFF, 0x0F, 0xFF, 0x0F, 0xDD, 0xAD, 0xFF, 0x9F, 0x66, 0x16, 0xDD, 0xCD, 0xFF, 0x0F, 0xFF, 0x0F, 0xFF, 0x0F, 0xFF, 0x0F, 0xFF, 0x0F, 0xFF, 0x0F, 0xDD, 0x2D, 0xFF, 0x2F, 
    0xFF, 0x0F, 0xFF, 0x0F, 0xFF, 0x0F, 0xFF, 0x0F, 0xFF, 0x0F, 0xFF, 0x0F, 0xFF, 0x0F, 0xFF, 0x0F, 0xFF, 0x0F, 0xFF, 0x0F, 0xFF, 0x0F, 0xFF, 0x0F, 0xFF, 0x0F, 0xFF, 0x0F, 0xFF, 0x0F, 0xFF, 0x0F, 
    0xFF, 0x0F, 0xFF, 0x0F, 0xFF, 0x0F, 0xFF, 0x0F, 0xBB, 0x3B, 0xDD, 0xFD, 0xFF, 0x0F, 0xFF, 0x0F, 0xFF, 0x0F, 0xFF, 0x0F, 0xFF, 0x0F, 0xFF, 0x0F, 0xFF, 0x0F, 0xFF, 0x0F, 0xFF, 0x0F, 0xFF, 0x0F, 
    0xFF, 0x0F, 0xBB, 0x3B, 0xDD, 0xFD, 0xEE, 0xCE, 0xEE, 0xEE, 0xFF, 0x4F, 0xEE, 0xCE, 0xFF, 0x4F, 0xFF, 0x0F, 0x77, 0x17, 0xFF, 0x0F, 0xBB, 0x3B, 0xEE, 0xCE, 0xFF, 0x4F, 0xEE, 0xEE, 0xFF, 0x2F, 
    0x77, 0x17, 0xEE, 0xCE, 0x77, 0x17, 0xEE, 0xCE, 0xFF, 0x4F, 0xFF, 0x0F, 0xFF, 0x4F, 0xFF, 0x0F, 0xFF, 0x0F, 0xFF, 0x0F, 0xFF, 0x0F, 0xFF, 0x0F, 0xFF, 0x0F, 0xFF, 0x0F, 0xFF, 0x0F, 0xFF, 0x0F, 
    0xDD, 0xFD, 0xEE, 0xEE, 0xFF, 0x0F, 0xFF, 0x0F, 0xFF, 0x4F, 0xFF, 0x0F, 0xFF, 0x0F, 0xFF, 0x0F, 0xFF, 0x0F, 0xFF, 0x0F, 0xFF, 0x0F, 0xFF, 0x0F, 0xFF, 0x0F, 0xFF, 0x0F, 0xFF, 0x0F, 0xFF, 0x0F, 
    0xFF, 0x0F, 0xFF, 0x0F, 0xFF, 0x0F, 0xFF, 0x0F, 0xFF, 0x0F, 0xFF, 0x0F, 0xFF, 0x0F, 0xFF, 0x0F, 0xFF, 0x0F, 0xFF, 0x0F, 0xFF, 0x0F, 0xFF, 0x0F, 0xFF, 0x0F, 0xFF, 0x0F, 0xFF, 0x0F, 0xFF, 0x0F, 
    0xFF, 0x0F, 0xFF, 0x0F, 0xFF, 0x0F, 0xFF, 0x0F, 0xFF, 0x0F, 0xFF, 0x0F, 0xFF, 0x0F, 0xFF, 0x0F, 0xFF, 0x0F, 0xFF, 0x0F, 0xFF, 0x0F, 0xFF, 0x0F, 0xFF, 0x0F, 0xFF, 0x0F, 0xFF, 0x0F, 0xFF, 0x0F, 
    0xFF, 0x0F, 0xFF, 0x0F, 0xFF, 0x0F, 0xFF, 0x0F, 0xFF, 0x0F, 0xFF, 0x0F, 0xFF, 0x0F, 0xFF, 0x0F, 0xFF, 0x0F, 0xFF, 0x0F, 0xFF, 0x0F, 0xFF, 0x0F, 0xFF, 0x0F, 0xFF, 0x0F, 0xFF, 0x0F, 0xFF, 0x0F, 
    0xFF, 0x0F, 0xFF, 0x0F, 0xFF, 0x0F, 0xFF, 0x0F, 0xFF, 0x0F, 0xFF, 0x0F, 0xFF, 0x0F, 0xFF, 0x0F, 0xFF, 0x0F, 0xFF, 0x0F, 0xFF, 0x0F, 0xFF, 0x0F, 0xFF, 0x0F, 0xFF, 0x0F, 0xFF, 0x0F, 0xFF, 0x0F, 
    0xFF, 0x0F, 0xFF, 0x0F, 0xFF, 0x0F, 0xFF, 0x0F, 0xFF, 0x0F, 0xFF, 0x0F, 0xFF, 0x0F, 0xFF, 0x0F, 0xFF, 0x0F, 0xFF, 0x0F, 0xFF, 0x0F, 0xFF, 0x0F, 0xFF, 0x0F, 0xFF, 0x0F, 0xFF, 0x0F, 0xFF, 0x0F, 
    0xFF, 0x0F, 0xFF, 0x0F, 0xFF, 0x0F, 0xFF, 0x0F, 0xFF, 0x0F, 0xFF, 0x0F, 0xFF, 0x0F, 0xFF, 0x0F, 0xFF, 0x0F, 0xFF, 0x0F, 0xFF, 0x0F, 0xFF, 0x0F, 0xFF, 0x0F, 0xFF, 0x0F, 0xFF, 0x0F, 0xFF, 0x0F, 
    0xFF, 0x0F, 0xFF, 0x0F, 0xFF, 0x0F, 0xFF, 0x0F, 0xFF, 0x0F, 0xFF, 0x0F, 0xFF, 0x0F, 0xFF, 0x0F, 0xFF, 0x0F, 0xFF, 0x0F, 0xFF, 0x0F, 0xFF, 0x0F, 0xFF, 0x0F, 0xFF, 0x0F, 0xFF, 0x0F, 0xFF, 0x0F, 
    0xFF, 0x0F, 0xFF, 0x0F, 0xFF, 0x0F, 0xFF, 0x0F, 0xFF, 0x0F, 0xFF, 0x0F, 0xFF, 0x0F, 0xFF, 0x0F, 0xFF, 0x0F, 0xFF, 0x0F, 0xFF, 0x0F, 0xFF, 0x0F, 0xFF, 0x0F, 0xFF, 0x0F, 0xFF, 0x0F, 0xFF, 0x0F, 
    0xFF, 0x0F, 0xFF, 0x0F, 0xFF, 0x0F, 0xFF, 0x0F, 0xFF, 0x0F, 0xFF, 0x0F, 0xFF, 0x0F, 0xFF, 0x0F, 0xFF, 0x0F, 0xFF, 0x0F, 0xFF, 0x0F, 0xFF, 0x0F, 0xFF, 0x0F, 0xFF, 0x0F, 0xFF, 0x0F, 0xFF, 0x0F, 
    0xFF, 0x0F, 0xFF, 0x0F, 0xFF, 0x0F, 0xFF, 0x0F, 0xFF, 0x0F, 0xFF, 0x0F, 0xFF, 0x0F, 0xFF, 0x0F, 0xFF, 0x0F, 0xFF, 0x0F, 0xFF, 0x0F, 0xFF, 0x0F, 0xFF, 0x0F, 0xFF, 0x0F, 0xFF, 0x0F, 0xFF, 0x0F, 
    0xFF, 0x0F, 0xFF, 0x0F, 0xFF, 0x0F, 0xFF, 0x0F, 0xFF, 0x0F, 0xFF, 0x0F, 0xFF, 0x0F, 0xFF, 0x0F, 0xFF, 0x0F, 0xFF, 0x0F, 0xFF, 0x0F, 0xFF, 0x0F, 0xFF, 0x0F, 0xFF, 0x0F, 0xFF, 0x0F, 0xFF, 0x0F, 
    0xFF, 0x0F, 0xFF, 0x0F, 0xFF, 0x0F, 0xFF, 0x0F, 0xFF, 0x0F, 0xFF, 0x0F, 0xFF, 0x0F, 0xFF, 0x0F, 0xFF, 0x0F, 0xFF, 0x0F, 0xFF, 0x0F, 0xFF, 0x0F, 0xFF, 0x0F, 0xFF, 0x0F, 0xFF, 0x0F, 0xFF, 0x0F, 
    0xFF, 0x0F, 0xFF, 0x0F, 0xFF, 0x0F, 0xFF, 0x0F, 0xFF, 0x0F, 0xFF, 0x0F, 0xFF, 0x0F, 0xFF, 0x0F, 0xFF, 0x0F, 0xFF, 0x0F, 0xFF, 0x0F, 0xFF, 0x0F, 0xFF, 0x0F, 0xFF, 0x0F, 0xFF, 0x0F, 0xFF, 0x0F, 
    0xFF, 0x0F, 0xFF, 0x0F, 0xFF, 0x0F, 0xFF, 0x0F, 0xFF, 0x0F, 0xFF, 0x0F, 0xFF, 0x0F, 0xFF, 0x0F, 0xFF, 0x0F, 0xFF, 0x0F, 0xFF, 0x0F, 0xFF, 0x0F, 0xFF, 0x0F, 0xFF, 0x0F, 0xFF, 0x0F, 0xFF, 0x0F, 
    0xFF, 0x0F, 0xFF, 0x0F, 0xFF, 0x0F, 0xFF, 0x0F, 0xFF, 0x0F, 0xFF, 0x0F, 0xFF, 0x0F, 0xFF, 0x0F, 0xFF, 0x0F, 0xFF, 0x0F, 0xFF, 0x0F, 0xFF, 0x0F, 0xFF, 0x0F, 0xFF, 0x0F, 0xFF, 0x0F, 0xFF, 0x0F, 
    0xFF, 0x0F, 0xFF, 0x0F, 0xFF, 0x0F, 0xFF, 0x0F, 0xFF, 0x0F, 0xFF, 0x0F, 0xFF, 0x0F, 0xFF, 0x0F, 0xFF, 0x0F, 0xFF, 0x0F, 0xFF, 0x0F, 0xFF, 0x0F, 0xFF, 0x0F, 0xFF, 0x0F, 0xFF, 0x0F, 0xFF, 0x0F, 
    0xFF, 0x0F, 0xFF, 0x0F, 0xFF, 0x0F, 0xFF, 0x0F, 0xFF, 0x0F, 0xFF, 0x0F, 0xFF, 0x0F, 0xFF, 0x0F, 0xFF, 0x0F, 0xFF, 0x0F, 0xFF, 0x0F, 0xFF, 0x0F, 0xFF, 0x0F, 0xFF, 0x0F, 0xFF, 0x0F, 0xFF, 0x0F, 
    0xFF, 0x0F, 0xFF, 0x0F, 0xFF, 0x0F, 0xFF, 0x0F, 0xFF, 0x0F, 0xFF, 0x0F, 0xFF, 0x0F, 0xFF, 0x0F, 0xFF, 0x0F, 0xFF, 0x0F, 0xFF, 0x0F, 0xFF, 0x0F, 0xFF, 0x0F, 0xFF, 0x0F, 0xFF, 0x0F, 0xFF, 0x0F, 
    0xFF, 0x0F, 0xFF, 0x0F, 0xFF, 0x0F, 0xFF, 0x0F, 0xFF, 0x0F, 0xFF, 0x0F, 0xFF, 0x0F, 0xFF, 0x0F, 0xFF, 0x0F, 0xFF, 0x0F, 0xFF, 0x0F, 0xFF, 0x0F, 0xFF, 0x0F, 0xFF, 0x0F, 0xFF, 0x0F, 0xFF, 0x0F, 
    0xFF, 0x0F, 0xFF, 0x0F, 0xFF, 0x0F, 0xFF, 0x0F, 0xFF, 0x0F, 0xFF, 0x0F, 0xFF, 0x0F, 0xFF, 0x0F, 0xFF, 0x0F, 0xFF, 0x0F, 0xFF, 0x0F, 0xFF, 0x0F, 0xFF, 0x0F, 0xFF, 0x0F, 0xFF, 0x0F, 0xFF, 0x0F, 
    0xFF, 0x0F, 0xFF, 0x0F, 0xFF, 0x0F, 0xFF, 0x0F, 0xFF, 0x0F, 0xFF, 0x0F, 0xFF, 0x0F, 0xFF, 0x0F, 0xFF, 0x0F, 0xFF, 0x0F, 0xFF, 0x0F, 0xFF, 0x0F, 0xFF, 0x0F, 0xFF, 0x0F, 0xFF, 0x0F, 0xFF, 0x0F, 
    0xFF, 0x0F, 0xFF, 0x0F, 0xFF, 0x0F, 0xFF, 0x0F, 0xFF, 0x0F, 0xFF, 0x0F, 0xFF, 0x0F, 0xFF, 0x0F, 0xFF, 0x0F, 0xFF, 0x0F, 0xFF, 0x0F, 0xFF, 0x0F, 0xFF, 0x0F, 0xFF, 0x0F, 0xFF, 0x0F, 0xFF, 0x0F, 
    0xFF, 0x0F, 0xFF, 0x0F, 0xFF, 0x0F, 0xFF, 0x0F, 0xFF, 0x0F, 0xFF, 0x0F, 0xFF, 0x0F, 0xFF, 0x0F, 0xFF, 0x0F, 0xFF, 0x0F, 0xFF, 0x0F, 0xFF, 0x0F, 0xFF, 0x0F, 0xFF, 0x0F, 0xFF, 0x0F, 0xFF, 0x0F, 
    0xFF, 0x0F, 0xFF, 0x0F, 0xFF, 0x0F, 0xFF, 0x0F, 0xFF, 0x0F, 0xFF, 0x0F, 0xFF, 0x0F, 0xFF, 0x0F, 0xFF, 0x0F, 0xFF, 0x0F, 0xFF, 0x0F, 0xFF, 0x0F, 0xFF, 0x0F, 0xFF, 0x0F, 0xFF, 0x0F, 0xFF, 0x0F, 
    0xFF, 0x0F, 0xFF, 0x0F, 0xFF, 0x0F, 0xFF, 0x0F, 0xFF, 0x0F, 0xFF, 0x0F, 0xFF, 0x0F, 0xFF, 0x0F, 0xFF, 0x0F, 0xFF, 0x0F, 0xFF, 0x0F, 0xFF, 0x0F, 0xFF, 0x0F, 0xFF, 0x0F, 0xFF, 0x0F, 0xFF, 0x0F, 
    0xFF, 0x0F, 0xFF, 0x0F, 0xFF, 0x0F, 0xFF, 0x0F, 0xFF, 0x0F, 0xFF, 0x0F, 0xFF, 0x0F, 0xFF, 0x0F, 0xFF, 0x0F, 0xFF, 0x0F, 0xFF, 0x0F, 0xFF, 0x0F, 0xFF, 0x0F, 0xFF, 0x0F, 0xFF, 0x0F, 0xFF, 0x0F, 
    0xFF, 0x0F, 0xFF, 0x0F, 0xFF, 0x0F, 0xFF, 0x0F, 0xFF, 0x0F, 0xFF, 0x0F, 0xFF, 0x0F, 0xFF, 0x0F, 0xFF, 0x0F, 0xFF, 0x0F, 0xFF, 0x0F, 0xFF, 0x0F, 0xFF, 0x0F, 0xFF, 0x0F, 0xFF, 0x0F, 0xFF, 0x0F, 
    0xFF, 0x0F, 0xFF, 0x0F, 0xFF, 0x0F, 0xFF, 0x0F, 0xFF, 0x0F, 0xFF, 0x0F, 0xFF, 0x0F, 0xFF, 0x0F, 0xFF, 0x0F, 0xFF, 0x0F, 0xFF, 0x0F, 0xFF, 0x0F, 0xFF, 0x0F, 0xFF, 0x0F, 0xFF, 0x0F, 0xFF, 0x0F, 
    0xFF, 0x0F, 0xFF, 0x0F, 0xFF, 0x0F, 0xFF, 0x0F, 0xFF, 0x0F, 0xFF, 0x0F, 0xFF, 0x0F, 0xFF, 0x0F, 0xFF, 0x0F, 0xFF, 0x0F, 0xFF, 0x0F, 0xFF, 0x0F, 0xFF, 0x0F, 0xFF, 0x0F, 0xFF, 0x0F, 0xFF, 0x0F, 
    0xFF, 0x0F, 0xFF, 0x0F, 0xFF, 0x0F, 0xFF, 0x0F, 0xFF, 0x0F, 0xFF, 0x0F, 0xFF, 0x0F, 0xFF, 0x0F, 0xFF, 0x0F, 0xFF, 0x0F, 0xFF, 0x0F, 0xFF, 0x0F, 0xFF, 0x0F, 0xFF, 0x0F, 0xFF, 0x0F, 0xFF, 0x0F, 
    0xFF, 0x0F, 0xFF, 0x0F, 0xFF, 0x0F, 0xFF, 0x0F, 0xFF, 0x0F, 0xFF, 0x0F, 0xFF, 0x0F, 0xFF, 0x0F, 0xFF, 0x0F, 0xFF, 0x0F, 0xFF, 0x0F, 0xFF, 0x0F, 0xFF, 0x0F, 0xFF, 0x0F, 0xFF, 0x0F, 0xFF, 0x0F, 
    0xFF, 0x0F, 0xFF, 0x0F, 0xFF, 0x0F, 0xFF, 0x0F, 0xFF, 0x0F, 0xFF, 0x0F, 0xFF, 0x0F, 0xFF, 0x0F, 0xFF, 0x0F, 0xFF, 0x0F, 0xFF, 0x0F, 0xFF, 0x0F, 0xFF, 0x0F, 0xFF, 0x0F, 0xFF, 0x0F, 0xFF, 0x0F, 
    0xFF, 0x0F, 0xFF, 0x0F, 0xFF, 0x0F, 0xFF, 0x0F, 0xFF, 0x0F, 0xFF, 0x0F, 0xFF, 0x0F, 0xFF, 0x0F, 0xFF, 0x0F, 0xFF, 0x0F, 0xFF, 0x0F, 0xFF, 0x0F, 0xFF, 0x0F, 0xFF, 0x0F, 0xFF, 0x0F, 0xFF, 0x0F, 
    0xFF, 0x0F, 0xFF, 0x0F, 0xFF, 0x0F, 0xFF, 0x0F, 0xFF, 0x0F, 0x88, 0x08, 0xFF, 0x0F, 0xFF, 0x0F, 0xFF, 0x0F, 0xFF, 0x0F, 0xDD, 0xED, 0xFF, 0x9F, 0xFF, 0x0F, 0xFF, 0x0F, 0xFF, 0x0F, 0x88, 0x08, 
    0xDD, 0xAD, 0xFF, 0x7F, 0xFF, 0x0F, 0xFF, 0x0F, 0xFF, 0x0F, 0xFF, 0x0F, 0xFF, 0x0F, 0xFF, 0x0F, 0xFF, 0x0F, 0xFF, 0x0F, 0xDD, 0xAD, 0xFF, 0x7F, 0xFF, 0x0F, 0xFF, 0x0F, 0xFF, 0x0F, 0xFF, 0x0F, 
    0xBB, 0x3B, 0xEE, 0xEE, 0x77, 0x17, 0xEE, 0xCE, 0xFF, 0x2F, 0x88, 0x08, 0xFF, 0x4F, 0x88, 0x08, 0x77, 0x17, 0xEE, 0xCE, 0x77, 0x17, 0xEE, 0xCE, 0xFF, 0x4F, 0x88, 0x08, 0xFF, 0x4F, 0x88, 0x08, 
    0xDD, 0xAD, 0xFF, 0x7F, 0xDD, 0xAD, 0xFF, 0x7F, 0xFF, 0x0F, 0xFF, 0x0F, 0xFF, 0x0F, 0xFF, 0x0F, 0xDD, 0xAD, 0xFF, 0x7F, 0xDD, 0xAD, 0xFF, 0x7F, 0xFF, 0x0F, 0xFF, 0x0F, 0xFF, 0x0F, 0xFF, 0x0F, 
    0x88, 0x08, 0xDD, 0xAD, 0xFF, 0x0F, 0xFF, 0x0F, 0xFF, 0x7F, 0xFF, 0x0F, 0xFF, 0x0F, 0xFF, 0x0F, 0xFF, 0x0F, 0xFF, 0x0F, 0x88, 0x08, 0xDD, 0xAD, 0xFF, 0x0F, 0xFF, 0x0F, 0xFF, 0x7F, 0xFF, 0x0F, 
    0x77, 0x17, 0xEE, 0xCE, 0x77, 0x17, 0xEE, 0xCE, 0xFF, 0x4F, 0xFF, 0x0F, 0xFF, 0x4F, 0xFF, 0x0F, 0x77, 0x17, 0xEE, 0xCE, 0x77, 0x17, 0xEE, 0xCE, 0xFF, 0x4F, 0xFF, 0x0F, 0xFF, 0x4F, 0xAA, 0x0A, 
    0x88, 0x08, 0xDD, 0xAD, 0x88, 0x08, 0xDD, 0xAD, 0xFF, 0x7F, 0xFF, 0x0F, 0xFF, 0x7F, 0xFF, 0x0F, 0x88, 0x08, 0xDD, 0xAD, 0x88, 0x08, 0xDD, 0xAD, 0xFF, 0x7F, 0xFF, 0x0F, 0xFF, 0x7F, 0xFF, 0x0F, 
    0x77, 0x17, 0xEE, 0xCE, 0x77, 0x17, 0xDD, 0xCD, 0xFF, 0x4F, 0xCC, 0x6C, 0xDD, 0xCD, 0xDD, 0xED, 0x77, 0x17, 0xDD, 0xCD, 0x77, 0x17, 0xEE, 0xCE, 0xDD, 0xFD, 0xEE, 0xEE, 0xDD, 0x5D, 0xDD, 0xCD, 
    0x77, 0x17, 0xEE, 0xCE, 0x77, 0x17, 0xEE, 0xCE, 0xFF, 0x4F, 0x88, 0x08, 0xFF, 0x4F, 0x88, 0x08, 0xFF, 0x0F, 0xFF, 0x0F, 0xFF, 0x0F, 0xFF, 0x0F, 0xFF, 0x0F, 0xFF, 0x0F, 0xFF, 0x0F, 0xFF, 0x0F, 
    0xDD, 0xAD, 0xFF, 0x7F, 0xDD, 0xAD, 0xFF, 0x7F, 0xFF, 0x0F, 0xFF, 0x0F, 0xFF, 0x0F, 0xFF, 0x0F, 0xFF, 0x0F, 0xFF, 0x0F, 0xFF, 0x0F, 0xFF, 0x0F, 0xFF, 0x0F, 0xFF, 0x0F, 0xFF, 0x0F, 0xFF, 0x0F, 
    0xFF, 0x0F, 0xFF, 0x0F, 0xFF, 0x0F, 0xFF, 0x0F, 0xFF, 0x0F, 0xFF, 0x0F, 0xFF, 0x0F, 0xFF, 0x0F, 0xFF, 0x0F, 0xFF, 0x0F, 0xFF, 0x0F, 0xFF, 0x0F, 0xFF, 0x0F, 0xFF, 0x0F, 0xFF, 0x0F, 0xFF, 0x0F, 
    0xFF, 0x0F, 0xFF, 0x0F, 0xFF, 0x0F, 0xFF, 0x0F, 0xFF, 0x0F, 0x66, 0x16, 0xFF, 0x0F, 0xFF, 0x0F, 0xFF, 0x0F, 0xFF, 0x0F, 0xFF, 0x0F, 0xFF, 0x0F, 0xFF, 0x0F, 0xFF, 0x0F, 0xFF, 0x0F, 0xFF, 0x0F, 
    0x88, 0x08, 0xDD, 0xAD, 0x88, 0x08, 0xDD, 0xAD, 0xFF, 0x7F, 0xFF, 0x0F, 0xFF, 0x7F, 0xFF, 0x0F, 0x88, 0x08, 0xDD, 0xAD, 0x77, 0x17, 0xDD, 0xCD, 0xFF, 0x7F, 0xFF, 0x0F, 0xFF, 0x7F, 0xFF, 0x0F, 
    0x77, 0x17, 0xEE, 0xCE, 0x77, 0x17, 0xEE, 0xCE, 0xFF, 0x4F, 0x66, 0x16, 0xFF, 0x4F, 0xFF, 0x0F, 0xFF, 0x0F, 0xFF, 0x0F, 0xFF, 0x0F, 0xFF, 0x0F, 0xFF, 0x0F, 0xFF, 0x0F, 0xFF, 0x0F, 0xFF, 0x0F, 
    0xDD, 0xFD, 0xEE, 0xBE, 0xFF, 0x0F, 0xFF, 0x0F, 0xFF, 0x0F, 0xFF, 0x0F, 0xFF, 0x0F, 0xFF, 0x0F, 0xFF, 0x0F, 0xFF, 0x0F, 0xFF, 0x0F, 0xFF, 0x0F, 0xFF, 0x0F, 0xFF, 0x0F, 0xFF, 0x0F, 0xFF, 0x0F, 
    0xFF, 0x0F, 0xFF, 0x0F, 0xFF, 0x0F, 0xFF, 0x0F, 0xFF, 0x0F, 0xFF, 0x0F, 0xFF, 0x0F, 0xFF, 0x0F, 0xFF, 0x0F, 0xFF, 0x0F, 0xFF, 0x0F, 0xFF, 0x0F, 0xFF, 0x0F, 0xFF, 0x0F, 0xFF, 0x0F, 0xFF, 0x0F, 
    0xFF, 0x0F, 0xFF, 0x0F, 0xFF, 0x0F, 0xFF, 0x0F, 0xFF, 0x0F, 0x88, 0x08, 0xFF, 0x0F, 0x88, 0x08, 0xFF, 0x0F, 0xFF, 0x0F, 0xCC, 0x8C, 0xEE, 0xBE, 0xFF, 0x0F, 0x88, 0x08, 0xFF, 0x0F, 0x88, 0x08, 
    0xDD, 0xAD, 0xFF, 0x7F, 0xDD, 0xAD, 0xFF, 0x7F, 0xFF, 0x0F, 0xFF, 0x0F, 0xFF, 0x0F, 0xFF, 0x0F, 0xDD, 0xAD, 0xFF, 0x7F, 0xDD, 0xAD, 0xFF, 0x7F, 0xFF, 0x0F, 0xFF, 0x0F, 0xFF, 0x0F, 0x77, 0x17, 
    0xEE, 0xEE, 0xFF, 0x2F, 0xFF, 0x7F, 0xFF, 0x0F, 0xFF, 0x0F, 0x88, 0x08, 0xFF, 0x0F, 0x88, 0x08, 0xFF, 0x0F, 0xFF, 0x0F, 0xFF, 0x9F, 0xFF, 0x0F, 0xFF, 0x0F, 0x88, 0x08, 0xFF, 0x0F, 0x88, 0x08, 
    0xDD, 0xAD, 0xFF, 0x7F, 0xDD, 0xAD, 0xFF, 0x7F, 0xFF, 0x0F, 0x77, 0x17, 0xFF, 0x0F, 0x77, 0x17, 0xDD, 0xAD, 0xFF, 0x7F, 0xDD, 0xAD, 0xFF, 0x7F, 0xFF, 0x0F, 0x77, 0x17, 0xFF, 0x0F, 0x77, 0x17, 
    0xFF, 0x0F, 0xFF, 0x0F, 0xFF, 0x0F, 0xFF, 0x0F, 0xFF, 0x0F, 0xFF, 0x0F, 0xFF, 0x0F, 0xFF, 0x0F, 0xFF, 0x0F, 0xFF, 0x0F, 0xEE, 0xCE, 0xDD, 0x8D, 0xFF, 0x0F, 0xFF, 0x0F, 0xDD, 0xFD, 0xEE, 0xEE, 
    0xFF, 0x0F, 0xFF, 0x0F, 0xFF, 0x0F, 0xFF, 0x0F, 0xFF, 0x0F, 0xFF, 0x0F, 0xFF, 0x0F, 0xFF, 0x0F, 0xFF, 0x0F, 0xFF, 0x0F, 0xEE, 0x7E, 0xDD, 0x8D, 0xFF, 0x0F, 0xFF, 0x0F, 0xDD, 0xFD, 0xEE, 0xEE, 
    0xDD, 0xCD, 0xFF, 0x7F, 0xEE, 0xCE, 0xFF, 0x4F, 0xFF, 0x0F, 0xCC, 0x6C, 0xFF, 0x0F, 0x66, 0x16, 0xEE, 0xCE, 0xFF, 0x4F, 0xEE, 0xCE, 0xFF, 0x4F, 0xFF, 0x0F, 0x66, 0x16, 0xFF, 0x0F, 0x66, 0x16, 
    0xDD, 0xED, 0xFF, 0x7F, 0xEE, 0xEE, 0xFF, 0x2F, 0xAA, 0x0A, 0xCC, 0x8C, 0xFF, 0x0F, 0xBB, 0x3B, 0xEE, 0xEE, 0xFF, 0x2F, 0xEE, 0xEE, 0xFF, 0x2F, 0xFF, 0x0F, 0xBB, 0x3B, 0xFF, 0x0F, 0xBB, 0x3B, 
    0xEE, 0xEE, 0xFF, 0x4F, 0xCC, 0x6C, 0xEE, 0xEE, 0xFF, 0x0F, 0x88, 0x08, 0xFF, 0x0F, 0x88, 0x08, 0xFF, 0x0F, 0xFF, 0x0F, 0xFF, 0x0F, 0xFF, 0x0F, 0xFF, 0x0F, 0xFF, 0x0F, 0xFF, 0x0F, 0xFF, 0x0F, 
    0xDD, 0xAD, 0xFF, 0x7F, 0xDD, 0xAD, 0xFF, 0x7F, 0xFF, 0x0F, 0x77, 0x17, 0xFF, 0x0F, 0x77, 0x17, 0xFF, 0x0F, 0xFF, 0x0F, 0xFF, 0x0F, 0xFF, 0x0F, 0xFF, 0x0F, 0xFF, 0x0F, 0xFF, 0x0F, 0xFF, 0x0F, 
    0xFF, 0x0F, 0xFF, 0x0F, 0xFF, 0x0F, 0xFF, 0x0F, 0xFF, 0x0F, 0xFF, 0x0F, 0xFF, 0x0F, 0xFF, 0x0F, 0xFF, 0x0F, 0xFF, 0x0F, 0xFF, 0x0F, 0xFF, 0x0F, 0xFF, 0x0F, 0xFF, 0x0F, 0xFF, 0x0F, 0xFF, 0x0F, 
    0xFF, 0x0F, 0xFF, 0x0F, 0xFF, 0x0F, 0xFF, 0x0F, 0xFF, 0x0F, 0xFF, 0x0F, 0xFF, 0x0F, 0xFF, 0x0F, 0xFF, 0x0F, 0xFF, 0x0F, 0xFF, 0x0F, 0xFF, 0x0F, 0xFF, 0x0F, 0xFF, 0x0F, 0xFF, 0x0F, 0xFF, 0x0F, 
    0xEE, 0xCE, 0xFF, 0x4F, 0xEE, 0xCE, 0xFF, 0x4F, 0xFF, 0x0F, 0x66, 0x16, 0xFF, 0x0F, 0x66, 0x16, 0xFF, 0x0F, 0xFF, 0x0F, 0xFF, 0x0F, 0xFF, 0x0F, 0xFF, 0x0F, 0xFF, 0x0F, 0xFF, 0x0F, 0xFF, 0x0F, 
    0xEE, 0xEE, 0xFF, 0x2F, 0xEE, 0xEE, 0xFF, 0x2F, 0xFF, 0x0F, 0xBB, 0x3B, 0xFF, 0x0F, 0xBB, 0x3B, 0xFF, 0x0F, 0xFF, 0x0F, 0xFF, 0x0F, 0xFF, 0x0F, 0xFF, 0x0F, 0xFF, 0x0F, 0xFF, 0x0F, 0xFF, 0x0F, 
    0xFF, 0x0F, 0xFF, 0x0F, 0xFF, 0x0F, 0xFF, 0x0F, 0xFF, 0x0F, 0xFF, 0x0F, 0xFF, 0x0F, 0xFF, 0x0F, 0xFF, 0x0F, 0xFF, 0x0F, 0xFF, 0x0F, 0xFF, 0x0F, 0xFF, 0x0F, 0xFF, 0x0F, 0xFF, 0x0F, 0xFF, 0x0F, 
    0xFF, 0x0F, 0xFF, 0x0F, 0xFF, 0x0F, 0xFF, 0x0F, 0xFF, 0x0F, 0xFF, 0x0F, 0xFF, 0x0F, 0xFF, 0x0F, 0xFF, 0x0F, 0xFF, 0x0F, 0xFF, 0x0F, 0xFF, 0x0F, 0xFF, 0x0F, 0xFF, 0x0F, 0xFF, 0x0F, 0xFF, 0x0F, 
    0xFF, 0x0F, 0xFF, 0x0F, 0xFF, 0x0F, 0xFF, 0x0F, 0xFF, 0x0F, 0xFF, 0x0F, 0xFF, 0x0F, 0xFF, 0x0F, 0xFF, 0x0F, 0xFF, 0x0F, 0xFF, 0x0F, 0xFF, 0x0F, 0xFF, 0x0F, 0xFF, 0x0F, 0xFF, 0x0F, 0xFF, 0x0F, 
    0xFF, 0x0F, 0xFF, 0x0F, 0xFF, 0x0F, 0xFF, 0x0F, 0xFF, 0x0F, 0xFF, 0x0F, 0xFF, 0x0F, 0xFF, 0x0F, 0xFF, 0x0F, 0xFF, 0x0F, 0xFF, 0x0F, 0xFF, 0x0F, 0xFF, 0x0F, 0xFF, 0x0F, 0xFF, 0x0F, 0xFF, 0x0F, 
    0xFF, 0x0F, 0xFF, 0x0F, 0xFF, 0x0F, 0xFF, 0x0F, 0xFF, 0x0F, 0xFF, 0x0F, 0xFF, 0x0F, 0xFF, 0x0F, 0xFF, 0x0F, 0xFF, 0x0F, 0xFF, 0x0F, 0xFF, 0x0F, 0xFF, 0x0F, 0xFF, 0x0F, 0xFF, 0x0F, 0xFF, 0x0F, 
    0xFF, 0x0F, 0xFF, 0x0F, 0xFF, 0x0F, 0xFF, 0x0F, 0xFF, 0x0F, 0xFF, 0x0F, 0xFF, 0x0F, 0xFF, 0x0F, 0xFF, 0x0F, 0xFF, 0x0F, 0xFF, 0x0F, 0xFF, 0x0F, 0xFF, 0x0F, 0xFF, 0x0F, 0xFF, 0x0F, 0xFF, 0x0F, 
    0xFF, 0x0F, 0xFF, 0x0F, 0xFF, 0x0F, 0xFF, 0x0F, 0xFF, 0x0F, 0xFF, 0x0F, 0xFF, 0x0F, 0xFF, 0x0F, 0xFF, 0x0F, 0xFF, 0x0F, 0xFF, 0x0F, 0xFF, 0x0F, 0xFF, 0x0F, 0xFF, 0x0F, 0xFF, 0x0F, 0xFF, 0x0F, 
    0xFF, 0x0F, 0xFF, 0x0F, 0xFF, 0x0F, 0xFF, 0x0F, 0xFF, 0x0F, 0xFF, 0x0F, 0xFF, 0x0F, 0xFF, 0x0F, 0xFF, 0x0F, 0xFF, 0x0F, 0xFF, 0x0F, 0xFF, 0x0F, 0xFF, 0x0F, 0xFF, 0x0F, 0xFF, 0x0F, 0xFF, 0x0F, 
    0xFF, 0x0F, 0xFF, 0x0F, 0xFF, 0x0F, 0xFF, 0x0F, 0xFF, 0x0F, 0xFF, 0x0F, 0xFF, 0x0F, 0xFF, 0x0F, 0xFF, 0x0F, 0xFF, 0x0F, 0xFF, 0x0F, 0xFF, 0x0F, 0xFF, 0x0F, 0xFF, 0x0F, 0xFF, 0x0F, 0xFF, 0x0F, 
    0xFF, 0x0F, 0xFF, 0x0F, 0xFF, 0x0F, 0xFF, 0x0F, 0xFF, 0x0F, 0xFF, 0x0F, 0xFF, 0x0F, 0xFF, 0x0F, 0xFF, 0x0F, 0xFF, 0x0F, 0xFF, 0x0F, 0xFF, 0x0F, 0xFF, 0x0F, 0xFF, 0x0F, 0xFF, 0x0F, 0xFF, 0x0F, 
    0xFF, 0x0F, 0xFF, 0x0F, 0xFF, 0x0F, 0xFF, 0x0F, 0xFF, 0x0F, 0xFF, 0x0F, 0xFF, 0x0F, 0xFF, 0x0F, 0xFF, 0x0F, 0xFF, 0x0F, 0xFF, 0x0F, 0xFF, 0x0F, 0xFF, 0x0F, 0xFF, 0x0F, 0xFF, 0x0F, 0xFF, 0x0F, 
    0xFF, 0x0F, 0xFF, 0x0F, 0xFF, 0x0F, 0xFF, 0x0F, 0xFF, 0x0F, 0xFF, 0x0F, 0xFF, 0x0F, 0xFF, 0x0F, 0xFF, 0x0F, 0xFF, 0x0F, 0xFF, 0x0F, 0xFF, 0x0F, 0xFF, 0x0F, 0xFF, 0x0F, 0xFF, 0x0F, 0xFF, 0x0F, 
    0xFF, 0x0F, 0xFF, 0x0F, 0xFF, 0x0F, 0xFF, 0x0F, 0xFF, 0x0F, 0xFF, 0x0F, 0xFF, 0x0F, 0xFF, 0x0F, 0xFF, 0x0F, 0xFF, 0x0F, 0xFF, 0x0F, 0xFF, 0x0F, 0xFF, 0x0F, 0xFF, 0x0F, 0xFF, 0x0F, 0xFF, 0x0F, 
    0xFF, 0x0F, 0xFF, 0x0F, 0xFF, 0x0F, 0xFF, 0x0F, 0xFF, 0x0F, 0xFF, 0x0F, 0xFF, 0x0F, 0xFF, 0x0F, 0xFF, 0x0F, 0xFF, 0x0F, 0xFF, 0x0F, 0xFF, 0x0F, 0xFF, 0x0F, 0xFF, 0x0F, 0xFF, 0x0F, 0xFF, 0x0F, 
    0xFF, 0x0F, 0xFF, 0x0F, 0xFF, 0x0F, 0xFF, 0x0F, 0xFF, 0x0F, 0xFF, 0x0F, 0xFF, 0x0F, 0xFF, 0x0F, 0xFF, 0x0F, 0xFF, 0x0F, 0xFF, 0x0F, 0xFF, 0x0F, 0xFF, 0x0F, 0xFF, 0x0F, 0xFF, 0x0F, 0xFF, 0x0F, 
    0xFF, 0x0F, 0xFF, 0x0F, 0xFF, 0x0F, 0xFF, 0x0F, 0xFF, 0x0F, 0xFF, 0x0F, 0xFF, 0x0F, 0xFF, 0x0F, 0xFF, 0x0F, 0xFF, 0x0F, 0xFF, 0x0F, 0xFF, 0x0F, 0xFF, 0x0F, 0xFF, 0x0F, 0xFF, 0x0F, 0xFF, 0x0F, 
    0xFF, 0x0F, 0xFF, 0x0F, 0xFF, 0x0F, 0xFF, 0x0F, 0xFF, 0x0F, 0xFF, 0x0F, 0xFF, 0x0F, 0xFF, 0x0F, 0xFF, 0x0F, 0xFF, 0x0F, 0xFF, 0x0F, 0xFF, 0x0F, 0xFF, 0x0F, 0xFF, 0x0F, 0xFF, 0x0F, 0xFF, 0x0F, 
    0xFF, 0x0F, 0xFF, 0x0F, 0xFF, 0x0F, 0xFF, 0x0F, 0xFF, 0x0F, 0xFF, 0x0F, 0xFF, 0x0F, 0xFF, 0x0F, 0xFF, 0x0F, 0xFF, 0x0F, 0xFF, 0x0F, 0xFF, 0x0F, 0xFF, 0x0F, 0xFF, 0x0F, 0xFF, 0x0F, 0xFF, 0x0F, 
    0xFF, 0x0F, 0xFF, 0x0F, 0xFF, 0x0F, 0xFF, 0x0F, 0xFF, 0x0F, 0xFF, 0x0F, 0xFF, 0x0F, 0xFF, 0x0F, 0xFF, 0x0F, 0xFF, 0x0F, 0xFF, 0x0F, 0xFF, 0x0F, 0xFF, 0x0F, 0xFF, 0x0F, 0xFF, 0x0F, 0xFF, 0x0F, 
    0xFF, 0x0F, 0xFF, 0x0F, 0xFF, 0x0F, 0xFF, 0x0F, 0xFF, 0x0F, 0xFF, 0x0F, 0xFF, 0x0F, 0xFF, 0x0F, 0xFF, 0x0F, 0xFF, 0x0F, 0xFF, 0x0F, 0xFF, 0x0F, 0xFF, 0x0F, 0xFF, 0x0F, 0xFF, 0x0F, 0xFF, 0x0F, 
    0xFF, 0x0F, 0xFF, 0x0F, 0xFF, 0x0F, 0xFF, 0x0F, 0xFF, 0x0F, 0xFF, 0x0F, 0xFF, 0x0F, 0xFF, 0x0F, 0xFF, 0x0F, 0xFF, 0x0F, 0xFF, 0x0F, 0xFF, 0x0F, 0xFF, 0x0F, 0xFF, 0x0F, 0xFF, 0x0F, 0xFF, 0x0F, 
    0xFF, 0x0F, 0xFF, 0x0F, 0xFF, 0x0F, 0xFF, 0x0F, 0xFF, 0x0F, 0xFF, 0x0F, 0xFF, 0x0F, 0xFF, 0x0F, 0xFF, 0x0F, 0xFF, 0x0F, 0xFF, 0x0F, 0xFF, 0x0F, 0xFF, 0x0F, 0xFF, 0x0F, 0xFF, 0x0F, 0xFF, 0x0F, 
    0xFF, 0x0F, 0xFF, 0x0F, 0xFF, 0x0F, 0xFF, 0x0F, 0xFF, 0x0F, 0xFF, 0x0F, 0xFF, 0x0F, 0xFF, 0x0F, 0xFF, 0x0F, 0xFF, 0x0F, 0xFF, 0x0F, 0xFF, 0x0F, 0xFF, 0x0F, 0xFF, 0x0F, 0xFF, 0x0F, 0xFF, 0x0F, 
    0xFF, 0x0F, 0xFF, 0x0F, 0xFF, 0x0F, 0xFF, 0x0F, 0xFF, 0x0F, 0xFF, 0x0F, 0xFF, 0x0F, 0xFF, 0x0F, 0xFF, 0x0F, 0xFF, 0x0F, 0xFF, 0x0F, 0xFF, 0x0F, 0xFF, 0x0F, 0xFF, 0x0F, 0xFF, 0x0F, 0xFF, 0x0F, 
    0xFF, 0x0F, 0xFF, 0x0F, 0xFF, 0x0F, 0xFF, 0x0F, 0xFF, 0x0F, 0xFF, 0x0F, 0xFF, 0x0F, 0xFF, 0x0F, 0xFF, 0x0F, 0xFF, 0x0F, 0xFF, 0x0F, 0xFF, 0x0F, 0xFF, 0x0F, 0xFF, 0x0F, 0xFF, 0x0F, 0xFF, 0x0F, 
    0xFF, 0x0F, 0xFF, 0x0F, 0xFF, 0x0F, 0xFF, 0x0F, 0xFF, 0x0F, 0xFF, 0x0F, 0xFF, 0x0F, 0xFF, 0x0F, 0xFF, 0x0F, 0xFF, 0x0F, 0xFF, 0x0F, 0xFF, 0x0F, 0xFF, 0x0F, 0xFF, 0x0F, 0xFF, 0x0F, 0xFF, 0x0F, 
    0xFF, 0x0F, 0xFF, 0x0F, 0xFF, 0x0F, 0xFF, 0x0F, 0xFF, 0x0F, 0xFF, 0x0F, 0xFF, 0x0F, 0xFF, 0x0F, 0xFF, 0x0F, 0xFF, 0x0F, 0xFF, 0x0F, 0xFF, 0x0F, 0xFF, 0x0F, 0xFF, 0x0F, 0xFF, 0x0F, 0xFF, 0x0F, 
    0xFF, 0x0F, 0xFF, 0x0F, 0xFF, 0x0F, 0xFF, 0x0F, 0xFF, 0x0F, 0xFF, 0x0F, 0xFF, 0x0F, 0xFF, 0x0F, 0xFF, 0x0F, 0xFF, 0x0F, 0xFF, 0x0F, 0xFF, 0x0F, 0xFF, 0x0F, 0xFF, 0x0F, 0xFF, 0x0F, 0xFF, 0x0F, 
    0xFF, 0x0F, 0xFF, 0x0F, 0xFF, 0x0F, 0xFF, 0x0F, 0xFF, 0x0F, 0xFF, 0x0F, 0xFF, 0x0F, 0xFF, 0x0F, 0xFF, 0x0F, 0xFF, 0x0F, 0xFF, 0x0F, 0xFF, 0x0F, 0xFF, 0x0F, 0xFF, 0x0F, 0xFF, 0x0F, 0xFF, 0x0F, 
    0xFF, 0x0F, 0xFF, 0x0F, 0xFF, 0x0F, 0xFF, 0x0F, 0xFF, 0x0F, 0xFF, 0x0F, 0xFF, 0x0F, 0xFF, 0x0F, 0xFF, 0x0F, 0xFF, 0x0F, 0xFF, 0x0F, 0xFF, 0x0F, 0xFF, 0x0F, 0xFF, 0x0F, 0xFF, 0x0F, 0xFF, 0x0F, 
    0xFF, 0x0F, 0xFF, 0x0F, 0xFF, 0x0F, 0xFF, 0x0F, 0xFF, 0x0F, 0xFF, 0x0F, 0xFF, 0x0F, 0xFF, 0x0F, 0xFF, 0x0F, 0xFF, 0x0F, 0xFF, 0x0F, 0xFF, 0x0F, 0xFF, 0x0F, 0xFF, 0x0F, 0xFF, 0x0F, 0xFF, 0x0F, 
    0xFF, 0x0F, 0xFF, 0x0F, 0xFF, 0x0F, 0xFF, 0x0F, 0xFF, 0x0F, 0xFF, 0x0F, 0xFF, 0x0F, 0xFF, 0x0F, 0xFF, 0x0F, 0xFF, 0x0F, 0xFF, 0x0F, 0xFF, 0x0F, 0xFF, 0x0F, 0xFF, 0x0F, 0xFF, 0x0F, 0xFF, 0x0F, 
    0xFF, 0x0F, 0xFF, 0x0F, 0xFF, 0x0F, 0xFF, 0x0F, 0xFF, 0x0F, 0xFF, 0x0F, 0xFF, 0x0F, 0xFF, 0x0F, 0xFF, 0x0F, 0xFF, 0x0F, 0xFF, 0x0F, 0xFF, 0x0F, 0xFF, 0x0F, 0xFF, 0x0F, 0xFF, 0x0F, 0xFF, 0x0F, 
    0xFF, 0x0F, 0xFF, 0x0F, 0xFF, 0x0F, 0xFF, 0x0F, 0xFF, 0x0F, 0xFF, 0x0F, 0xFF, 0x0F, 0xFF, 0x0F, 0xFF, 0x0F, 0xFF, 0x0F, 0xFF, 0x0F, 0xFF, 0x0F, 0xFF, 0x0F, 0xFF, 0x0F, 0xFF, 0x0F, 0xFF, 0x0F, 
    0xFF, 0x0F, 0xFF, 0x0F, 0xFF, 0x0F, 0xFF, 0x0F, 0xFF, 0x0F, 0xFF, 0x0F, 0xFF, 0x0F, 0xFF, 0x0F, 0xFF, 0x0F, 0xFF, 0x0F, 0xFF, 0x0F, 0xFF, 0x0F, 0xFF, 0x0F, 0xFF, 0x0F, 0xFF, 0x0F, 0xFF, 0x0F, 
    0xFF, 0x0F, 0xFF, 0x0F, 0xFF, 0x0F, 0xFF, 0x0F, 0xFF, 0x0F, 0xFF, 0x0F, 0xFF, 0x0F, 0xFF, 0x0F, 0xFF, 0x0F, 0xFF, 0x0F, 0xFF, 0x0F, 0xFF, 0x0F, 0xFF, 0x0F, 0xFF, 0x0F, 0xFF, 0x0F, 0xFF, 0x0F, 
    0xFF, 0x0F, 0xFF, 0x0F, 0xFF, 0x0F, 0xAA, 0x0A, 0xFF, 0x0F, 0xFF, 0x0F, 0xDD, 0x7D, 0xFF, 0x4F, 0x66, 0x16, 0xEE, 0xCE, 0xFF, 0x0F, 0xBB, 0x3B, 0xDD, 0xCD, 0xDD, 0xAD, 0xDD, 0xFD, 0xEE, 0xCE, 
    0xFF, 0x0F, 0xFF, 0x0F, 0xFF, 0x0F, 0xFF, 0x0F, 0xFF, 0x0F, 0xFF, 0x0F, 0xFF, 0x0F, 0xFF, 0x0F, 0xEE, 0x9E, 0xFF, 0x0F, 0xFF, 0x2F, 0xFF, 0x0F, 0xAA, 0x0A, 0xDD, 0x2D, 0xBB, 0x3B, 0xDD, 0xFD, 
    0xFF, 0x0F, 0xFF, 0x0F, 0xFF, 0x0F, 0xFF, 0x0F, 0xFF, 0x0F, 0xFF, 0x0F, 0xFF, 0x0F, 0xFF, 0x0F, 0xFF, 0x0F, 0xFF, 0x0F, 0xFF, 0x0F, 0xFF, 0x0F, 0xFF, 0x0F, 0xFF, 0x0F, 0xFF, 0x0F, 0xFF, 0x0F, 
    0xFF, 0x0F, 0xFF, 0x0F, 0xFF, 0x0F, 0xFF, 0x0F, 0xFF, 0x0F, 0xFF, 0x0F, 0xFF, 0x0F, 0xFF, 0x0F, 0xFF, 0x0F, 0xFF, 0x0F, 0xFF, 0x0F, 0xFF, 0x0F, 0xFF, 0x0F, 0xFF, 0x0F, 0xFF, 0x0F, 0xFF, 0x0F, 
    0x77, 0x17, 0xEE, 0xCE, 0x77, 0x17, 0xEE, 0xCE, 0xFF, 0x4F, 0xFF, 0x0F, 0xFF, 0x4F, 0xFF, 0x0F, 0xCC, 0x3C, 0xEE, 0xCE, 0xDD, 0xFD, 0xDD, 0xFD, 0xEE, 0x5E, 0xDD, 0x2D, 0xDD, 0xFD, 0xDD, 0xFD, 
    0xFF, 0x0F, 0xFF, 0x0F, 0xFF, 0x0F, 0xFF, 0x0F, 0xFF, 0x0F, 0xFF, 0x0F, 0xFF, 0x0F, 0xFF, 0x0F, 0xFF, 0x0F, 0xFF, 0x0F, 0xFF, 0x9F, 0xFF, 0x0F, 0xFF, 0x0F, 0xFF, 0x0F, 0xFF, 0x0F, 0xFF, 0x0F, 
    0xAA, 0x0A, 0xDD, 0x8D, 0xFF, 0x0F, 0xFF, 0x0F, 0xEE, 0x9E, 0xEE, 0xCE, 0xFF, 0x0F, 0xFF, 0x2F, 0xFF, 0x0F, 0xFF, 0x0F, 0xFF, 0x0F, 0xFF, 0x0F, 0xFF, 0x0F, 0xFF, 0x0F, 0xFF, 0x0F, 0xFF, 0x0F, 
    0xFF, 0x4F, 0xFF, 0x0F, 0xFF, 0x0F, 0xFF, 0x0F, 0xFF, 0x0F, 0xFF, 0x0F, 0xFF, 0x0F, 0xFF, 0x0F, 0xFF, 0x0F, 0xFF, 0x0F, 0xFF, 0x0F, 0xFF, 0x0F, 0xFF, 0x0F, 0xFF, 0x0F, 0xFF, 0x0F, 0xFF, 0x0F, 
    0xFF, 0x0F, 0xFF, 0x0F, 0xFF, 0x0F, 0xFF, 0x0F, 0xFF, 0x0F, 0xFF, 0x0F, 0xFF, 0x0F, 0xFF, 0x0F, 0xFF, 0x0F, 0xFF, 0x0F, 0xFF, 0x0F, 0xFF, 0x0F, 0xFF, 0x0F, 0xFF, 0x0F, 0xFF, 0x0F, 0xFF, 0x0F, 
    0xFF, 0x0F, 0xFF, 0x0F, 0xFF, 0x0F, 0xFF, 0x0F, 0xFF, 0x0F, 0xFF, 0x0F, 0xFF, 0x0F, 0xFF, 0x0F, 0xFF, 0x0F, 0xFF, 0x0F, 0xFF, 0x0F, 0xFF, 0x0F, 0xFF, 0x0F, 0xFF, 0x0F, 0xFF, 0x0F, 0xFF, 0x0F, 
    0x77, 0x17, 0xEE, 0xCE, 0x77, 0x17, 0xEE, 0xCE, 0xFF, 0x4F, 0xFF, 0x0F, 0xFF, 0x4F, 0xFF, 0x0F, 0x77, 0x17, 0xEE, 0xCE, 0xFF, 0x0F, 0xFF, 0x0F, 0xFF, 0x4F, 0xFF, 0x0F, 0xFF, 0x0F, 0xFF, 0x0F, 
    0xFF, 0x0F, 0xFF, 0x0F, 0xFF, 0x0F, 0xFF, 0x0F, 0xFF, 0x0F, 0xFF, 0x0F, 0xFF, 0x0F, 0xFF, 0x0F, 0xFF, 0x0F, 0xFF, 0x0F, 0xFF, 0x0F, 0xFF, 0x0F, 0xFF, 0x0F, 0xFF, 0x0F, 0x66, 0x16, 0xEE, 0xEE, 
    0xFF, 0x0F, 0xFF, 0x0F, 0xFF, 0x0F, 0xFF, 0x0F, 0xFF, 0x0F, 0xFF, 0x0F, 0xFF, 0x0F, 0xFF, 0x0F, 0xFF, 0x0F, 0xFF, 0x0F, 0xFF, 0x0F, 0xFF, 0x0F, 0xFF, 0x0F, 0xFF, 0x0F, 0xFF, 0x0F, 0xFF, 0x0F, 
    0xFF, 0x0F, 0xFF, 0x0F, 0xFF, 0x0F, 0xFF, 0x0F, 0x66, 0x16, 0xEE, 0xEE, 0xCC, 0x5C, 0xFF, 0x7F, 0xFF, 0x0F, 0xFF, 0x0F, 0xFF, 0x0F, 0xFF, 0x0F, 0xFF, 0x0F, 0xFF, 0x0F, 0xFF, 0x0F, 0xFF, 0x0F, 
    0xFF, 0x0F, 0xFF, 0x0F, 0xFF, 0x0F, 0xFF, 0x0F, 0xFF, 0x0F, 0xFF, 0x0F, 0xFF, 0x0F, 0xFF, 0x0F, 0xFF, 0x0F, 0xFF, 0x0F, 0xFF, 0x0F, 0xFF, 0x0F, 0xFF, 0x0F, 0xFF, 0x0F, 0xFF, 0x0F, 0xFF, 0x0F, 
    0xFF, 0x0F, 0xFF, 0x0F, 0xFF, 0x0F, 0xFF, 0x0F, 0xFF, 0x0F, 0xFF, 0x0F, 0xFF, 0x0F, 0xFF, 0x0F, 0xFF, 0x0F, 0xFF, 0x0F, 0xFF, 0x0F, 0xFF, 0x0F, 0xFF, 0x0F, 0xFF, 0x0F, 0xFF, 0x0F, 0xFF, 0x0F, 
    0xFF, 0x0F, 0xFF, 0x0F, 0xFF, 0x0F, 0xFF, 0x0F, 0xFF, 0x0F, 0xFF, 0x0F, 0xFF, 0x0F, 0xFF, 0x0F, 0xFF, 0x0F, 0xFF, 0x0F, 0xFF, 0x0F, 0xFF, 0x0F, 0xFF, 0x0F, 0xFF, 0x0F, 0xFF, 0x0F, 0xFF, 0x0F, 
    0xFF, 0x0F, 0xFF, 0x0F, 0xFF, 0x0F, 0xFF, 0x0F, 0xFF, 0x0F, 0xFF, 0x0F, 0xFF, 0x0F, 0xFF, 0x0F, 0xFF, 0x0F, 0xFF, 0x0F, 0xFF, 0x0F, 0xFF, 0x0F, 0xFF, 0x0F, 0xFF, 0x0F, 0xFF, 0x0F, 0xFF, 0x0F, 
    0xFF, 0x0F, 0xFF, 0x0F, 0xFF, 0x0F, 0xFF, 0x0F, 0xFF, 0x0F, 0xFF, 0x0F, 0xFF, 0x0F, 0xFF, 0x0F, 0xFF, 0x0F, 0xFF, 0x0F, 0xFF, 0x0F, 0xFF, 0x0F, 0xFF, 0x0F, 0xFF, 0x0F, 0xFF, 0x0F, 0xFF, 0x0F, 
    0xFF, 0x0F, 0xFF, 0x0F, 0xFF, 0x0F, 0xFF, 0x0F, 0xFF, 0x0F, 0xFF, 0x0F, 0xFF, 0x0F, 0xFF, 0x0F, 0xFF, 0x0F, 0xFF, 0x0F, 0xFF, 0x0F, 0xFF, 0x0F, 0xFF, 0x0F, 0xFF, 0x0F, 0xBB, 0x3B, 0xEE, 0xBE, 
    0xFF, 0x0F, 0xFF, 0x0F, 0xFF, 0x0F, 0xFF, 0x0F, 0xFF, 0x0F, 0xFF, 0x0F, 0xFF, 0x0F, 0xFF, 0x0F, 0xFF, 0x0F, 0xFF, 0x0F, 0xFF, 0x0F, 0xFF, 0x0F, 0xFF, 0x0F, 0xFF, 0x0F, 0xFF, 0x0F, 0xFF, 0x0F, 
    0xFF, 0x0F, 0xAA, 0x0A, 0xFF, 0x0F, 0x77, 0x17, 0xDD, 0x8D, 0xFF, 0x7F, 0xEE, 0xCE, 0xFF, 0x2F, 0xFF, 0x0F, 0xCC, 0x6C, 0x88, 0x08, 0xDD, 0xAD, 0xFF, 0x9F, 0xFF, 0x0F, 0xFF, 0x4F, 0xFF, 0x0F, 
    0xFF, 0x0F, 0x88, 0x08, 0xFF, 0x0F, 0xFF, 0x0F, 0xDD, 0xAD, 0xDD, 0xFD, 0xFF, 0x0F, 0xFF, 0x0F, 0xFF, 0x0F, 0xFF, 0x0F, 0xFF, 0x2F, 0xFF, 0x0F, 0xFF, 0x0F, 0xFF, 0x0F, 0xFF, 0x0F, 0xFF, 0x0F, 
    0xDD, 0xFD, 0xEE, 0xBE, 0xFF, 0x0F, 0xFF, 0x0F, 0xFF, 0x0F, 0xFF, 0x0F, 0xFF, 0x0F, 0xFF, 0x0F, 0xFF, 0x0F, 0xFF, 0x0F, 0xFF, 0x0F, 0xFF, 0x0F, 0xFF, 0x0F, 0xFF, 0x0F, 0xFF, 0x0F, 0x88, 0x08, 
    0xFF, 0x0F, 0xFF, 0x0F, 0xFF, 0x0F, 0xFF, 0x0F, 0xFF, 0x0F, 0xFF, 0x0F, 0xFF, 0x0F, 0xFF, 0x0F, 0xFF, 0x0F, 0xFF, 0x0F, 0xFF, 0x0F, 0xFF, 0x0F, 0xFF, 0x0F, 0xFF, 0x0F, 0xFF, 0x0F, 0xFF, 0x0F, 
    0xFF, 0x0F, 0xFF, 0x0F, 0xFF, 0x0F, 0xFF, 0x0F, 0xFF, 0x0F, 0xFF, 0x0F, 0xFF, 0x0F, 0xFF, 0x0F, 0xFF, 0x0F, 0xFF, 0x0F, 0xFF, 0x0F, 0xFF, 0x0F, 0xFF, 0x0F, 0xFF, 0x0F, 0xFF, 0x0F, 0xFF, 0x0F, 
    0xFF, 0x0F, 0xFF, 0x0F, 0xFF, 0x0F, 0xFF, 0x0F, 0xFF, 0x0F, 0xFF, 0x0F, 0xFF, 0x0F, 0xFF, 0x0F, 0xFF, 0x0F, 0xFF, 0x0F, 0xDD, 0xAD, 0xFF, 0x7F, 0xFF, 0x0F, 0x88, 0x08, 0xFF, 0x0F, 0x66, 0x16, 
    0x66, 0x16, 0xEE, 0xEE, 0xCC, 0x6C, 0xFF, 0x9F, 0xFF, 0x0F, 0xFF, 0x0F, 0xFF, 0x0F, 0xFF, 0x0F, 0xDD, 0xAD, 0xFF, 0x4F, 0xEE, 0xEE, 0xFF, 0x0F, 0xFF, 0x0F, 0xFF, 0x0F, 0xFF, 0x0F, 0xFF, 0x0F, 
    0xFF, 0x0F, 0xFF, 0x0F, 0xFF, 0x0F, 0xFF, 0x0F, 0xFF, 0x0F, 0xCC, 0x6C, 0xFF, 0x0F, 0xFF, 0x0F, 0xFF, 0x0F, 0xFF, 0x0F, 0xFF, 0x0F, 0xFF, 0x0F, 0xFF, 0x0F, 0xFF, 0x0F, 0xFF, 0x0F, 0xFF, 0x0F, 
    0xFF, 0x9F, 0xFF, 0x0F, 0xFF, 0x0F, 0xFF, 0x0F, 0xFF, 0x0F, 0xFF, 0x0F, 0xFF, 0x0F, 0xFF, 0x0F, 0xFF, 0x0F, 0xFF, 0x0F, 0xFF, 0x0F, 0xFF, 0x0F, 0xFF, 0x0F, 0xFF, 0x0F, 0xFF, 0x0F, 0xFF, 0x0F, 
    0xFF, 0x0F, 0xFF, 0x0F, 0xFF, 0x0F, 0xFF, 0x0F, 0xFF, 0x0F, 0xFF, 0x0F, 0xFF, 0x0F, 0xFF, 0x0F, 0x88, 0x08, 0xDD, 0xAD, 0x88, 0x08, 0xDD, 0xAD, 0xFF, 0x7F, 0xFF, 0x0F, 0xFF, 0x7F, 0xFF, 0x0F, 
    0xFF, 0x0F, 0xFF, 0x0F, 0xFF, 0x0F, 0xFF, 0x0F, 0xFF, 0x0F, 0xFF, 0x0F, 0xFF, 0x0F, 0xFF, 0x0F, 0xFF, 0x0F, 0xFF, 0x0F, 0xFF, 0x0F, 0xFF, 0x0F, 0xFF, 0x0F, 0xFF, 0x0F, 0xFF, 0x0F, 0xFF, 0x0F, 
    0x88, 0x08, 0xDD, 0xAD, 0x88, 0x08, 0xDD, 0xAD, 0xFF, 0x7F, 0xFF, 0x0F, 0xFF, 0x7F, 0xFF, 0x0F, 0x88, 0x08, 0xDD, 0xAD, 0x88, 0x08, 0xDD, 0xAD, 0xFF, 0x7F, 0xFF, 0x0F, 0xFF, 0x7F, 0xFF, 0x0F, 
    0xFF, 0x0F, 0xFF, 0x0F, 0xFF, 0x0F, 0xFF, 0x0F, 0xFF, 0x0F, 0xFF, 0x0F, 0xFF, 0x0F, 0xFF, 0x0F, 0xFF, 0x0F, 0xFF, 0x0F, 0xFF, 0x0F, 0xFF, 0x0F, 0xFF, 0x0F, 0xFF, 0x0F, 0xFF, 0x0F, 0xFF, 0x0F, 
    0xFF, 0x0F, 0xFF, 0x0F, 0xFF, 0x0F, 0xFF, 0x0F, 0xFF, 0x0F, 0xFF, 0x0F, 0xFF, 0x0F, 0xFF, 0x0F, 0x88, 0x08, 0xDD, 0xAD, 0x88, 0x08, 0xDD, 0xAD, 0xEE, 0xEE, 0xFF, 0x0F, 0xEE, 0xEE, 0xFF, 0x4F, 
    0xFF, 0x0F, 0xFF, 0x0F, 0xFF, 0x0F, 0xFF, 0x0F, 0xFF, 0x0F, 0xFF, 0x0F, 0xFF, 0x0F, 0xFF, 0x0F, 0xFF, 0x0F, 0xFF, 0x0F, 0xFF, 0x0F, 0xFF, 0x0F, 0xFF, 0x0F, 0x77, 0x17, 0xFF, 0x0F, 0xBB, 0x3B, 
    0x88, 0x08, 0xDD, 0xAD, 0x88, 0x08, 0xDD, 0xAD, 0xDD, 0xCD, 0xEE, 0xBE, 0xDD, 0x7D, 0xEE, 0xEE, 0x88, 0x08, 0xDD, 0xAD, 0x88, 0x08, 0xDD, 0xAD, 0xEE, 0x7E, 0xDD, 0x8D, 0xFF, 0x7F, 0xBB, 0x3B, 
    0xFF, 0x0F, 0xFF, 0x0F, 0xFF, 0x2F, 0xFF, 0x0F, 0x88, 0x08, 0xDD, 0xAD, 0x66, 0x16, 0xEE, 0xEE, 0xFF, 0x7F, 0xFF, 0x0F, 0xEE, 0xBE, 0x88, 0x08, 0xCC, 0x6C, 0xFF, 0x9F, 0xDD, 0xAD, 0xFF, 0x4F, 
    0x88, 0x08, 0xDD, 0xAD, 0x88, 0x08, 0xDD, 0xAD, 0xFF, 0x7F, 0xFF, 0x0F, 0xFF, 0x7F, 0xFF, 0x0F, 0x88, 0x08, 0xDD, 0xAD, 0xFF, 0x0F, 0xFF, 0x0F, 0xDD, 0xFD, 0xDD, 0xFD, 0xFF, 0x0F, 0xFF, 0x0F, 
    0xFF, 0x0F, 0xFF, 0x0F, 0xFF, 0x0F, 0xFF, 0x0F, 0xFF, 0x0F, 0xFF, 0x0F, 0xFF, 0x0F, 0xFF, 0x0F, 0xDD, 0xFD, 0xDD, 0xFD, 0xFF, 0x0F, 0xFF, 0x0F, 0xFF, 0x9F, 0xFF, 0x0F, 0xFF, 0x0F, 0xFF, 0x0F, 
    0xFF, 0x0F, 0xFF, 0x0F, 0xFF, 0x0F, 0xFF, 0x0F, 0xFF, 0x0F, 0xFF, 0x0F, 0xFF, 0x0F, 0xFF, 0x0F, 0xFF, 0x0F, 0xFF, 0x0F, 0xFF, 0x0F, 0xFF, 0x0F, 0xFF, 0x0F, 0xFF, 0x0F, 0xFF, 0x0F, 0xFF, 0x0F, 
    0xFF, 0x0F, 0xFF, 0x0F, 0xFF, 0x0F, 0xFF, 0x0F, 0xFF, 0x0F, 0xFF, 0x0F, 0xFF, 0x0F, 0xFF, 0x0F, 0xFF, 0x0F, 0xFF, 0x0F, 0xFF, 0x0F, 0xFF, 0x0F, 0xFF, 0x0F, 0xFF, 0x0F, 0xFF, 0x0F, 0xFF, 0x0F, 
    0x88, 0x08, 0xDD, 0xAD, 0x88, 0x08, 0xDD, 0xAD, 0xFF, 0x7F, 0x77, 0x17, 0xFF, 0x7F, 0xFF, 0x0F, 0x88, 0x08, 0xDD, 0xAD, 0xFF, 0x0F, 0xFF, 0x0F, 0xFF, 0x7F, 0xFF, 0x0F, 0xFF, 0x0F, 0xFF, 0x0F, 
    0xEE, 0xCE, 0xCC, 0x5C, 0xCC, 0x6C, 0xDD, 0xED, 0xEE, 0xEE, 0xFF, 0x0F, 0xFF, 0x7F, 0xFF, 0x0F, 0x66, 0x16, 0xEE, 0xEE, 0xFF, 0x0F, 0xFF, 0x0F, 0xFF, 0x2F, 0xFF, 0x0F, 0xFF, 0x0F, 0xFF, 0x0F, 
    0xFF, 0x0F, 0xFF, 0x0F, 0xFF, 0x0F, 0xFF, 0x0F, 0xFF, 0x0F, 0xFF, 0x0F, 0xFF, 0x0F, 0xFF, 0x0F, 0xFF, 0x0F, 0xFF, 0x0F, 0xFF, 0x0F, 0xFF, 0x0F, 0xFF, 0x0F, 0xFF, 0x0F, 0xFF, 0x0F, 0xFF, 0x0F, 
    0xFF, 0x0F, 0xFF, 0x0F, 0xFF, 0x0F, 0xFF, 0x0F, 0xFF, 0x0F, 0xFF, 0x0F, 0xFF, 0x0F, 0xFF, 0x0F, 0xFF, 0x0F, 0xFF, 0x0F, 0xFF, 0x0F, 0xFF, 0x0F, 0xFF, 0x0F, 0xFF, 0x0F, 0xFF, 0x0F, 0xFF, 0x0F, 
    0xFF, 0x0F, 0xFF, 0x0F, 0xFF, 0x0F, 0xFF, 0x0F, 0xFF, 0x0F, 0xFF, 0x0F, 0xFF, 0x0F, 0xFF, 0x0F, 0xDD, 0xCD, 0xEE, 0xBE, 0xDD, 0xFD, 0xEE, 0xBE, 0xFF, 0x0F, 0x88, 0x08, 0xFF, 0x0F, 0x88, 0x08, 
    0xFF, 0x0F, 0xFF, 0x0F, 0xFF, 0x0F, 0xFF, 0x0F, 0xFF, 0x0F, 0xFF, 0x0F, 0xFF, 0x0F, 0xFF, 0x0F, 0xDD, 0xAD, 0xEE, 0xBE, 0xDD, 0xAD, 0xEE, 0xEE, 0xFF, 0x0F, 0xFF, 0x0F, 0xFF, 0x4F, 0xFF, 0x0F, 
    0xDD, 0xCD, 0xEE, 0xBE, 0xCC, 0x8C, 0xEE, 0xBE, 0xFF, 0x0F, 0x88, 0x08, 0xFF, 0x0F, 0x88, 0x08, 0xCC, 0x6C, 0xEE, 0xBE, 0xCC, 0x6C, 0xEE, 0xBE, 0xFF, 0x0F, 0x88, 0x08, 0xFF, 0x0F, 0x88, 0x08, 
    0xDD, 0xAD, 0xDD, 0xCD, 0xDD, 0xAD, 0xEE, 0x7E, 0xEE, 0xEE, 0xFF, 0x0F, 0xDD, 0xAD, 0xFF, 0x7F, 0xDD, 0xAD, 0xFF, 0x7F, 0xDD, 0xAD, 0xFF, 0x7F, 0x66, 0x16, 0xEE, 0xEE, 0xAA, 0x0A, 0xCC, 0x8C, 
    0xFF, 0x0F, 0xFF, 0x0F, 0xFF, 0x0F, 0xFF, 0x0F, 0xFF, 0x0F, 0xFF, 0x0F, 0xFF, 0x0F, 0xFF, 0x0F, 0xFF, 0x0F, 0xCC, 0x6C, 0xFF, 0x0F, 0xCC, 0x6C, 0xEE, 0xBE, 0xFF, 0x0F, 0xEE, 0xBE, 0xFF, 0x0F, 
    0xFF, 0x0F, 0xFF, 0x0F, 0xFF, 0x0F, 0xFF, 0x0F, 0xFF, 0x0F, 0xFF, 0x0F, 0xFF, 0x0F, 0xFF, 0x0F, 0xFF, 0x0F, 0xAA, 0x0A, 0xFF, 0x0F, 0xCC, 0x6C, 0xDD, 0x8D, 0xDD, 0xFD, 0xEE, 0xEE, 0xFF, 0x2F, 
    0xFF, 0x0F, 0xCC, 0x6C, 0xFF, 0x0F, 0xCC, 0x6C, 0xEE, 0xBE, 0xFF, 0x0F, 0xEE, 0xBE, 0xFF, 0x0F, 0xFF, 0x2F, 0xCC, 0x6C, 0xEE, 0xBE, 0xCC, 0x6C, 0xEE, 0xBE, 0xFF, 0x0F, 0xEE, 0xBE, 0xFF, 0x0F, 
    0x77, 0x17, 0xEE, 0xCE, 0x66, 0x16, 0xEE, 0xEE, 0xFF, 0x4F, 0xFF, 0x0F, 0xFF, 0x2F, 0xFF, 0x0F, 0x66, 0x16, 0xEE, 0xEE, 0x66, 0x16, 0xEE, 0xEE, 0xFF, 0x2F, 0xFF, 0x0F, 0xFF, 0x2F, 0xFF, 0x0F, 
    0xCC, 0x6C, 0xEE, 0xBE, 0xCC, 0x6C, 0xEE, 0xBE, 0xFF, 0x0F, 0x88, 0x08, 0xFF, 0x0F, 0x88, 0x08, 0xCC, 0x6C, 0xEE, 0xBE, 0xFF, 0x0F, 0xFF, 0x0F, 0xFF, 0x0F, 0x88, 0x08, 0xFF, 0x0F, 0xFF, 0x0F, 
    0xDD, 0xAD, 0xFF, 0x7F, 0xDD, 0xAD, 0xFF, 0x7F, 0xFF, 0x0F, 0x77, 0x17, 0xFF, 0x0F, 0xFF, 0x0F, 0xDD, 0xAD, 0xFF, 0x7F, 0xFF, 0x0F, 0xFF, 0x0F, 0xFF, 0x0F, 0xFF, 0x0F, 0xFF, 0x0F, 0xFF, 0x0F, 
    0xFF, 0x0F, 0xFF, 0x0F, 0xFF, 0x0F, 0xFF, 0x0F, 0xFF, 0x0F, 0xFF, 0x0F, 0xFF, 0x0F, 0xFF, 0x0F, 0xFF, 0x0F, 0xFF, 0x0F, 0xFF, 0x0F, 0xFF, 0x0F, 0xFF, 0x0F, 0xFF, 0x0F, 0xFF, 0x0F, 0xFF, 0x0F, 
    0xFF, 0x0F, 0xFF, 0x0F, 0xFF, 0x0F, 0xFF, 0x0F, 0xFF, 0x0F, 0xFF, 0x0F, 0xFF, 0x0F, 0xFF, 0x0F, 0xFF, 0x0F, 0xFF, 0x0F, 0xFF, 0x0F, 0xFF, 0x0F, 0xFF, 0x0F, 0xFF, 0x0F, 0xFF, 0x0F, 0xFF, 0x0F, 
    0xEE, 0xCE, 0xDD, 0xAD, 0xCC, 0x6C, 0xDD, 0xFD, 0xEE, 0xBE, 0xFF, 0x0F, 0xEE, 0xBE, 0xFF, 0x0F, 0x88, 0x08, 0xDD, 0xAD, 0xFF, 0x0F, 0xFF, 0x0F, 0xEE, 0xBE, 0xFF, 0x0F, 0xFF, 0x0F, 0xFF, 0x0F, 
    0x77, 0x17, 0xEE, 0xCE, 0xFF, 0x0F, 0xCC, 0x6C, 0xFF, 0x4F, 0xFF, 0x0F, 0xEE, 0xEE, 0xFF, 0x2F, 0xFF, 0x0F, 0xAA, 0x0A, 0xFF, 0x0F, 0xFF, 0x0F, 0xDD, 0x8D, 0xDD, 0xFD, 0xFF, 0x0F, 0xFF, 0x0F, 
    0xFF, 0x0F, 0xFF, 0x0F, 0xFF, 0x0F, 0xFF, 0x0F, 0xFF, 0x0F, 0xFF, 0x0F, 0xFF, 0x0F, 0xFF, 0x0F, 0xFF, 0x0F, 0xFF, 0x0F, 0xFF, 0x0F, 0xFF, 0x0F, 0xFF, 0x0F, 0xFF, 0x0F, 0xFF, 0x0F, 0xFF, 0x0F, 
    0xFF, 0x0F, 0xFF, 0x0F, 0xFF, 0x0F, 0xFF, 0x0F, 0xFF, 0x0F, 0xFF, 0x0F, 0xFF, 0x0F, 0xFF, 0x0F, 0xFF, 0x0F, 0xFF, 0x0F, 0xFF, 0x0F, 0xFF, 0x0F, 0xFF, 0x0F, 0xFF, 0x0F, 0xFF, 0x0F, 0xFF, 0x0F, 
    0xFF, 0x0F, 0xFF, 0x0F, 0xFF, 0x0F, 0xFF, 0x0F, 0xFF, 0x0F, 0xFF, 0x0F, 0xFF, 0x0F, 0xFF, 0x0F, 0xFF, 0x0F, 0xFF, 0x0F, 0xFF, 0x0F, 0xFF, 0x0F, 0xFF, 0x0F, 0xFF, 0x0F, 0x77, 0x17, 0xDD, 0xAD, 
    0xFF, 0x0F, 0xFF, 0x0F, 0xFF, 0x0F, 0xFF, 0x0F, 0xFF, 0x0F, 0xFF, 0x0F, 0xFF, 0x0F, 0xFF, 0x0F, 0xFF, 0x0F, 0xFF, 0x0F, 0xDD, 0xFD, 0xEE, 0xEE, 0xFF, 0x0F, 0xFF, 0x0F, 0xFF, 0x4F, 0xFF, 0x0F, 
    0xFF, 0x0F, 0x88, 0x08, 0xFF, 0x0F, 0x66, 0x16, 0xDD, 0xAD, 0xFF, 0x7F, 0xEE, 0xEE, 0xFF, 0x2F, 0xFF, 0x0F, 0x66, 0x16, 0xFF, 0x0F, 0x66, 0x16, 0xEE, 0xEE, 0xFF, 0x2F, 0xEE, 0xEE, 0xFF, 0x2F, 
    0xFF, 0x0F, 0xBB, 0x3B, 0xFF, 0x0F, 0x77, 0x17, 0xEE, 0xEE, 0xFF, 0x2F, 0xEE, 0xCE, 0xFF, 0x4F, 0xFF, 0x0F, 0x88, 0x08, 0xFF, 0x0F, 0x88, 0x08, 0xDD, 0xAD, 0xFF, 0x7F, 0xDD, 0xAD, 0xFF, 0x7F, 
    0xFF, 0x0F, 0xFF, 0x0F, 0xFF, 0x0F, 0xFF, 0x0F, 0xFF, 0x0F, 0xFF, 0x0F, 0xFF, 0x0F, 0xFF, 0x0F, 0xFF, 0x0F, 0xFF, 0x0F, 0xFF, 0x0F, 0xAA, 0x0A, 0xFF, 0x0F, 0xAA, 0x0A, 0xCC, 0x8C, 0xDD, 0xFD, 
    0xFF, 0x0F, 0xFF, 0x0F, 0xFF, 0x0F, 0xFF, 0x0F, 0xFF, 0x0F, 0xFF, 0x0F, 0xFF, 0x0F, 0xFF, 0x0F, 0xDD, 0x2D, 0xFF, 0x0F, 0xDD, 0xED, 0xFF, 0x7F, 0xFF, 0x0F, 0xFF, 0x0F, 0xFF, 0x0F, 0xFF, 0x0F, 
    0xFF, 0x0F, 0xFF, 0x0F, 0xFF, 0x0F, 0xFF, 0x0F, 0xFF, 0x0F, 0x88, 0x08, 0xFF, 0x0F, 0x88, 0x08, 0xFF, 0x0F, 0xFF, 0x0F, 0xFF, 0x0F, 0xFF, 0x0F, 0xFF, 0x0F, 0x88, 0x08, 0xFF, 0x0F, 0x88, 0x08, 
    0xDD, 0xAD, 0xFF, 0x7F, 0xDD, 0xAD, 0xFF, 0x7F, 0xFF, 0x0F, 0x88, 0x08, 0xFF, 0x0F, 0x88, 0x08, 0xDD, 0xAD, 0xFF, 0x7F, 0xDD, 0xAD, 0xFF, 0x7F, 0xFF, 0x0F, 0xFF, 0x0F, 0xFF, 0x0F, 0xFF, 0x0F, 
    0xFF, 0x0F, 0x66, 0x16, 0xFF, 0x0F, 0x66, 0x16, 0xEE, 0xEE, 0xFF, 0x2F, 0xEE, 0xEE, 0xFF, 0x2F, 0xFF, 0x0F, 0x88, 0x08, 0xFF, 0x0F, 0xFF, 0x0F, 0xDD, 0xAD, 0xFF, 0x9F, 0x77, 0x17, 0xDD, 0xAD, 
    0xFF, 0x0F, 0x88, 0x08, 0xFF, 0x0F, 0x77, 0x17, 0xDD, 0xAD, 0xFF, 0x7F, 0xEE, 0xCE, 0xFF, 0x4F, 0xFF, 0x0F, 0xBB, 0x3B, 0xDD, 0xFD, 0xEE, 0xEE, 0xEE, 0xEE, 0xFF, 0x2F, 0xFF, 0x4F, 0xFF, 0x0F, 
    0xFF, 0x0F, 0xFF, 0x0F, 0xFF, 0x0F, 0xFF, 0x0F, 0xFF, 0x0F, 0xFF, 0x0F, 0xFF, 0x0F, 0xFF, 0x0F, 0xFF, 0x0F, 0xFF, 0x0F, 0xFF, 0x0F, 0xFF, 0x0F, 0xFF, 0x0F, 0xFF, 0x0F, 0xFF, 0x0F, 0xFF, 0x0F, 
    0xFF, 0x0F, 0xFF, 0x0F, 0xFF, 0x0F, 0xFF, 0x0F, 0xFF, 0x0F, 0xFF, 0x0F, 0xFF, 0x0F, 0xFF, 0x0F, 0xFF, 0x0F, 0xFF, 0x0F, 0xFF, 0x0F, 0xFF, 0x0F, 0xFF, 0x0F, 0xFF, 0x0F, 0xFF, 0x0F, 0xFF, 0x0F, 
    0xFF, 0x0F, 0xFF, 0x0F, 0xFF, 0x0F, 0xFF, 0x0F, 0xFF, 0x0F, 0x88, 0x08, 0xFF, 0x0F, 0x88, 0x08, 0xFF, 0x0F, 0xFF, 0x0F, 0xFF, 0x0F, 0xFF, 0x0F, 0xFF, 0x0F, 0x88, 0x08, 0xFF, 0x0F, 0x88, 0x08, 
    0xDD, 0xAD, 0xFF, 0x7F, 0xDD, 0xAD, 0xFF, 0x7F, 0xFF, 0x0F, 0xFF, 0x0F, 0xFF, 0x0F, 0xFF, 0x0F, 0xDD, 0xAD, 0xFF, 0x7F, 0xDD, 0xAD, 0xFF, 0x7F, 0xFF, 0x0F, 0xFF, 0x0F, 0xFF, 0x0F, 0x77, 0x17, 
    0xFF, 0x0F, 0xFF, 0x0F, 0xFF, 0x0F, 0xFF, 0x0F, 0xFF, 0x0F, 0xFF, 0x0F, 0xFF, 0x0F, 0xFF, 0x0F, 0xFF, 0x0F, 0xFF, 0x0F, 0xFF, 0x0F, 0xFF, 0x0F, 0xFF, 0x0F, 0xFF, 0x0F, 0xFF, 0x0F, 0xFF, 0x0F, 
    0xFF, 0x0F, 0xFF, 0x0F, 0xFF, 0x0F, 0xFF, 0x0F, 0xFF, 0x0F, 0xFF, 0x0F, 0xFF, 0x0F, 0xFF, 0x0F, 0xFF, 0x0F, 0xFF, 0x0F, 0xFF, 0x0F, 0xFF, 0x0F, 0xFF, 0x0F, 0xFF, 0x0F, 0xFF, 0x0F, 0xFF, 0x0F, 
    0xFF, 0x0F, 0xFF, 0x0F, 0xFF, 0x0F, 0xFF, 0x0F, 0xFF, 0x0F, 0xFF, 0x0F, 0xFF, 0x0F, 0xFF, 0x0F, 0xFF, 0x0F, 0xFF, 0x0F, 0x77, 0x17, 0xDD, 0xAD, 0xFF, 0x0F, 0xFF, 0x0F, 0xDD, 0xFD, 0xEE, 0xEE, 
    0xFF, 0x0F, 0xFF, 0x0F, 0xFF, 0x0F, 0xFF, 0x0F, 0xFF, 0x0F, 0xFF, 0x0F, 0xFF, 0x0F, 0xFF, 0x0F, 0xFF, 0x0F, 0xFF, 0x0F, 0xFF, 0x7F, 0xFF, 0x0F, 0xFF, 0x0F, 0xFF, 0x0F, 0xFF, 0x0F, 0xFF, 0x0F, 
    0xDD, 0xAD, 0xEE, 0x9E, 0xDD, 0x7D, 0xFF, 0x2F, 0xFF, 0x0F, 0xBB, 0x3B, 0xFF, 0x0F, 0x77, 0x17, 0xFF, 0x0F, 0xFF, 0x0F, 0xFF, 0x0F, 0xFF, 0x0F, 0xFF, 0x0F, 0xBB, 0x3B, 0x77, 0x17, 0xEE, 0xCE, 
    0xEE, 0xEE, 0xFF, 0x2F, 0xEE, 0xCE, 0xFF, 0x4F, 0xFF, 0x0F, 0x88, 0x08, 0xFF, 0x0F, 0xAA, 0x0A, 0xEE, 0xEE, 0xFF, 0x0F, 0xFF, 0x4F, 0xFF, 0x0F, 0xFF, 0x0F, 0xFF, 0x0F, 0xFF, 0x0F, 0xFF, 0x0F, 
    0xFF, 0x0F, 0xFF, 0x0F, 0xFF, 0x0F, 0xFF, 0x0F, 0xFF, 0x0F, 0xFF, 0x0F, 0xFF, 0x0F, 0xFF, 0x0F, 0xFF, 0x0F, 0xFF, 0x0F, 0x66, 0x16, 0xDD, 0xCD, 0xFF, 0x0F, 0xFF, 0x0F, 0xDD, 0xFD, 0xEE, 0xEE, 
    0xFF, 0x0F, 0xFF, 0x0F, 0xFF, 0x0F, 0xFF, 0x0F, 0xFF, 0x0F, 0xFF, 0x0F, 0xFF, 0x0F, 0xFF, 0x0F, 0xFF, 0x0F, 0xFF, 0x0F, 0xFF, 0x7F, 0xFF, 0x0F, 0xFF, 0x0F, 0xFF, 0x0F, 0xFF, 0x0F, 0xFF, 0x0F, 
    0xDD, 0xAD, 0xFF, 0x7F, 0xEE, 0x5E, 0xFF, 0x0F, 0xFF, 0x0F, 0xBB, 0x3B, 0xFF, 0x0F, 0x77, 0x17, 0xFF, 0x0F, 0xFF, 0x0F, 0xFF, 0x0F, 0xBB, 0x3B, 0xAA, 0x0A, 0xBB, 0x3B, 0xDD, 0xCD, 0xDD, 0xED, 
    0xEE, 0xEE, 0xFF, 0x2F, 0xEE, 0xCE, 0xFF, 0x4F, 0xFF, 0x0F, 0xFF, 0x0F, 0xFF, 0x0F, 0xFF, 0x0F, 0xEE, 0xEE, 0xFF, 0x0F, 0xFF, 0x7F, 0xFF, 0x0F, 0xFF, 0x0F, 0xFF, 0x0F, 0xFF, 0x0F, 0xFF, 0x0F, 
    0xFF, 0x0F, 0x88, 0x08, 0xAA, 0x0A, 0xCC, 0x8C, 0xDD, 0xAD, 0xFF, 0x9F, 0xEE, 0xBE, 0xFF, 0x0F, 0xCC, 0x6C, 0xEE, 0xEE, 0xDD, 0xCD, 0xDD, 0xFD, 0xFF, 0x0F, 0xFF, 0x0F, 0xDD, 0xFD, 0xDD, 0xFD, 
    0xFF, 0x0F, 0xFF, 0x0F, 0xFF, 0x0F, 0xFF, 0x0F, 0xFF, 0x0F, 0xFF, 0x0F, 0xFF, 0x0F, 0xAA, 0x0A, 0xFF, 0x0F, 0xFF, 0x0F, 0xDD, 0xED, 0xFF, 0x7F, 0xFF, 0x0F, 0x77, 0x17, 0xFF, 0x0F, 0xFF, 0x0F, 
    0xFF, 0x0F, 0xFF, 0x0F, 0xFF, 0x0F, 0xFF, 0x0F, 0xFF, 0x0F, 0xFF, 0x0F, 0xFF, 0x0F, 0xFF, 0x0F, 0xFF, 0x0F, 0xFF, 0x0F, 0xFF, 0x0F, 0xFF, 0x0F, 0xFF, 0x0F, 0xFF, 0x0F, 0xFF, 0x0F, 0xFF, 0x0F, 
    0xFF, 0x0F, 0xFF, 0x0F, 0xFF, 0x0F, 0xFF, 0x0F, 0xFF, 0x0F, 0xFF, 0x0F, 0xFF, 0x0F, 0xFF, 0x0F, 0xFF, 0x0F, 0xFF, 0x0F, 0xFF, 0x0F, 0xFF, 0x0F, 0xFF, 0x0F, 0xFF, 0x0F, 0xFF, 0x0F, 0xFF, 0x0F, 
    0xFF, 0x0F, 0xFF, 0x0F, 0xEE, 0x5E, 0xFF, 0x0F, 0xFF, 0x0F, 0x77, 0x17, 0xFF, 0x0F, 0x88, 0x08, 0xDD, 0xCD, 0xFF, 0x7F, 0x66, 0x16, 0xDD, 0xCD, 0xFF, 0x0F, 0xBB, 0x3B, 0xDD, 0xFD, 0xEE, 0xEE, 
    0xEE, 0xCE, 0xFF, 0x4F, 0xDD, 0xAD, 0xFF, 0x7F, 0xFF, 0x0F, 0x77, 0x17, 0xFF, 0x0F, 0xBB, 0x3B, 0xEE, 0xEE, 0xFF, 0x2F, 0xFF, 0x7F, 0xFF, 0x0F, 0xFF, 0x0F, 0xFF, 0x0F, 0xFF, 0x0F, 0xFF, 0x0F, 
    0xFF, 0x0F, 0xFF, 0x0F, 0xFF, 0x0F, 0xFF, 0x0F, 0xFF, 0x0F, 0xFF, 0x0F, 0xFF, 0x0F, 0xFF, 0x0F, 0xFF, 0x0F, 0xFF, 0x0F, 0xFF, 0x0F, 0xFF, 0x0F, 0xFF, 0x0F, 0xFF, 0x0F, 0xFF, 0x0F, 0xFF, 0x0F, 
    0xFF, 0x0F, 0xFF, 0x0F, 0xFF, 0x0F, 0xFF, 0x0F, 0xFF, 0x0F, 0xFF, 0x0F, 0xFF, 0x0F, 0xFF, 0x0F, 0xFF, 0x0F, 0xFF, 0x0F, 0xFF, 0x0F, 0xFF, 0x0F, 0xFF, 0x0F, 0xFF, 0x0F, 0xFF, 0x0F, 0xFF, 0x0F, 
    0xFF, 0x0F, 0xFF, 0x0F, 0xFF, 0x0F, 0xFF, 0x0F, 0xFF, 0x0F, 0xFF, 0x0F, 0xFF, 0x0F, 0xFF, 0x0F, 0xDD, 0xFD, 0xEE, 0xCE, 0xAA, 0x0A, 0xCC, 0x5C, 0xFF, 0x2F, 0xFF, 0x0F, 0xEE, 0xEE, 0xFF, 0x2F, 
    0xFF, 0x0F, 0xFF, 0x0F, 0xFF, 0x0F, 0xFF, 0x0F, 0xFF, 0x0F, 0xFF, 0x0F, 0xFF, 0x0F, 0xFF, 0x0F, 0xFF, 0x0F, 0x88, 0x08, 0xFF, 0x0F, 0x88, 0x08, 0xDD, 0xAD, 0xDD, 0xFD, 0xDD, 0xAD, 0xFF, 0x7F, 
    0xFF, 0x0F, 0xAA, 0x0A, 0xFF, 0x0F, 0xFF, 0x0F, 0xCC, 0x8C, 0xFF, 0x9F, 0xCC, 0x6C, 0xEE, 0xBE, 0xFF, 0x0F, 0xFF, 0x0F, 0xFF, 0x0F, 0xFF, 0x0F, 0xCC, 0x6C, 0xEE, 0xBE, 0xCC, 0x6C, 0xEE, 0xBE, 
    0xFF, 0x0F, 0x88, 0x08, 0xFF, 0x0F, 0x88, 0x08, 0xDD, 0xAD, 0xFF, 0x7F, 0xDD, 0xAD, 0xFF, 0x7F, 0xFF, 0x0F, 0x88, 0x08, 0xFF, 0x0F, 0x88, 0x08, 0xDD, 0xAD, 0xDD, 0xED, 0xDD, 0xAD, 0xEE, 0x9E, 
    0xFF, 0x0F, 0xFF, 0x0F, 0xFF, 0x0F, 0xFF, 0x0F, 0xFF, 0x0F, 0xFF, 0x0F, 0xFF, 0x0F, 0xFF, 0x0F, 0xDD, 0xFD, 0xDD, 0xFD, 0xFF, 0x0F, 0xFF, 0x0F, 0xEE, 0xEE, 0xFF, 0x7F, 0xBB, 0x3B, 0xEE, 0xEE, 
    0xFF, 0x0F, 0xFF, 0x0F, 0xFF, 0x0F, 0xFF, 0x0F, 0xFF, 0x0F, 0xFF, 0x0F, 0xFF, 0x0F, 0xFF, 0x0F, 0xFF, 0x0F, 0xFF, 0x0F, 0xFF, 0x2F, 0xFF, 0x0F, 0xFF, 0x0F, 0xAA, 0x0A, 0xFF, 0x0F, 0xCC, 0x6C, 
    0xFF, 0x0F, 0xFF, 0x0F, 0xFF, 0x0F, 0xFF, 0x0F, 0x88, 0x08, 0xDD, 0xAD, 0x77, 0x17, 0xEE, 0xCE, 0xDD, 0xCD, 0xDD, 0xCD, 0xDD, 0x5D, 0xDD, 0x5D, 0xDD, 0xFD, 0xEE, 0xBE, 0xFF, 0x2F, 0xFF, 0x0F, 
    0xFF, 0x7F, 0xFF, 0x0F, 0xFF, 0x4F, 0xFF, 0x0F, 0x77, 0x17, 0xEE, 0xCE, 0x66, 0x16, 0xEE, 0xEE, 0xFF, 0x0F, 0xFF, 0x0F, 0xFF, 0x0F, 0xFF, 0x0F, 0x66, 0x16, 0xEE, 0xEE, 0x66, 0x16, 0xEE, 0xEE, 
    0xFF, 0x0F, 0xAA, 0x0A, 0xAA, 0x0A, 0xCC, 0x5C, 0xCC, 0x8C, 0xFF, 0x9F, 0xEE, 0xEE, 0xFF, 0x2F, 0xDD, 0xFD, 0xEE, 0xCE, 0xFF, 0x0F, 0xFF, 0x0F, 0xFF, 0x2F, 0xFF, 0x0F, 0xFF, 0x0F, 0xFF, 0x0F, 
    0xFF, 0x0F, 0x88, 0x08, 0xFF, 0x0F, 0x88, 0x08, 0xDD, 0xAD, 0xFF, 0x7F, 0xDD, 0xAD, 0xFF, 0x7F, 0xFF, 0x0F, 0x88, 0x08, 0xFF, 0x0F, 0xFF, 0x0F, 0xDD, 0xAD, 0xFF, 0x7F, 0xFF, 0x0F, 0xFF, 0x0F, 
    0xFF, 0x0F, 0xFF, 0x0F, 0xFF, 0x0F, 0xFF, 0x0F, 0xFF, 0x0F, 0xFF, 0x0F, 0xFF, 0x0F, 0xFF, 0x0F, 0xFF, 0x0F, 0xFF, 0x0F, 0xFF, 0x0F, 0xFF, 0x0F, 0xFF, 0x0F, 0xFF, 0x0F, 0xFF, 0x0F, 0xFF, 0x0F, 
    0xFF, 0x0F, 0xFF, 0x0F, 0xFF, 0x0F, 0xFF, 0x0F, 0xFF, 0x0F, 0xFF, 0x0F, 0xFF, 0x0F, 0xFF, 0x0F, 0xFF, 0x0F, 0xFF, 0x0F, 0xFF, 0x0F, 0xFF, 0x0F, 0xFF, 0x0F, 0xFF, 0x0F, 0xFF, 0x0F, 0xFF, 0x0F, 
    0xFF, 0x0F, 0xFF, 0x0F, 0xFF, 0x0F, 0xFF, 0x0F, 0xFF, 0x0F, 0xFF, 0x0F, 0xFF, 0x0F, 0xFF, 0x0F, 0xFF, 0x0F, 0xFF, 0x0F, 0xFF, 0x0F, 0xFF, 0x0F, 0xFF, 0x0F, 0xFF, 0x0F, 0xFF, 0x0F, 0xFF, 0x0F, 
    0xFF, 0x0F, 0xFF, 0x0F, 0xFF, 0x0F, 0xFF, 0x0F, 0x77, 0x17, 0xEE, 0xCE, 0xFF, 0x0F, 0xCC, 0x6C, 0xFF, 0x0F, 0xFF, 0x0F, 0xFF, 0x0F, 0xFF, 0x0F, 0xFF, 0x0F, 0xAA, 0x0A, 0xFF, 0x0F, 0xFF, 0x0F, 
    0xFF, 0x0F, 0xFF, 0x0F, 0xFF, 0x0F, 0xFF, 0x0F, 0xFF, 0x0F, 0xFF, 0x0F, 0xFF, 0x0F, 0xFF, 0x0F, 0xFF, 0x0F, 0xFF, 0x0F, 0xFF, 0x0F, 0xFF, 0x0F, 0xFF, 0x0F, 0xFF, 0x0F, 0xFF, 0x0F, 0xFF, 0x0F, 
    0xFF, 0x0F, 0xFF, 0x0F, 0xFF, 0x0F, 0xFF, 0x0F, 0xFF, 0x0F, 0xFF, 0x0F, 0xFF, 0x0F, 0xFF, 0x0F, 0xFF, 0x0F, 0xFF, 0x0F, 0xFF, 0x0F, 0xFF, 0x0F, 0xFF, 0x0F, 0xFF, 0x0F, 0xFF, 0x0F, 0xFF, 0x0F, 
    0xFF, 0x0F, 0xFF, 0x0F, 0xFF, 0x0F, 0xFF, 0x0F, 0xFF, 0x0F, 0xFF, 0x0F, 0xFF, 0x0F, 0xFF, 0x0F, 0xDD, 0x8D, 0xDD, 0xFD, 0xEE, 0xEE, 0xFF, 0x2F, 0xDD, 0xFD, 0xEE, 0xCE, 0xAA, 0x0A, 0xCC, 0x5C, 
    0xFF, 0x0F, 0xFF, 0x0F, 0xFF, 0x0F, 0xFF, 0x0F, 0xFF, 0x0F, 0xFF, 0x0F, 0xFF, 0x0F, 0xFF, 0x0F, 0xFF, 0x2F, 0xFF, 0x0F, 0xEE, 0xEE, 0xFF, 0x2F, 0xFF, 0x0F, 0x88, 0x08, 0xFF, 0x0F, 0x88, 0x08, 
    0xFF, 0x4F, 0xFF, 0x0F, 0xFF, 0x2F, 0xFF, 0x0F, 0xFF, 0x0F, 0xAA, 0x0A, 0xFF, 0x0F, 0xFF, 0x0F, 0xFF, 0x2F, 0xFF, 0x0F, 0xFF, 0x2F, 0xFF, 0x0F, 0xFF, 0x0F, 0xFF, 0x0F, 0xFF, 0x0F, 0xFF, 0x0F, 
    0xCC, 0x8C, 0xFF, 0x9F, 0xCC, 0x6C, 0xEE, 0xBE, 0xFF, 0x0F, 0x88, 0x08, 0xFF, 0x0F, 0x88, 0x08, 0xCC, 0x6C, 0xEE, 0xBE, 0xCC, 0x6C, 0xEE, 0xBE, 0xFF, 0x0F, 0x88, 0x08, 0xFF, 0x0F, 0x88, 0x08, 
    0xFF, 0x0F, 0xFF, 0x0F, 0xFF, 0x0F, 0xFF, 0x0F, 0xFF, 0x0F, 0xFF, 0x0F, 0xFF, 0x0F, 0xFF, 0x0F, 0xDD, 0xAD, 0xDD, 0xFD, 0xDD, 0xAD, 0xFF, 0x7F, 0xDD, 0xFD, 0xDD, 0xFD, 0xFF, 0x0F, 0xAA, 0x0A, 
    0xFF, 0x0F, 0xFF, 0x0F, 0xFF, 0x0F, 0xFF, 0x0F, 0xFF, 0x0F, 0xFF, 0x0F, 0xFF, 0x0F, 0xFF, 0x0F, 0xEE, 0xCE, 0xFF, 0x2F, 0xCC, 0x6C, 0xEE, 0xEE, 0xFF, 0x0F, 0xFF, 0x0F, 0xFF, 0x0F, 0xFF, 0x0F, 
    0xDD, 0xAD, 0xFF, 0x7F, 0xDD, 0xAD, 0xFF, 0x7F, 0xFF, 0x0F, 0xFF, 0x0F, 0xFF, 0x0F, 0xAA, 0x0A, 0xDD, 0xAD, 0xDD, 0xFD, 0xDD, 0xAD, 0xEE, 0x7E, 0xDD, 0xFD, 0xDD, 0xFD, 0xDD, 0x2D, 0xCC, 0x3C, 
    0x66, 0x16, 0xEE, 0xEE, 0xCC, 0x6C, 0xEE, 0xEE, 0xFF, 0x2F, 0xFF, 0x0F, 0xFF, 0x0F, 0xFF, 0x0F, 0xEE, 0xEE, 0xFF, 0x2F, 0xDD, 0xAD, 0xEE, 0xBE, 0xFF, 0x0F, 0xFF, 0x0F, 0xFF, 0x0F, 0xFF, 0x0F, 
    0xFF, 0x4F, 0xFF, 0x0F, 0xEE, 0xEE, 0xFF, 0x2F, 0xFF, 0x0F, 0xAA, 0x0A, 0xAA, 0x0A, 0xCC, 0x5C, 0xDD, 0x8D, 0xDD, 0xFD, 0xFF, 0x0F, 0xFF, 0x0F, 0xDD, 0xFD, 0xEE, 0xCE, 0xFF, 0x0F, 0xFF, 0x0F, 
    0xCC, 0x8C, 0xFF, 0x9F, 0xEE, 0xEE, 0xFF, 0x4F, 0xFF, 0x0F, 0x88, 0x08, 0xFF, 0x0F, 0x88, 0x08, 0xDD, 0xCD, 0xEE, 0xBE, 0x88, 0x08, 0xEE, 0x7E, 0xFF, 0x0F, 0x88, 0x08, 0xFF, 0x0F, 0xFF, 0x0F, 
    0xFF, 0x0F, 0xFF, 0x0F, 0xFF, 0x0F, 0xFF, 0x0F, 0xFF, 0x0F, 0xFF, 0x0F, 0xFF, 0x0F, 0xFF, 0x0F, 0xFF, 0x0F, 0xFF, 0x0F, 0xFF, 0x0F, 0xFF, 0x0F, 0xFF, 0x0F, 0xFF, 0x0F, 0xFF, 0x0F, 0xFF, 0x0F, 
    0xFF, 0x0F, 0xFF, 0x0F, 0xFF, 0x0F, 0xFF, 0x0F, 0xFF, 0x0F, 0xFF, 0x0F, 0xFF, 0x0F, 0xFF, 0x0F, 0xFF, 0x0F, 0xFF, 0x0F, 0xFF, 0x0F, 0xFF, 0x0F, 0xFF, 0x0F, 0xFF, 0x0F, 0xFF, 0x0F, 0xFF, 0x0F, 
    0xDD, 0xAD, 0xFF, 0x7F, 0xDD, 0xAD, 0xFF, 0x7F, 0xFF, 0x0F, 0xFF, 0x0F, 0xFF, 0x0F, 0xFF, 0x0F, 0xDD, 0xAD, 0xFF, 0x7F, 0xFF, 0x0F, 0xFF, 0x0F, 0xFF, 0x0F, 0xFF, 0x0F, 0xFF, 0x0F, 0xFF, 0x0F, 
    0xBB, 0x3B, 0xEE, 0xEE, 0x66, 0x16, 0xEE, 0xEE, 0xFF, 0x2F, 0xFF, 0x0F, 0xFF, 0x2F, 0xFF, 0x0F, 0x66, 0x16, 0xEE, 0xEE, 0xFF, 0x0F, 0xFF, 0x0F, 0xFF, 0x4F, 0xFF, 0x0F, 0xFF, 0x0F, 0xFF, 0x0F, 
    0xFF, 0x0F, 0xFF, 0x0F, 0xFF, 0x0F, 0xFF, 0x0F, 0xFF, 0x0F, 0xFF, 0x0F, 0xFF, 0x0F, 0xFF, 0x0F, 0xFF, 0x0F, 0xFF, 0x0F, 0xFF, 0x0F, 0xFF, 0x0F, 0xFF, 0x0F, 0xFF, 0x0F, 0xFF, 0x0F, 0xFF, 0x0F, 
    0xFF, 0x0F, 0xFF, 0x0F, 0xFF, 0x0F, 0xFF, 0x0F, 0xFF, 0x0F, 0xFF, 0x0F, 0xFF, 0x0F, 0xFF, 0x0F, 0xFF, 0x0F, 0xFF, 0x0F, 0xFF, 0x0F, 0xFF, 0x0F, 0xFF, 0x0F, 0xFF, 0x0F, 0xFF, 0x0F, 0xFF, 0x0F, 
    0xFF, 0x0F, 0xFF, 0x0F, 0xFF, 0x0F, 0xFF, 0x0F, 0xFF, 0x0F, 0xFF, 0x0F, 0xFF, 0x0F, 0xFF, 0x0F, 0xFF, 0x0F, 0xFF, 0x0F, 0xFF, 0x2F, 0xFF, 0x0F, 0xFF, 0x0F, 0xFF, 0x0F, 0x77, 0x17, 0xEE, 0xCE, 
    0xFF, 0x0F, 0xFF, 0x0F, 0xFF, 0x0F, 0xFF, 0x0F, 0xFF, 0x0F, 0xFF, 0x0F, 0xFF, 0x0F, 0xFF, 0x0F, 0xFF, 0x0F, 0xFF, 0x0F, 0xCC, 0x5C, 0xDD, 0xFD, 0xFF, 0x0F, 0xFF, 0x0F, 0xDD, 0xED, 0xFF, 0x9F, 
    0xEE, 0xBE, 0xFF, 0x0F, 0xEE, 0xEE, 0xFF, 0x0F, 0x77, 0x17, 0xDD, 0xCD, 0x77, 0x17, 0xEE, 0xCE, 0xEE, 0xEE, 0xFF, 0x0F, 0xEE, 0xEE, 0xFF, 0x0F, 0x77, 0x17, 0xEE, 0xCE, 0x77, 0x17, 0xEE, 0xCE, 
    0xEE, 0x9E, 0xFF, 0x0F, 0xFF, 0x4F, 0xFF, 0x0F, 0xBB, 0x3B, 0xEE, 0xEE, 0x77, 0x17, 0xEE, 0xCE, 0xFF, 0x4F, 0xFF, 0x0F, 0xFF, 0x4F, 0xFF, 0x0F, 0x77, 0x17, 0xEE, 0xCE, 0x77, 0x17, 0xEE, 0xCE, 
    0xFF, 0x0F, 0xFF, 0x0F, 0xFF, 0x0F, 0xFF, 0x0F, 0xFF, 0x0F, 0xFF, 0x0F, 0xFF, 0x0F, 0xFF, 0x0F, 0xFF, 0x0F, 0xFF, 0x0F, 0xFF, 0x0F, 0xFF, 0x0F, 0xFF, 0x0F, 0xFF, 0x0F, 0x77, 0x17, 0xDD, 0xAD, 
    0xFF, 0x0F, 0xFF, 0x0F, 0xFF, 0x0F, 0xFF, 0x0F, 0xFF, 0x0F, 0xFF, 0x0F, 0xFF, 0x0F, 0xFF, 0x0F, 0xFF, 0x0F, 0xFF, 0x0F, 0xDD, 0xFD, 0xEE, 0xEE, 0xFF, 0x0F, 0xFF, 0x0F, 0xFF, 0x4F, 0xFF, 0x0F, 
    0xFF, 0x2F, 0x88, 0x08, 0xFF, 0x4F, 0x66, 0x16, 0xDD, 0xAD, 0xEE, 0x9E, 0xEE, 0xEE, 0xFF, 0x2F, 0xFF, 0x4F, 0xBB, 0x3B, 0xFF, 0x4F, 0x66, 0x16, 0xEE, 0xEE, 0xFF, 0x0F, 0xEE, 0xEE, 0xFF, 0x2F, 
    0xFF, 0x0F, 0xBB, 0x3B, 0xFF, 0x0F, 0x88, 0x08, 0xEE, 0xEE, 0xFF, 0x2F, 0xDD, 0xAD, 0xFF, 0x7F, 0xFF, 0x0F, 0xAA, 0x0A, 0xFF, 0x0F, 0x88, 0x08, 0xDD, 0x8D, 0xFF, 0x7F, 0xDD, 0xAD, 0xFF, 0x7F, 
    0xEE, 0xEE, 0xFF, 0x0F, 0xEE, 0xEE, 0xFF, 0x0F, 0x77, 0x17, 0xEE, 0xCE, 0x77, 0x17, 0xEE, 0xCE, 0xFF, 0x0F, 0xFF, 0x0F, 0xFF, 0x0F, 0xFF, 0x0F, 0xFF, 0x0F, 0xFF, 0x0F, 0xFF, 0x0F, 0xFF, 0x0F, 
    0xFF, 0x4F, 0xFF, 0x0F, 0xFF, 0x4F, 0xFF, 0x0F, 0x77, 0x17, 0xEE, 0xCE, 0x77, 0x17, 0xEE, 0xCE, 0xFF, 0x0F, 0xFF, 0x0F, 0xFF, 0x0F, 0xFF, 0x0F, 0xFF, 0x0F, 0xFF, 0x0F, 0xFF, 0x0F, 0xFF, 0x0F, 
    0xFF, 0x0F, 0xFF, 0x0F, 0xFF, 0x0F, 0xFF, 0x0F, 0xFF, 0x0F, 0xFF, 0x0F, 0xFF, 0x0F, 0xFF, 0x0F, 0xFF, 0x0F, 0xFF, 0x0F, 0xFF, 0x0F, 0xFF, 0x0F, 0xFF, 0x0F, 0xFF, 0x0F, 0xFF, 0x0F, 0xFF, 0x0F, 
    0xFF, 0x0F, 0xFF, 0x0F, 0xFF, 0x0F, 0xFF, 0x0F, 0xFF, 0x0F, 0xFF, 0x0F, 0xFF, 0x0F, 0xFF, 0x0F, 0xFF, 0x0F, 0xFF, 0x0F, 0xFF, 0x0F, 0xFF, 0x0F, 0xFF, 0x0F, 0xFF, 0x0F, 0xFF, 0x0F, 0xFF, 0x0F, 
    0xFF, 0x4F, 0x88, 0x08, 0xFF, 0x4F, 0xFF, 0x0F, 0xDD, 0xAD, 0xEE, 0x9E, 0x77, 0x17, 0xDD, 0xAD, 0xFF, 0x0F, 0xFF, 0x0F, 0xFF, 0x0F, 0xFF, 0x0F, 0xFF, 0x0F, 0xFF, 0x0F, 0xFF, 0x0F, 0xFF, 0x0F, 
    0xFF, 0x0F, 0xBB, 0x3B, 0xDD, 0xFD, 0xEE, 0xEE, 0xEE, 0xEE, 0xFF, 0x2F, 0xFF, 0x4F, 0xFF, 0x0F, 0xFF, 0x0F, 0xFF, 0x0F, 0xFF, 0x0F, 0xFF, 0x0F, 0xFF, 0x0F, 0xFF, 0x0F, 0xFF, 0x0F, 0xFF, 0x0F, 
    0xFF, 0x0F, 0xFF, 0x0F, 0xFF, 0x0F, 0xFF, 0x0F, 0xFF, 0x0F, 0xFF, 0x0F, 0xFF, 0x0F, 0xFF, 0x0F, 0xFF, 0x0F, 0xFF, 0x0F, 0xFF, 0x0F, 0xFF, 0x0F, 0xFF, 0x0F, 0xFF, 0x0F, 0xFF, 0x0F, 0xFF, 0x0F, 
    0xFF, 0x0F, 0xFF, 0x0F, 0xFF, 0x0F, 0xFF, 0x0F, 0xFF, 0x0F, 0xFF, 0x0F, 0xFF, 0x0F, 0xFF, 0x0F, 0xFF, 0x0F, 0xFF, 0x0F, 0xFF, 0x0F, 0xFF, 0x0F, 0xFF, 0x0F, 0xFF, 0x0F, 0xFF, 0x0F, 0xFF, 0x0F, 
    0xFF, 0x0F, 0xFF, 0x0F, 0xFF, 0x0F, 0xFF, 0x0F, 0xFF, 0x0F, 0xFF, 0x0F, 0xFF, 0x0F, 0xFF, 0x0F, 0xFF, 0x0F, 0xFF, 0x0F, 0xFF, 0x0F, 0x77, 0x17, 0xFF, 0x0F, 0xFF, 0x0F, 0xEE, 0xCE, 0xDD, 0x8D, 
    0xFF, 0x0F, 0xFF, 0x0F, 0xFF, 0x0F, 0xFF, 0x0F, 0xFF, 0x0F, 0xFF, 0x0F, 0xFF, 0x0F, 0xFF, 0x0F, 0xFF, 0x0F, 0xFF, 0x0F, 0xDD, 0xFD, 0xEE, 0xEE, 0xFF, 0x0F, 0xFF, 0x0F, 0xFF, 0x7F, 0xFF, 0x0F, 
    0xFF, 0x0F, 0x77, 0x17, 0xFF, 0x0F, 0x77, 0x17, 0xDD, 0xCD, 0xFF, 0x9F, 0xEE, 0xCE, 0xFF, 0x4F, 0xFF, 0x0F, 0x77, 0x17, 0xFF, 0x0F, 0x77, 0x17, 0xEE, 0xCE, 0xFF, 0x4F, 0xEE, 0xCE, 0xFF, 0x4F, 
    0xFF, 0x0F, 0xBB, 0x3B, 0xFF, 0x0F, 0x88, 0x08, 0xEE, 0xEE, 0xFF, 0x2F, 0xDD, 0xAD, 0xFF, 0x7F, 0xFF, 0x0F, 0xAA, 0x0A, 0xFF, 0x0F, 0x88, 0x08, 0xDD, 0x8D, 0xFF, 0x7F, 0xDD, 0xAD, 0xFF, 0x7F, 
    0xFF, 0x0F, 0xFF, 0x0F, 0xFF, 0x0F, 0xFF, 0x0F, 0xFF, 0x0F, 0xFF, 0x0F, 0xFF, 0x0F, 0xFF, 0x0F, 0xFF, 0x0F, 0xFF, 0x0F, 0xFF, 0x0F, 0xFF, 0x0F, 0xFF, 0x0F, 0xFF, 0x0F, 0x66, 0x16, 0xDD, 0xCD, 
    0xFF, 0x0F, 0xFF, 0x0F, 0xFF, 0x0F, 0xFF, 0x0F, 0xFF, 0x0F, 0xFF, 0x0F, 0xFF, 0x0F, 0xFF, 0x0F, 0xFF, 0x0F, 0xFF, 0x0F, 0xDD, 0xED, 0xDD, 0xAD, 0xFF, 0x0F, 0xFF, 0x0F, 0xEE, 0xCE, 0xFF, 0x2F, 
    0xFF, 0x0F, 0x88, 0x08, 0xFF, 0x0F, 0x66, 0x16, 0xDD, 0xAD, 0xFF, 0x9F, 0xEE, 0xEE, 0xFF, 0x2F, 0xFF, 0x0F, 0xBB, 0x3B, 0xFF, 0x0F, 0x66, 0x16, 0xEE, 0xEE, 0xFF, 0x0F, 0xEE, 0xEE, 0xFF, 0x2F, 
    0xFF, 0x0F, 0xBB, 0x3B, 0xFF, 0x0F, 0x66, 0x16, 0xEE, 0xEE, 0xFF, 0x2F, 0xEE, 0xEE, 0xFF, 0x2F, 0xFF, 0x0F, 0x66, 0x16, 0xFF, 0x0F, 0x66, 0x16, 0xEE, 0xEE, 0xFF, 0x2F, 0xEE, 0xEE, 0xFF, 0x2F, 
    0xFF, 0x0F, 0x77, 0x17, 0xFF, 0x0F, 0x77, 0x17, 0xDD, 0xCD, 0xFF, 0x7F, 0xEE, 0xCE, 0xDD, 0xAD, 0xFF, 0x0F, 0x77, 0x17, 0xFF, 0x0F, 0x77, 0x17, 0xEE, 0xCE, 0xFF, 0x4F, 0xEE, 0xCE, 0xFF, 0x4F, 
    0xFF, 0x0F, 0xBB, 0x3B, 0xDD, 0xFD, 0xDD, 0xED, 0xEE, 0xEE, 0xFF, 0x4F, 0xFF, 0x7F, 0xFF, 0x0F, 0xFF, 0x0F, 0xFF, 0x0F, 0xFF, 0x0F, 0xFF, 0x0F, 0xFF, 0x0F, 0xFF, 0x0F, 0xFF, 0x0F, 0xFF, 0x0F, 
    0xFF, 0x0F, 0x77, 0x17, 0xFF, 0x0F, 0xFF, 0x0F, 0xEE, 0xCE, 0xFF, 0x4F, 0xFF, 0x0F, 0xFF, 0x0F, 0xFF, 0x0F, 0xFF, 0x0F, 0xFF, 0x0F, 0xFF, 0x0F, 0xFF, 0x0F, 0xFF, 0x0F, 0xFF, 0x0F, 0xFF, 0x0F, 
    0xFF, 0x0F, 0xFF, 0x0F, 0xFF, 0x0F, 0xFF, 0x0F, 0xFF, 0x0F, 0xFF, 0x0F, 0xFF, 0x0F, 0xFF, 0x0F, 0xFF, 0x0F, 0xFF, 0x0F, 0xFF, 0x0F, 0xFF, 0x0F, 0xFF, 0x0F, 0xFF, 0x0F, 0xFF, 0x0F, 0xFF, 0x0F, 
    0xFF, 0x0F, 0x77, 0x17, 0xFF, 0x0F, 0xFF, 0x0F, 0xDD, 0xCD, 0xFF, 0x7F, 0xBB, 0x3B, 0xDD, 0xCD, 0xFF, 0x0F, 0xFF, 0x0F, 0xFF, 0x0F, 0xFF, 0x0F, 0xFF, 0x0F, 0xFF, 0x0F, 0xFF, 0x0F, 0xFF, 0x0F, 
    0xFF, 0x0F, 0xBB, 0x3B, 0xDD, 0xED, 0xDD, 0xAD, 0xEE, 0xEE, 0xFF, 0x2F, 0xEE, 0xEE, 0xFF, 0x2F, 0xFF, 0x0F, 0x66, 0x16, 0xFF, 0x0F, 0x66, 0x16, 0xEE, 0xEE, 0xFF, 0x2F, 0xEE, 0xEE, 0xFF, 0x2F, 
    0xFF, 0x0F, 0xFF, 0x0F, 0xFF, 0x0F, 0xFF, 0x0F, 0xFF, 0x0F, 0xFF, 0x0F, 0xFF, 0x0F, 0xFF, 0x0F, 0xFF, 0x0F, 0xFF, 0x0F, 0xFF, 0x0F, 0xFF, 0x0F, 0xFF, 0x0F, 0xFF, 0x0F, 0xFF, 0x0F, 0xFF, 0x0F, 
    0xFF, 0x0F, 0x66, 0x16, 0xFF, 0x0F, 0xFF, 0x0F, 0xEE, 0xEE, 0xFF, 0x2F, 0xFF, 0x0F, 0xFF, 0x0F, 0xFF, 0x0F, 0xFF, 0x0F, 0xFF, 0x0F, 0xFF, 0x0F, 0xFF, 0x0F, 0xFF, 0x0F, 0xFF, 0x0F, 0xFF, 0x0F, 
    0xFF, 0x0F, 0xFF, 0x0F, 0xFF, 0x0F, 0xFF, 0x0F, 0xFF, 0x0F, 0xFF, 0x0F, 0xFF, 0x0F, 0xFF, 0x0F, 0xFF, 0x0F, 0xFF, 0x0F, 0xFF, 0x0F, 0xFF, 0x0F, 0xFF, 0x0F, 0xFF, 0x0F, 0xFF, 0x0F, 0xFF, 0x0F, 
    0xFF, 0x0F, 0xFF, 0x0F, 0xFF, 0x0F, 0xFF, 0x0F, 0xFF, 0x0F, 0xFF, 0x0F, 0xFF, 0x0F, 0xFF, 0x0F, 0xFF, 0x0F, 0xFF, 0x0F, 0xFF, 0x0F, 0xFF, 0x0F, 0xFF, 0x0F, 0xFF, 0x0F, 0xFF, 0x0F, 0xFF, 0x0F, 
    0xFF, 0x0F, 0xFF, 0x0F, 0xFF, 0x0F, 0xFF, 0x0F, 0xFF, 0x0F, 0xFF, 0x0F, 0xFF, 0x0F, 0xFF, 0x0F, 0xFF, 0x0F, 0xFF, 0x0F, 0xFF, 0x0F, 0xFF, 0x0F, 0xFF, 0x0F, 0xFF, 0x0F, 0xFF, 0x0F, 0xFF, 0x0F, 
    0xFF, 0x0F, 0xFF, 0x0F, 0xFF, 0x0F, 0xFF, 0x0F, 0xFF, 0x0F, 0xFF, 0x0F, 0xFF, 0x0F, 0xFF, 0x0F, 0xFF, 0x0F, 0xFF, 0x0F, 0xFF, 0x0F, 0xFF, 0x0F, 0xFF, 0x0F, 0xFF, 0x0F, 0xFF, 0x0F, 0xFF, 0x0F, 
    0xFF, 0x0F, 0xFF, 0x0F, 0xFF, 0x0F, 0xFF, 0x0F, 0xFF, 0x0F, 0xFF, 0x0F, 0xFF, 0x0F, 0xFF, 0x0F, 0xFF, 0x0F, 0xFF, 0x0F, 0xFF, 0x0F, 0xFF, 0x0F, 0xFF, 0x0F, 0xFF, 0x0F, 0xFF, 0x0F, 0xFF, 0x0F, 
    0xFF, 0x0F, 0xFF, 0x0F, 0xFF, 0x0F, 0xFF, 0x0F, 0xFF, 0x0F, 0xFF, 0x0F, 0xFF, 0x0F, 0xFF, 0x0F, 0xFF, 0x0F, 0xFF, 0x0F, 0xFF, 0x0F, 0xFF, 0x0F, 0xFF, 0x0F, 0xFF, 0x0F, 0xFF, 0x0F, 0xFF, 0x0F, 
    0xFF, 0x0F, 0xFF, 0x0F, 0xFF, 0x0F, 0xFF, 0x0F, 0xFF, 0x0F, 0xFF, 0x0F, 0xFF, 0x0F, 0xFF, 0x0F, 0xFF, 0x0F, 0xFF, 0x0F, 0xFF, 0x0F, 0xFF, 0x0F, 0xFF, 0x0F, 0xFF, 0x0F, 0xFF, 0x0F, 0xFF, 0x0F, 
    0xFF, 0x0F, 0xFF, 0x0F, 0xFF, 0x0F, 0xFF, 0x0F, 0xFF, 0x0F, 0xFF, 0x0F, 0xFF, 0x0F, 0xFF, 0x0F, 0xFF, 0x0F, 0xFF, 0x0F, 0xFF, 0x0F, 0xFF, 0x0F, 0xFF, 0x0F, 0xFF, 0x0F, 0xFF, 0x0F, 0xFF, 0x0F, 
    0xFF, 0x0F, 0xFF, 0x0F, 0xFF, 0x0F, 0xFF, 0x0F, 0xFF, 0x0F, 0xFF, 0x0F, 0xFF, 0x0F, 0xFF, 0x0F, 0xFF, 0x0F, 0xFF, 0x0F, 0xFF, 0x0F, 0xFF, 0x0F, 0xFF, 0x0F, 0xFF, 0x0F, 0xFF, 0x0F, 0xFF, 0x0F, 
    0xFF, 0x0F, 0xFF, 0x0F, 0xFF, 0x0F, 0xFF, 0x0F, 0xFF, 0x0F, 0xFF, 0x0F, 0xFF, 0x0F, 0xFF, 0x0F, 0xFF, 0x0F, 0xFF, 0x0F, 0xFF, 0x0F, 0xFF, 0x0F, 0xFF, 0x0F, 0xFF, 0x0F, 0xFF, 0x0F, 0xFF, 0x0F, 
    0xFF, 0x0F, 0xFF, 0x0F, 0xFF, 0x0F, 0xFF, 0x0F, 0xFF, 0x0F, 0xFF, 0x0F, 0xFF, 0x0F, 0xFF, 0x0F, 0xFF, 0x0F, 0xFF, 0x0F, 0xFF, 0x0F, 0xFF, 0x0F, 0xFF, 0x0F, 0xFF, 0x0F, 0xFF, 0x0F, 0xFF, 0x0F, 
    0xFF, 0x0F, 0xFF, 0x0F, 0xFF, 0x0F, 0xFF, 0x0F, 0xFF, 0x0F, 0xFF, 0x0F, 0xFF, 0x0F, 0xFF, 0x0F, 0xFF, 0x0F, 0xFF, 0x0F, 0xFF, 0x0F, 0xFF, 0x0F, 0xFF, 0x0F, 0xFF, 0x0F, 0xFF, 0x0F, 0xFF, 0x0F, 
    0xFF, 0x0F, 0xFF, 0x0F, 0xFF, 0x0F, 0xFF, 0x0F, 0xFF, 0x0F, 0xFF, 0x0F, 0xFF, 0x0F, 0xFF, 0x0F, 0xFF, 0x0F, 0xFF, 0x0F, 0xFF, 0x0F, 0xFF, 0x0F, 0xFF, 0x0F, 0xFF, 0x0F, 0xFF, 0x0F, 0xFF, 0x0F, 
    0xFF, 0x0F, 0xFF, 0x0F, 0xFF, 0x0F, 0xFF, 0x0F, 0xFF, 0x0F, 0xFF, 0x0F, 0xFF, 0x0F, 0xFF, 0x0F, 0xFF, 0x0F, 0xFF, 0x0F, 0xFF, 0x0F, 0xFF, 0x0F, 0xFF, 0x0F, 0xFF, 0x0F, 0xFF, 0x0F, 0xFF, 0x0F, 
    0xFF, 0x0F, 0xFF, 0x0F, 0xFF, 0x0F, 0xFF, 0x0F, 0xFF, 0x0F, 0xFF, 0x0F, 0xFF, 0x0F, 0xFF, 0x0F, 0xFF, 0x0F, 0xFF, 0x0F, 0xFF, 0x0F, 0xFF, 0x0F, 0xFF, 0x0F, 0xFF, 0x0F, 0xFF, 0x0F, 0xFF, 0x0F, 
    0xFF, 0x0F, 0xFF, 0x0F, 0xFF, 0x0F, 0xFF, 0x0F, 0xFF, 0x0F, 0xFF, 0x0F, 0xFF, 0x0F, 0xFF, 0x0F, 0xFF, 0x0F, 0xFF, 0x0F, 0xFF, 0x0F, 0xFF, 0x0F, 0xFF, 0x0F, 0xFF, 0x0F, 0xFF, 0x0F, 0xFF, 0x0F, 
    0xFF, 0x0F, 0xFF, 0x0F, 0xFF, 0x0F, 0xFF, 0x0F, 0xFF, 0x0F, 0xFF, 0x0F, 0xFF, 0x0F, 0xFF, 0x0F, 0xFF, 0x0F, 0xFF, 0x0F, 0xFF, 0x0F, 0xFF, 0x0F, 0xFF, 0x0F, 0xFF, 0x0F, 0xFF, 0x0F, 0xFF, 0x0F, 
    0xFF, 0x0F, 0xFF, 0x0F, 0xFF, 0x0F, 0xFF, 0x0F, 0xFF, 0x0F, 0xFF, 0x0F, 0xFF, 0x0F, 0xFF, 0x0F, 0xFF, 0x0F, 0xFF, 0x0F, 0xFF, 0x0F, 0xFF, 0x0F, 0xFF, 0x0F, 0xFF, 0x0F, 0xFF, 0x0F, 0xFF, 0x0F, 
    0xFF, 0x0F, 0xFF, 0x0F, 0xFF, 0x0F, 0xFF, 0x0F, 0xFF, 0x0F, 0xFF, 0x0F, 0xFF, 0x0F, 0xFF, 0x0F, 0xFF, 0x0F, 0xFF, 0x0F, 0xFF, 0x0F, 0xFF, 0x0F, 0xFF, 0x0F, 0xFF, 0x0F, 0xFF, 0x0F, 0xFF, 0x0F, 
    0xFF, 0x0F, 0xFF, 0x0F, 0xFF, 0x0F, 0xFF, 0x0F, 0xFF, 0x0F, 0xFF, 0x0F, 0xFF, 0x0F, 0xFF, 0x0F, 0xFF, 0x0F, 0xFF, 0x0F, 0xFF, 0x0F, 0xFF, 0x0F, 0xFF, 0x0F, 0xFF, 0x0F, 0xFF, 0x0F, 0xFF, 0x0F, 
    0xFF, 0x0F, 0xFF, 0x0F, 0xFF, 0x0F, 0xFF, 0x0F, 0xFF, 0x0F, 0xFF, 0x0F, 0xFF, 0x0F, 0xFF, 0x0F, 0xFF, 0x0F, 0xFF, 0x0F, 0xFF, 0x0F, 0xFF, 0x0F, 0xFF, 0x0F, 0xFF, 0x0F, 0xFF, 0x0F, 0xFF, 0x0F, 
    0xFF, 0x0F, 0xFF, 0x0F, 0xFF, 0x0F, 0xFF, 0x0F, 0xFF, 0x0F, 0xFF, 0x0F, 0xFF, 0x0F, 0xFF, 0x0F, 0xFF, 0x0F, 0xFF, 0x0F, 0xFF, 0x0F, 0xFF, 0x0F, 0xFF, 0x0F, 0xFF, 0x0F, 0xFF, 0x0F, 0xFF, 0x0F, 
    0xFF, 0x0F, 0xFF, 0x0F, 0xFF, 0x0F, 0xFF, 0x0F, 0xFF, 0x0F, 0xFF, 0x0F, 0xFF, 0x0F, 0xFF, 0x0F, 0xFF, 0x0F, 0xFF, 0x0F, 0xFF, 0x0F, 0xFF, 0x0F, 0xFF, 0x0F, 0xFF, 0x0F, 0xFF, 0x0F, 0xFF, 0x0F, 
    0xFF, 0x0F, 0xFF, 0x0F, 0xFF, 0x0F, 0xFF, 0x0F, 0xFF, 0x0F, 0xFF, 0x0F, 0xFF, 0x0F, 0xFF, 0x0F, 0xFF, 0x0F, 0xFF, 0x0F, 0xFF, 0x0F, 0xFF, 0x0F, 0xFF, 0x0F, 0xFF, 0x0F, 0xFF, 0x0F, 0xFF, 0x0F, 
    0xFF, 0x0F, 0xFF, 0x0F, 0xFF, 0x0F, 0xFF, 0x0F, 0xFF, 0x0F, 0xFF, 0x0F, 0xFF, 0x0F, 0xFF, 0x0F, 0xFF, 0x0F, 0xFF, 0x0F, 0xFF, 0x0F, 0xFF, 0x0F, 0xFF, 0x0F, 0xFF, 0x0F, 0xFF, 0x0F, 0xFF, 0x0F, 
    0xFF, 0x0F, 0xFF, 0x0F, 0xFF, 0x0F, 0xFF, 0x0F, 0xFF, 0x0F, 0xFF, 0x0F, 0xFF, 0x0F, 0xFF, 0x0F, 0xFF, 0x0F, 0xFF, 0x0F, 0xFF, 0x0F, 0xFF, 0x0F, 0xFF, 0x0F, 0xFF, 0x0F, 0xFF, 0x0F, 0xFF, 0x0F, 
    0xFF, 0x0F, 0xFF, 0x0F, 0xFF, 0x0F, 0xFF, 0x0F, 0xFF, 0x0F, 0xFF, 0x0F, 0xFF, 0x0F, 0xFF, 0x0F, 0xFF, 0x0F, 0xFF, 0x0F, 0xFF, 0x0F, 0xFF, 0x0F, 0xFF, 0x0F, 0xFF, 0x0F, 0xFF, 0x0F, 0xFF, 0x0F, 
    0xFF, 0x0F, 0xFF, 0x0F, 0xFF, 0x0F, 0xFF, 0x0F, 0xFF, 0x0F, 0xFF, 0x0F, 0xFF, 0x0F, 0xFF, 0x0F, 0xFF, 0x0F, 0xFF, 0x0F, 0xFF, 0x0F, 0xFF, 0x0F, 0xFF, 0x0F, 0xFF, 0x0F, 0xFF, 0x0F, 0xFF, 0x0F, 
    0xFF, 0x0F, 0xFF, 0x0F, 0xFF, 0x0F, 0xFF, 0x0F, 0xFF, 0x0F, 0xFF, 0x0F, 0xFF, 0x0F, 0xFF, 0x0F, 0xFF, 0x0F, 0xFF, 0x0F, 0xFF, 0x0F, 0xFF, 0x0F, 0xFF, 0x0F, 0xFF, 0x0F, 0xFF, 0x0F, 0xFF, 0x0F, 
    0xFF, 0x0F, 0xFF, 0x0F, 0xFF, 0x0F, 0xFF, 0x0F, 0xFF, 0x0F, 0xFF, 0x0F, 0xFF, 0x0F, 0xFF, 0x0F, 0xFF, 0x0F, 0xFF, 0x0F, 0xFF, 0x0F, 0xFF, 0x0F, 0xFF, 0x0F, 0xFF, 0x0F, 0xFF, 0x0F, 0xFF, 0x0F, 
    0xFF, 0x0F, 0xFF, 0x0F, 0xFF, 0x0F, 0xFF, 0x0F, 0xFF, 0x0F, 0xFF, 0x0F, 0xFF, 0x0F, 0xFF, 0x0F, 0xFF, 0x0F, 0xFF, 0x0F, 0xFF, 0x0F, 0xFF, 0x0F, 0xFF, 0x0F, 0xFF, 0x0F, 0xFF, 0x0F, 0xFF, 0x0F, 
    0xFF, 0x0F, 0xFF, 0x0F, 0xFF, 0x0F, 0xFF, 0x0F, 0xFF, 0x0F, 0xFF, 0x0F, 0xFF, 0x0F, 0xFF, 0x0F, 0xFF, 0x0F, 0xFF, 0x0F, 0xFF, 0x0F, 0xFF, 0x0F, 0xFF, 0x0F, 0xFF, 0x0F, 0xFF, 0x0F, 0xFF, 0x0F, 
    0xFF, 0x0F, 0xFF, 0x0F, 0xFF, 0x0F, 0xFF, 0x0F, 0xFF, 0x0F, 0xFF, 0x0F, 0xFF, 0x0F, 0xFF, 0x0F, 0xFF, 0x0F, 0xFF, 0x0F, 0x77, 0x17, 0xEE, 0xCE, 0xFF, 0x0F, 0xFF, 0x0F, 0xDD, 0xAD, 0xEE, 0xEE, 
    0xFF, 0x0F, 0xFF, 0x0F, 0xFF, 0x0F, 0xFF, 0x0F, 0xFF, 0x0F, 0xFF, 0x0F, 0xFF, 0x0F, 0xFF, 0x0F, 0xFF, 0x0F, 0xFF, 0x0F, 0xFF, 0x2F, 0xFF, 0x0F, 0xFF, 0x0F, 0xFF, 0x0F, 0xBB, 0x3B, 0xDD, 0xCD, 
    0x77, 0x17, 0xDD, 0xCD, 0x77, 0x17, 0xEE, 0xCE, 0xFF, 0x7F, 0xFF, 0x0F, 0xFF, 0x4F, 0xFF, 0x0F, 0x77, 0x17, 0xEE, 0xCE, 0x77, 0x17, 0xEE, 0xCE, 0xFF, 0x4F, 0xFF, 0x0F, 0xFF, 0x4F, 0xFF, 0x0F, 
    0xFF, 0x0F, 0x77, 0x17, 0xFF, 0x0F, 0x77, 0x17, 0xEE, 0xCE, 0xFF, 0x7F, 0xDD, 0xCD, 0xEE, 0x7E, 0xFF, 0x0F, 0xFF, 0x0F, 0xFF, 0x0F, 0xFF, 0x0F, 0x77, 0x17, 0xDD, 0xAD, 0xFF, 0x2F, 0xFF, 0x0F, 
    0xFF, 0x0F, 0xFF, 0x0F, 0xFF, 0x0F, 0xFF, 0x0F, 0xFF, 0x0F, 0xFF, 0x0F, 0xFF, 0x0F, 0xFF, 0x0F, 0xFF, 0x0F, 0xFF, 0x0F, 0xDD, 0xFD, 0xEE, 0xCE, 0xFF, 0x0F, 0xFF, 0x0F, 0xFF, 0x2F, 0xFF, 0x0F, 
    0xFF, 0x0F, 0xFF, 0x0F, 0xFF, 0x0F, 0xBB, 0x3B, 0xFF, 0x0F, 0xFF, 0x0F, 0xEE, 0x7E, 0xFF, 0x0F, 0xFF, 0x0F, 0xCC, 0x6C, 0xCC, 0x6C, 0xDD, 0xFD, 0xEE, 0xBE, 0xFF, 0x0F, 0xDD, 0xFD, 0xEE, 0xEE, 
    0xAA, 0x0A, 0xCC, 0x8C, 0xFF, 0x0F, 0xAA, 0x0A, 0xEE, 0xBE, 0xFF, 0x0F, 0xFF, 0x2F, 0xFF, 0x0F, 0xDD, 0xFD, 0xEE, 0xCE, 0xAA, 0x0A, 0xCC, 0x6C, 0xFF, 0x2F, 0xFF, 0x0F, 0xEE, 0xEE, 0xFF, 0x0F, 
    0xFF, 0x0F, 0xCC, 0x6C, 0xFF, 0x0F, 0xCC, 0x6C, 0xEE, 0xBE, 0xFF, 0x0F, 0xEE, 0xBE, 0xFF, 0x0F, 0xFF, 0x0F, 0xCC, 0x6C, 0xFF, 0x0F, 0xCC, 0x6C, 0xEE, 0xBE, 0xFF, 0x0F, 0xEE, 0xBE, 0xFF, 0x0F, 
    0x77, 0x17, 0xEE, 0xCE, 0x77, 0x17, 0xEE, 0xCE, 0xFF, 0x4F, 0xFF, 0x0F, 0xFF, 0x4F, 0xFF, 0x0F, 0xFF, 0x0F, 0xFF, 0x0F, 0xFF, 0x0F, 0xFF, 0x0F, 0xFF, 0x0F, 0xFF, 0x0F, 0xFF, 0x0F, 0xFF, 0x0F, 
    0xFF, 0x0F, 0x66, 0x16, 0xFF, 0x0F, 0xFF, 0x0F, 0xEE, 0xEE, 0xFF, 0x4F, 0xBB, 0x3B, 0xDD, 0xCD, 0xFF, 0x0F, 0xFF, 0x0F, 0xFF, 0x0F, 0xFF, 0x0F, 0xFF, 0x0F, 0xFF, 0x0F, 0xFF, 0x0F, 0xFF, 0x0F, 
    0xFF, 0x0F, 0xFF, 0x0F, 0xFF, 0x0F, 0xFF, 0x0F, 0xFF, 0x0F, 0xFF, 0x0F, 0xFF, 0x0F, 0xFF, 0x0F, 0xFF, 0x0F, 0xFF, 0x0F, 0xFF, 0x0F, 0xFF, 0x0F, 0xFF, 0x0F, 0xFF, 0x0F, 0xFF, 0x0F, 0xFF, 0x0F, 
    0xFF, 0x0F, 0xFF, 0x0F, 0xFF, 0x0F, 0xFF, 0x0F, 0xFF, 0x0F, 0xFF, 0x0F, 0xFF, 0x0F, 0xFF, 0x0F, 0xFF, 0x0F, 0xFF, 0x0F, 0xFF, 0x0F, 0xFF, 0x0F, 0xFF, 0x0F, 0xFF, 0x0F, 0xFF, 0x0F, 0xFF, 0x0F, 
    0xFF, 0x0F, 0xCC, 0x6C, 0xDD, 0xFD, 0xEE, 0xEE, 0xEE, 0xEE, 0xFF, 0x0F, 0xFF, 0x2F, 0xFF, 0x0F, 0xFF, 0x0F, 0xFF, 0x0F, 0xFF, 0x0F, 0xFF, 0x0F, 0xFF, 0x0F, 0xFF, 0x0F, 0xFF, 0x0F, 0xFF, 0x0F, 
    0xFF, 0x0F, 0xCC, 0x6C, 0xFF, 0x0F, 0x66, 0x16, 0xEE, 0xBE, 0xFF, 0x0F, 0xDD, 0xCD, 0xEE, 0xEE, 0xFF, 0x0F, 0xFF, 0x0F, 0xFF, 0x0F, 0xFF, 0x0F, 0xFF, 0x0F, 0xFF, 0x0F, 0xFF, 0x0F, 0xFF, 0x0F, 
    0xFF, 0x0F, 0xFF, 0x0F, 0xFF, 0x0F, 0xFF, 0x0F, 0xFF, 0x0F, 0xFF, 0x0F, 0xFF, 0x0F, 0xFF, 0x0F, 0xFF, 0x0F, 0xFF, 0x0F, 0xFF, 0x0F, 0xFF, 0x0F, 0xFF, 0x0F, 0xFF, 0x0F, 0xFF, 0x0F, 0xFF, 0x0F, 
    0xFF, 0x0F, 0xFF, 0x0F, 0xFF, 0x0F, 0xFF, 0x0F, 0xFF, 0x0F, 0xFF, 0x0F, 0xFF, 0x0F, 0xFF, 0x0F, 0xFF, 0x0F, 0xFF, 0x0F, 0xFF, 0x0F, 0xFF, 0x0F, 0xFF, 0x0F, 0xFF, 0x0F, 0xFF, 0x0F, 0xFF, 0x0F, 
    0xFF, 0x0F, 0xFF, 0x0F, 0xFF, 0x0F, 0xFF, 0x0F, 0xFF, 0x0F, 0xFF, 0x0F, 0xFF, 0x0F, 0xFF, 0x0F, 0xFF, 0x0F, 0xFF, 0x0F, 0xFF, 0x0F, 0x77, 0x17, 0xFF, 0x0F, 0xFF, 0x0F, 0xEE, 0xCE, 0xFF, 0x4F, 
    0xFF, 0x0F, 0xFF, 0x0F, 0xFF, 0x0F, 0xFF, 0x0F, 0xFF, 0x0F, 0xFF, 0x0F, 0xFF, 0x0F, 0xFF, 0x0F, 0xFF, 0x0F, 0xFF, 0x0F, 0xFF, 0x0F, 0x77, 0x17, 0xFF, 0x0F, 0xFF, 0x0F, 0xEE, 0xCE, 0xFF, 0x4F, 
    0xFF, 0x0F, 0x77, 0x17, 0xFF, 0x0F, 0x77, 0x17, 0xEE, 0xCE, 0xFF, 0x4F, 0xEE, 0xCE, 0xFF, 0x4F, 0xFF, 0x0F, 0x77, 0x17, 0xFF, 0x0F, 0x77, 0x17, 0xEE, 0xCE, 0xFF, 0x4F, 0xEE, 0xCE, 0xFF, 0x4F, 
    0xFF, 0x0F, 0x77, 0x17, 0xFF, 0x0F, 0x77, 0x17, 0xEE, 0xCE, 0xFF, 0x4F, 0xEE, 0xCE, 0xFF, 0x4F, 0xFF, 0x0F, 0x77, 0x17, 0xFF, 0x0F, 0x77, 0x17, 0xEE, 0xCE, 0xFF, 0x4F, 0xEE, 0xCE, 0xFF, 0x4F, 
    0xFF, 0x0F, 0xFF, 0x0F, 0xFF, 0x0F, 0xFF, 0x0F, 0xFF, 0x0F, 0xFF, 0x0F, 0xFF, 0x0F, 0xFF, 0x0F, 0xFF, 0x0F, 0xFF, 0x0F, 0xBB, 0x3B, 0xEE, 0xEE, 0xFF, 0x0F, 0xFF, 0x0F, 0xFF, 0x0F, 0xFF, 0x0F, 
    0xFF, 0x0F, 0xFF, 0x0F, 0xFF, 0x0F, 0xFF, 0x0F, 0xFF, 0x0F, 0xFF, 0x0F, 0xFF, 0x0F, 0xFF, 0x0F, 0xFF, 0x0F, 0xFF, 0x0F, 0xBB, 0x3B, 0xEE, 0xEE, 0xFF, 0x0F, 0xFF, 0x0F, 0xFF, 0x0F, 0xCC, 0x6C, 
    0x77, 0x17, 0xEE, 0xCE, 0xAA, 0x0A, 0xDD, 0x8D, 0xFF, 0x2F, 0xAA, 0x0A, 0xFF, 0x7F, 0x88, 0x08, 0xFF, 0x0F, 0xBB, 0x3B, 0xFF, 0x0F, 0x77, 0x17, 0xEE, 0xBE, 0x66, 0x16, 0xEE, 0xCE, 0xCC, 0x8C, 
    0xCC, 0x8C, 0xFF, 0x9F, 0xDD, 0xAD, 0xFF, 0x4F, 0xFF, 0x0F, 0x66, 0x16, 0xFF, 0x0F, 0x88, 0x08, 0xEE, 0xEE, 0xFF, 0x0F, 0xFF, 0x9F, 0xFF, 0x0F, 0xFF, 0x0F, 0xAA, 0x0A, 0xFF, 0x0F, 0xFF, 0x0F, 
    0xFF, 0x0F, 0x88, 0x08, 0xFF, 0x0F, 0xFF, 0x0F, 0xDD, 0xAD, 0xFF, 0x7F, 0xBB, 0x3B, 0xDD, 0xCD, 0xFF, 0x0F, 0xFF, 0x0F, 0xFF, 0x0F, 0xFF, 0x0F, 0xFF, 0x0F, 0xFF, 0x0F, 0xFF, 0x0F, 0xFF, 0x0F, 
    0xFF, 0x0F, 0xBB, 0x3B, 0xDD, 0xED, 0xEE, 0x9E, 0xEE, 0xEE, 0xFF, 0x4F, 0xEE, 0xCE, 0xFF, 0x4F, 0xFF, 0x0F, 0xFF, 0x0F, 0xFF, 0x0F, 0xFF, 0x0F, 0xFF, 0x0F, 0xFF, 0x0F, 0xFF, 0x0F, 0xFF, 0x0F, 
    0xFF, 0x0F, 0xFF, 0x0F, 0xFF, 0x0F, 0xFF, 0x0F, 0xFF, 0x0F, 0xFF, 0x0F, 0xFF, 0x0F, 0xFF, 0x0F, 0xFF, 0x0F, 0xFF, 0x0F, 0xFF, 0x0F, 0xFF, 0x0F, 0xFF, 0x0F, 0xFF, 0x0F, 0xFF, 0x0F, 0xFF, 0x0F, 
    0xFF, 0x0F, 0xFF, 0x0F, 0xFF, 0x0F, 0xFF, 0x0F, 0xFF, 0x0F, 0xFF, 0x0F, 0xFF, 0x0F, 0xFF, 0x0F, 0xFF, 0x0F, 0xFF, 0x0F, 0xFF, 0x0F, 0xFF, 0x0F, 0xFF, 0x0F, 0xFF, 0x0F, 0xFF, 0x0F, 0xFF, 0x0F, 
    0xFF, 0x0F, 0xAA, 0x0A, 0xFF, 0x0F, 0xFF, 0x0F, 0xCC, 0x8C, 0xEE, 0xEE, 0xBB, 0x3B, 0xEE, 0xEE, 0xFF, 0x0F, 0xFF, 0x0F, 0xFF, 0x0F, 0xFF, 0x0F, 0xFF, 0x0F, 0xFF, 0x0F, 0xFF, 0x0F, 0xFF, 0x0F, 
    0xFF, 0x4F, 0xFF, 0x0F, 0xFF, 0x0F, 0xFF, 0x0F, 0xFF, 0x0F, 0xFF, 0x0F, 0xFF, 0x0F, 0xFF, 0x0F, 0xFF, 0x0F, 0xFF, 0x0F, 0xFF, 0x0F, 0xFF, 0x0F, 0xFF, 0x0F, 0xFF, 0x0F, 0xFF, 0x0F, 0xFF, 0x0F, 
    0xFF, 0x0F, 0xFF, 0x0F, 0xFF, 0x0F, 0xFF, 0x0F, 0xFF, 0x0F, 0xFF, 0x0F, 0xFF, 0x0F, 0xFF, 0x0F, 0xFF, 0x0F, 0xFF, 0x0F, 0xFF, 0x0F, 0xFF, 0x0F, 0xFF, 0x0F, 0xFF, 0x0F, 0xFF, 0x0F, 0xFF, 0x0F, 
    0xFF, 0x0F, 0xFF, 0x0F, 0xFF, 0x0F, 0xFF, 0x0F, 0xFF, 0x0F, 0xFF, 0x0F, 0xFF, 0x0F, 0xFF, 0x0F, 0xFF, 0x0F, 0xFF, 0x0F, 0xFF, 0x0F, 0xFF, 0x0F, 0xFF, 0x0F, 0xFF, 0x0F, 0xFF, 0x0F, 0xFF, 0x0F, 
    0xFF, 0x0F, 0xFF, 0x0F, 0xFF, 0x0F, 0xFF, 0x0F, 0xFF, 0x0F, 0xFF, 0x0F, 0xFF, 0x0F, 0xFF, 0x0F, 0xFF, 0x0F, 0xFF, 0x0F, 0xFF, 0x0F, 0xFF, 0x0F, 0xFF, 0x0F, 0xFF, 0x0F, 0xFF, 0x0F, 0xFF, 0x0F, 
    0xFF, 0x0F, 0xFF, 0x0F, 0xFF, 0x0F, 0xFF, 0x0F, 0xFF, 0x0F, 0xFF, 0x0F, 0xFF, 0x0F, 0xFF, 0x0F, 0xFF, 0x0F, 0xFF, 0x0F, 0xFF, 0x0F, 0xFF, 0x0F, 0xFF, 0x0F, 0xFF, 0x0F, 0xFF, 0x0F, 0xFF, 0x0F, 
    0xFF, 0x0F, 0xFF, 0x0F, 0xFF, 0x0F, 0xFF, 0x0F, 0xFF, 0x0F, 0xFF, 0x0F, 0xFF, 0x0F, 0xFF, 0x0F, 0xFF, 0x0F, 0xFF, 0x0F, 0xFF, 0x0F, 0xFF, 0x0F, 0xFF, 0x0F, 0xFF, 0x0F, 0xFF, 0x0F, 0xFF, 0x0F, 
    0xFF, 0x0F, 0xFF, 0x0F, 0xFF, 0x0F, 0xFF, 0x0F, 0xFF, 0x0F, 0xFF, 0x0F, 0xFF, 0x0F, 0xFF, 0x0F, 0xFF, 0x0F, 0xFF, 0x0F, 0xFF, 0x0F, 0xFF, 0x0F, 0xFF, 0x0F, 0xFF, 0x0F, 0xFF, 0x0F, 0xFF, 0x0F, 
    0xFF, 0x0F, 0xFF, 0x0F, 0xFF, 0x0F, 0xFF, 0x0F, 0xFF, 0x0F, 0xFF, 0x0F, 0xFF, 0x0F, 0xFF, 0x0F, 0xFF, 0x0F, 0xFF, 0x0F, 0xFF, 0x0F, 0xFF, 0x0F, 0xFF, 0x0F, 0xFF, 0x0F, 0xFF, 0x0F, 0xFF, 0x0F, 
    0xFF, 0x0F, 0xFF, 0x0F, 0xFF, 0x0F, 0xFF, 0x0F, 0xFF, 0x0F, 0xFF, 0x0F, 0xFF, 0x0F, 0xFF, 0x0F, 0xFF, 0x0F, 0xFF, 0x0F, 0xFF, 0x0F, 0xFF, 0x0F, 0xFF, 0x0F, 0xFF, 0x0F, 0xFF, 0x0F, 0xFF, 0x0F, 
    0xFF, 0x0F, 0xFF, 0x0F, 0xFF, 0x0F, 0xFF, 0x0F, 0xFF, 0x0F, 0xFF, 0x0F, 0xFF, 0x0F, 0xFF, 0x0F, 0xFF, 0x0F, 0xFF, 0x0F, 0xFF, 0x0F, 0xFF, 0x0F, 0xFF, 0x0F, 0xFF, 0x0F, 0xFF, 0x0F, 0xFF, 0x0F, 
    0xFF, 0x0F, 0xFF, 0x0F, 0xFF, 0x0F, 0xFF, 0x0F, 0xFF, 0x0F, 0xFF, 0x0F, 0xFF, 0x0F, 0xFF, 0x0F, 0xFF, 0x0F, 0xFF, 0x0F, 0xFF, 0x0F, 0xFF, 0x0F, 0xFF, 0x0F, 0xFF, 0x0F, 0xFF, 0x0F, 0xFF, 0x0F, 
    0xFF, 0x0F, 0xFF, 0x0F, 0xFF, 0x0F, 0xFF, 0x0F, 0xFF, 0x0F, 0xFF, 0x0F, 0xFF, 0x0F, 0xFF, 0x0F, 0xFF, 0x0F, 0xFF, 0x0F, 0xFF, 0x0F, 0xFF, 0x0F, 0xFF, 0x0F, 0xFF, 0x0F, 0xFF, 0x0F, 0xFF, 0x0F, 
    0xFF, 0x0F, 0xFF, 0x0F, 0xFF, 0x0F, 0xFF, 0x0F, 0xFF, 0x0F, 0xFF, 0x0F, 0xFF, 0x0F, 0xFF, 0x0F, 0xFF, 0x0F, 0xFF, 0x0F, 0xFF, 0x0F, 0xFF, 0x0F, 0xFF, 0x0F, 0xFF, 0x0F, 0xFF, 0x0F, 0xFF, 0x0F, 
    0xFF, 0x0F, 0xFF, 0x0F, 0xFF, 0x0F, 0xFF, 0x0F, 0xFF, 0x0F, 0xFF, 0x0F, 0xFF, 0x0F, 0xFF, 0x0F, 0xFF, 0x0F, 0xFF, 0x0F, 0xFF, 0x0F, 0xFF, 0x0F, 0xFF, 0x0F, 0xFF, 0x0F, 0xFF, 0x0F, 0xFF, 0x0F, 
    0xFF, 0x0F, 0xFF, 0x0F, 0xFF, 0x0F, 0xFF, 0x0F, 0xFF, 0x0F, 0xFF, 0x0F, 0xFF, 0x0F, 0xFF, 0x0F, 0xFF, 0x0F, 0xFF, 0x0F, 0xFF, 0x0F, 0xFF, 0x0F, 0xFF, 0x0F, 0xFF, 0x0F, 0xFF, 0x0F, 0xFF, 0x0F, 
    0xFF, 0x0F, 0xFF, 0x0F, 0xFF, 0x0F, 0xFF, 0x0F, 0xFF, 0x0F, 0xFF, 0x0F, 0xFF, 0x0F, 0xFF, 0x0F, 0xFF, 0x0F, 0xFF, 0x0F, 0xFF, 0x0F, 0xFF, 0x0F, 0xFF, 0x0F, 0xFF, 0x0F, 0xFF, 0x0F, 0xFF, 0x0F, 
    0xFF, 0x0F, 0xFF, 0x0F, 0xFF, 0x0F, 0xFF, 0x0F, 0xFF, 0x0F, 0xFF, 0x0F, 0xFF, 0x0F, 0xFF, 0x0F, 0xFF, 0x0F, 0xFF, 0x0F, 0xFF, 0x0F, 0xFF, 0x0F, 0xFF, 0x0F, 0xFF, 0x0F, 0xFF, 0x0F, 0xFF, 0x0F, 
    0xFF, 0x0F, 0xFF, 0x0F, 0xFF, 0x0F, 0xFF, 0x0F, 0xFF, 0x0F, 0xFF, 0x0F, 0xFF, 0x0F, 0xFF, 0x0F, 0xFF, 0x0F, 0xFF, 0x0F, 0xFF, 0x0F, 0xFF, 0x0F, 0xFF, 0x0F, 0xFF, 0x0F, 0xFF, 0x0F, 0xFF, 0x0F, 
    0xFF, 0x0F, 0xFF, 0x0F, 0xFF, 0x0F, 0xFF, 0x0F, 0xFF, 0x0F, 0xFF, 0x0F, 0xFF, 0x0F, 0xFF, 0x0F, 0xFF, 0x0F, 0xFF, 0x0F, 0xFF, 0x0F, 0xFF, 0x0F, 0xFF, 0x0F, 0xFF, 0x0F, 0xFF, 0x0F, 0xFF, 0x0F, 
    0xFF, 0x0F, 0xFF, 0x0F, 0xFF, 0x0F, 0xFF, 0x0F, 0xFF, 0x0F, 0xFF, 0x0F, 0xFF, 0x0F, 0xFF, 0x0F, 0xFF, 0x0F, 0xFF, 0x0F, 0xFF, 0x0F, 0xFF, 0x0F, 0xFF, 0x0F, 0xFF, 0x0F, 0xFF, 0x0F, 0xFF, 0x0F, 
    0xFF, 0x0F, 0xFF, 0x0F, 0xFF, 0x0F, 0xFF, 0x0F, 0xFF, 0x0F, 0xFF, 0x0F, 0xFF, 0x0F, 0xFF, 0x0F, 0xFF, 0x0F, 0xFF, 0x0F, 0xFF, 0x0F, 0xFF, 0x0F, 0xFF, 0x0F, 0xFF, 0x0F, 0xFF, 0x0F, 0xFF, 0x0F, 
    0xFF, 0x0F, 0xFF, 0x0F, 0xFF, 0x0F, 0xFF, 0x0F, 0xFF, 0x0F, 0xFF, 0x0F, 0xFF, 0x0F, 0xFF, 0x0F, 0xFF, 0x0F, 0xFF, 0x0F, 0xFF, 0x0F, 0xFF, 0x0F, 0xFF, 0x0F, 0xFF, 0x0F, 0xFF, 0x0F, 0xFF, 0x0F, 
    0xFF, 0x0F, 0xFF, 0x0F, 0xFF, 0x0F, 0xFF, 0x0F, 0xFF, 0x0F, 0xFF, 0x0F, 0xFF, 0x0F, 0xFF, 0x0F, 0xFF, 0x0F, 0xFF, 0x0F, 0xFF, 0x0F, 0xFF, 0x0F, 0xFF, 0x0F, 0xFF, 0x0F, 0xFF, 0x0F, 0xFF, 0x0F, 
    0xFF, 0x0F, 0xFF, 0x0F, 0xFF, 0x0F, 0xFF, 0x0F, 0xFF, 0x0F, 0xFF, 0x0F, 0xFF, 0x0F, 0xFF, 0x0F, 0xFF, 0x0F, 0xFF, 0x0F, 0xFF, 0x0F, 0xFF, 0x0F, 0xFF, 0x0F, 0xFF, 0x0F, 0xFF, 0x0F, 0xFF, 0x0F, 
    0xFF, 0x0F, 0xFF, 0x0F, 0xFF, 0x0F, 0xFF, 0x0F, 0xFF, 0x0F, 0xFF, 0x0F, 0xFF, 0x0F, 0xFF, 0x0F, 0xFF, 0x0F, 0xFF, 0x0F, 0xFF, 0x0F, 0xFF, 0x0F, 0xFF, 0x0F, 0xFF, 0x0F, 0xFF, 0x0F, 0xFF, 0x0F, 
    0xFF, 0x0F, 0xFF, 0x0F, 0xFF, 0x0F, 0xFF, 0x0F, 0xFF, 0x0F, 0xFF, 0x0F, 0xFF, 0x0F, 0xFF, 0x0F, 0xFF, 0x0F, 0xFF, 0x0F, 0xFF, 0x0F, 0xFF, 0x0F, 0xFF, 0x0F, 0xFF, 0x0F, 0xFF, 0x0F, 0xFF, 0x0F, 
    0xFF, 0x0F, 0xFF, 0x0F, 0xFF, 0x0F, 0xFF, 0x0F, 0xFF, 0x0F, 0xFF, 0x0F, 0xFF, 0x0F, 0xFF, 0x0F, 0xFF, 0x0F, 0xFF, 0x0F, 0xFF, 0x0F, 0xFF, 0x0F, 0xFF, 0x0F, 0xFF, 0x0F, 0xFF, 0x0F, 0xFF, 0x0F, 
    0xFF, 0x0F, 0xFF, 0x0F, 0xFF, 0x0F, 0xFF, 0x0F, 0xFF, 0x0F, 0xFF, 0x0F, 0xFF, 0x0F, 0xFF, 0x0F, 0xFF, 0x0F, 0xFF, 0x0F, 0xFF, 0x0F, 0xFF, 0x0F, 0xFF, 0x0F, 0xFF, 0x0F, 0xFF, 0x0F, 0xFF, 0x0F, 
    0xFF, 0x0F, 0xFF, 0x0F, 0xFF, 0x0F, 0xFF, 0x0F, 0xFF, 0x0F, 0xFF, 0x0F, 0xFF, 0x0F, 0xFF, 0x0F, 0xFF, 0x0F, 0xFF, 0x0F, 0xFF, 0x0F, 0xFF, 0x0F, 0xFF, 0x0F, 0xFF, 0x0F, 0xFF, 0x0F, 0xFF, 0x0F, 
    0xFF, 0x0F, 0xFF, 0x0F, 0xFF, 0x0F, 0xFF, 0x0F, 0xFF, 0x0F, 0xFF, 0x0F, 0xFF, 0x0F, 0xFF, 0x0F, 0xFF, 0x0F, 0xFF, 0x0F, 0xFF, 0x0F, 0xFF, 0x0F, 0xFF, 0x0F, 0xFF, 0x0F, 0xFF, 0x0F, 0xFF, 0x0F, 
    0xFF, 0x0F, 0xFF, 0x0F, 0xFF, 0x0F, 0xFF, 0x0F, 0xFF, 0x0F, 0xFF, 0x0F, 0xFF, 0x0F, 0xFF, 0x0F, 0xFF, 0x0F, 0xFF, 0x0F, 0xFF, 0x0F, 0xFF, 0x0F, 0xFF, 0x0F, 0xFF, 0x0F, 0xFF, 0x0F, 0xFF, 0x0F, 
    0xFF, 0x0F, 0xFF, 0x0F, 0xFF, 0x0F, 0xFF, 0x0F, 0xFF, 0x0F, 0xFF, 0x0F, 0xFF, 0x0F, 0xFF, 0x0F, 0xFF, 0x0F, 0xFF, 0x0F, 0xFF, 0x0F, 0xFF, 0x0F, 0xFF, 0x0F, 0xFF, 0x0F, 0xFF, 0x0F, 0xFF, 0x0F, 
    0xFF, 0x0F, 0xFF, 0x0F, 0xFF, 0x0F, 0xFF, 0x0F, 0xFF, 0x0F, 0xFF, 0x0F, 0xFF, 0x0F, 0xFF, 0x0F, 0xFF, 0x0F, 0xFF, 0x0F, 0xFF, 0x0F, 0xFF, 0x0F, 0xFF, 0x0F, 0xFF, 0x0F, 0xFF, 0x0F, 0xFF, 0x0F, 
    0xFF, 0x0F, 0xFF, 0x0F, 0xFF, 0x0F, 0xFF, 0x0F, 0xFF, 0x0F, 0xFF, 0x0F, 0xFF, 0x0F, 0xFF, 0x0F, 0xFF, 0x0F, 0xFF, 0x0F, 0xFF, 0x0F, 0xFF, 0x0F, 0xFF, 0x0F, 0xFF, 0x0F, 0xFF, 0x0F, 0xFF, 0x0F, 
    0xFF, 0x0F, 0xFF, 0x0F, 0xFF, 0x0F, 0xFF, 0x0F, 0xFF, 0x0F, 0xFF, 0x0F, 0xFF, 0x0F, 0xFF, 0x0F, 0xFF, 0x0F, 0xFF, 0x0F, 0xFF, 0x0F, 0xFF, 0x0F, 0xFF, 0x0F, 0xFF, 0x0F, 0xFF, 0x0F, 0xFF, 0x0F, 
    0xFF, 0x0F, 0xFF, 0x0F, 0xFF, 0x0F, 0xFF, 0x0F, 0xFF, 0x0F, 0xFF, 0x0F, 0xFF, 0x0F, 0xFF, 0x0F, 0xFF, 0x0F, 0xFF, 0x0F, 0xFF, 0x0F, 0xFF, 0x0F, 0xFF, 0x0F, 0xFF, 0x0F, 0x66, 0x16, 0xDD, 0xED, 
    0xFF, 0x0F, 0xFF, 0x0F, 0xFF, 0x0F, 0xFF, 0x0F, 0xFF, 0x0F, 0xFF, 0x0F, 0xFF, 0x0F, 0xFF, 0x0F, 0xFF, 0x0F, 0xFF, 0x0F, 0xFF, 0x7F, 0xFF, 0x0F, 0xFF, 0x0F, 0xFF, 0x0F, 0xFF, 0x0F, 0xFF, 0x0F, 
    0xFF, 0x0F, 0xAA, 0x0A, 0xFF, 0x0F, 0xBB, 0x3B, 0xCC, 0x8C, 0xDD, 0xED, 0xDD, 0xED, 0xDD, 0xCD, 0x88, 0x08, 0xDD, 0xAD, 0xBB, 0x3B, 0xEE, 0xEE, 0xEE, 0x9E, 0xDD, 0xAD, 0x88, 0x08, 0xDD, 0xAD, 
    0xFF, 0x7F, 0xFF, 0x0F, 0xFF, 0x7F, 0xFF, 0x0F, 0xFF, 0x0F, 0xFF, 0x0F, 0xFF, 0x0F, 0xFF, 0x0F, 0xFF, 0x7F, 0xFF, 0x0F, 0xFF, 0x7F, 0xFF, 0x0F, 0xFF, 0x0F, 0xAA, 0x0A, 0xFF, 0x0F, 0x88, 0x08, 
    0xFF, 0x0F, 0xFF, 0x0F, 0xFF, 0x0F, 0xFF, 0x0F, 0xFF, 0x0F, 0xFF, 0x0F, 0xFF, 0x0F, 0xFF, 0x0F, 0xFF, 0x0F, 0xFF, 0x0F, 0xBB, 0x3B, 0xDD, 0xFD, 0xFF, 0x0F, 0xFF, 0x0F, 0xDD, 0xFD, 0xDD, 0xFD, 
    0xFF, 0x0F, 0xFF, 0x0F, 0xFF, 0x0F, 0xFF, 0x0F, 0xFF, 0x0F, 0xFF, 0x0F, 0xFF, 0x0F, 0xFF, 0x0F, 0xFF, 0x0F, 0xFF, 0x0F, 0xEE, 0xEE, 0xFF, 0x2F, 0xFF, 0x0F, 0xFF, 0x0F, 0xFF, 0x0F, 0xFF, 0x0F, 
    0xCC, 0x6C, 0xEE, 0xBE, 0xCC, 0x6C, 0xFF, 0x9F, 0xFF, 0x0F, 0xFF, 0x0F, 0xFF, 0x0F, 0xFF, 0x0F, 0xDD, 0x8D, 0xDD, 0xCD, 0xDD, 0xAD, 0xEE, 0x9E, 0xDD, 0xFD, 0xEE, 0xEE, 0xDD, 0x2D, 0xCC, 0x6C, 
    0xFF, 0x0F, 0xFF, 0x0F, 0xFF, 0x0F, 0xFF, 0x0F, 0xFF, 0x0F, 0xFF, 0x0F, 0xFF, 0x0F, 0x77, 0x17, 0xFF, 0x7F, 0xFF, 0x0F, 0xEE, 0xEE, 0xFF, 0x2F, 0xFF, 0x0F, 0x77, 0x17, 0xFF, 0x0F, 0x77, 0x17, 
    0xEE, 0xCE, 0xFF, 0x4F, 0xDD, 0xFD, 0xDD, 0xCD, 0x88, 0x08, 0xDD, 0xAD, 0xDD, 0xCD, 0xDD, 0xFD, 0xFF, 0x0F, 0xFF, 0x0F, 0xFF, 0x0F, 0xFF, 0x0F, 0x88, 0x08, 0xDD, 0xAD, 0x88, 0x08, 0xDD, 0xAD, 
    0xFF, 0x7F, 0xFF, 0x0F, 0xDD, 0xFD, 0xFF, 0x9F, 0xFF, 0x0F, 0xFF, 0x0F, 0xFF, 0x0F, 0xAA, 0x0A, 0xFF, 0x7F, 0xFF, 0x0F, 0xFF, 0x7F, 0xFF, 0x0F, 0xFF, 0x0F, 0x88, 0x08, 0xFF, 0x0F, 0xFF, 0x0F, 
    0xFF, 0x0F, 0xFF, 0x0F, 0xFF, 0x0F, 0xFF, 0x0F, 0xFF, 0x0F, 0xFF, 0x0F, 0xFF, 0x0F, 0xFF, 0x0F, 0xFF, 0x0F, 0xFF, 0x0F, 0xFF, 0x0F, 0xFF, 0x0F, 0xFF, 0x0F, 0xFF, 0x0F, 0xFF, 0x0F, 0xFF, 0x0F, 
    0xFF, 0x0F, 0xFF, 0x0F, 0xFF, 0x0F, 0xFF, 0x0F, 0xFF, 0x0F, 0xFF, 0x0F, 0xFF, 0x0F, 0xFF, 0x0F, 0xFF, 0x0F, 0xFF, 0x0F, 0xFF, 0x0F, 0xFF, 0x0F, 0xFF, 0x0F, 0xFF, 0x0F, 0xFF, 0x0F, 0xFF, 0x0F, 
    0xFF, 0x0F, 0xFF, 0x0F, 0xDD, 0x2D, 0xFF, 0x2F, 0xFF, 0x0F, 0x77, 0x17, 0xFF, 0x0F, 0x88, 0x08, 0xDD, 0xAD, 0xEE, 0x9E, 0x77, 0x17, 0xDD, 0xAD, 0xFF, 0x0F, 0xBB, 0x3B, 0xDD, 0xFD, 0xEE, 0xEE, 
    0xDD, 0xCD, 0xFF, 0x7F, 0xDD, 0xAD, 0xFF, 0x7F, 0xFF, 0x0F, 0x77, 0x17, 0xFF, 0x0F, 0x77, 0x17, 0xEE, 0xEE, 0xFF, 0x2F, 0xFF, 0x7F, 0xFF, 0x0F, 0xFF, 0x0F, 0xAA, 0x0A, 0xFF, 0x0F, 0xFF, 0x0F, 
    0xFF, 0x0F, 0xFF, 0x0F, 0xFF, 0x0F, 0xFF, 0x0F, 0xFF, 0x0F, 0xFF, 0x0F, 0xFF, 0x0F, 0xFF, 0x0F, 0xFF, 0x0F, 0xFF, 0x0F, 0xFF, 0x0F, 0xFF, 0x0F, 0xFF, 0x0F, 0xFF, 0x0F, 0xFF, 0x0F, 0xFF, 0x0F, 
    0xFF, 0x0F, 0xFF, 0x0F, 0xFF, 0x0F, 0xFF, 0x0F, 0xFF, 0x0F, 0xFF, 0x0F, 0xFF, 0x0F, 0xFF, 0x0F, 0xFF, 0x0F, 0xFF, 0x0F, 0xFF, 0x0F, 0xFF, 0x0F, 0xFF, 0x0F, 0xFF, 0x0F, 0xFF, 0x0F, 0xFF, 0x0F, 
    0xFF, 0x0F, 0xFF, 0x0F, 0xFF, 0x0F, 0xFF, 0x0F, 0xFF, 0x0F, 0xFF, 0x0F, 0xFF, 0x0F, 0xFF, 0x0F, 0xFF, 0x0F, 0xFF, 0x0F, 0xAA, 0x0A, 0xDD, 0x8D, 0xFF, 0x0F, 0xFF, 0x0F, 0xDD, 0xFD, 0xDD, 0xFD, 
    0xFF, 0x0F, 0xFF, 0x0F, 0xFF, 0x0F, 0xFF, 0x0F, 0xFF, 0x0F, 0xFF, 0x0F, 0xFF, 0x0F, 0xFF, 0x0F, 0xFF, 0x0F, 0xFF, 0x0F, 0xEE, 0x9E, 0xFF, 0x0F, 0xFF, 0x0F, 0xFF, 0x0F, 0xFF, 0x0F, 0xBB, 0x3B, 
    0xCC, 0x6C, 0xEE, 0xEE, 0xEE, 0xCE, 0xFF, 0x4F, 0xFF, 0x2F, 0xFF, 0x0F, 0xFF, 0x0F, 0xFF, 0x0F, 0xEE, 0xCE, 0xDD, 0x7D, 0xDD, 0xCD, 0xEE, 0xCE, 0xDD, 0xAD, 0xEE, 0x9E, 0xDD, 0x2D, 0xCC, 0x5C, 
    0xFF, 0x0F, 0xFF, 0x0F, 0xFF, 0x0F, 0xFF, 0x0F, 0xFF, 0x0F, 0xFF, 0x0F, 0xFF, 0x0F, 0xFF, 0x0F, 0xFF, 0x4F, 0xFF, 0x0F, 0xEE, 0xEE, 0xFF, 0x2F, 0xFF, 0x0F, 0xFF, 0x0F, 0xFF, 0x0F, 0xFF, 0x0F, 
    0xFF, 0x0F, 0xFF, 0x0F, 0xFF, 0x0F, 0xFF, 0x0F, 0xFF, 0x0F, 0xFF, 0x0F, 0xFF, 0x0F, 0xFF, 0x0F, 0xFF, 0x0F, 0xFF, 0x0F, 0xDD, 0xFD, 0xDD, 0xFD, 0xFF, 0x0F, 0xFF, 0x0F, 0xDD, 0xFD, 0xDD, 0xFD, 
    0xFF, 0x0F, 0xFF, 0x0F, 0xFF, 0x0F, 0xFF, 0x0F, 0xFF, 0x0F, 0xFF, 0x0F, 0xFF, 0x0F, 0xFF, 0x0F, 0xFF, 0x0F, 0xFF, 0x0F, 0xDD, 0xED, 0xFF, 0x7F, 0xFF, 0x0F, 0xFF, 0x0F, 0xFF, 0x0F, 0xFF, 0x0F, 
    0xFF, 0x0F, 0xFF, 0x0F, 0xFF, 0x0F, 0xFF, 0x0F, 0xFF, 0x0F, 0x66, 0x16, 0x88, 0x08, 0xDD, 0xAD, 0xFF, 0x0F, 0xFF, 0x0F, 0xFF, 0x0F, 0x88, 0x08, 0xBB, 0x3B, 0xEE, 0xBE, 0xDD, 0xAD, 0xFF, 0x4F, 
    0xEE, 0xCE, 0xFF, 0x2F, 0xFF, 0x7F, 0xFF, 0x0F, 0xFF, 0x0F, 0x88, 0x08, 0xFF, 0x0F, 0x77, 0x17, 0xFF, 0x0F, 0xFF, 0x0F, 0xFF, 0x0F, 0xFF, 0x0F, 0xFF, 0x0F, 0xAA, 0x0A, 0xFF, 0x0F, 0xFF, 0x0F, 
    0xEE, 0xCE, 0xFF, 0x4F, 0xEE, 0xCE, 0xFF, 0x4F, 0xFF, 0x0F, 0x88, 0x08, 0xFF, 0x0F, 0x88, 0x08, 0xCC, 0x8C, 0xEE, 0xBE, 0x88, 0x08, 0xDD, 0xAD, 0xFF, 0x0F, 0xBB, 0x3B, 0xDD, 0xFD, 0xEE, 0xEE, 
    0xDD, 0xAD, 0xFF, 0x7F, 0xDD, 0xAD, 0xFF, 0x7F, 0xFF, 0x0F, 0xFF, 0x0F, 0xFF, 0x0F, 0xFF, 0x0F, 0xEE, 0xEE, 0xFF, 0x4F, 0xFF, 0x7F, 0xFF, 0x0F, 0xFF, 0x0F, 0xFF, 0x0F, 0xFF, 0x0F, 0xFF, 0x0F, 
    0xFF, 0x0F, 0xFF, 0x0F, 0xFF, 0x0F, 0xFF, 0x0F, 0xFF, 0x0F, 0xFF, 0x0F, 0xFF, 0x0F, 0xFF, 0x0F, 0xFF, 0x0F, 0xFF, 0x0F, 0xFF, 0x0F, 0xFF, 0x0F, 0xFF, 0x0F, 0xFF, 0x0F, 0xFF, 0x0F, 0xFF, 0x0F, 
    0xFF, 0x0F, 0xFF, 0x0F, 0xFF, 0x0F, 0xFF, 0x0F, 0xFF, 0x0F, 0xFF, 0x0F, 0xFF, 0x0F, 0xFF, 0x0F, 0xFF, 0x0F, 0xFF, 0x0F, 0xFF, 0x0F, 0xFF, 0x0F, 0xFF, 0x0F, 0xFF, 0x0F, 0xFF, 0x0F, 0xFF, 0x0F, 
    0xFF, 0x0F, 0x66, 0x16, 0xFF, 0x0F, 0xBB, 0x3B, 0xEE, 0xEE, 0xFF, 0x2F, 0xEE, 0xBE, 0xFF, 0x0F, 0xFF, 0x0F, 0xCC, 0x6C, 0xFF, 0x0F, 0xCC, 0x6C, 0xEE, 0xBE, 0xFF, 0x0F, 0xEE, 0xBE, 0xFF, 0x0F, 
    0xFF, 0x0F, 0xFF, 0x0F, 0xFF, 0x0F, 0xFF, 0x0F, 0xFF, 0x0F, 0x77, 0x17, 0xFF, 0x0F, 0x66, 0x16, 0xFF, 0x0F, 0xFF, 0x0F, 0xFF, 0x0F, 0xFF, 0x0F, 0xFF, 0x0F, 0x77, 0x17, 0xFF, 0x0F, 0xFF, 0x0F, 
    0xFF, 0x0F, 0xFF, 0x0F, 0xFF, 0x0F, 0xFF, 0x0F, 0xFF, 0x0F, 0xFF, 0x0F, 0xFF, 0x0F, 0xFF, 0x0F, 0xFF, 0x0F, 0xFF, 0x0F, 0xFF, 0x0F, 0xFF, 0x0F, 0xFF, 0x0F, 0xFF, 0x0F, 0xFF, 0x0F, 0xFF, 0x0F, 
    0xFF, 0x0F, 0xFF, 0x0F, 0xFF, 0x0F, 0xFF, 0x0F, 0xFF, 0x0F, 0xFF, 0x0F, 0xFF, 0x0F, 0xFF, 0x0F, 0xFF, 0x0F, 0xFF, 0x0F, 0xFF, 0x0F, 0xFF, 0x0F, 0xFF, 0x0F, 0xFF, 0x0F, 0xFF, 0x0F, 0xFF, 0x0F, 
    0xFF, 0x0F, 0xFF, 0x0F, 0xFF, 0x0F, 0xFF, 0x0F, 0xFF, 0x0F, 0xFF, 0x0F, 0xFF, 0x0F, 0xFF, 0x0F, 0xFF, 0x0F, 0x88, 0x08, 0x88, 0x08, 0xDD, 0xAD, 0xDD, 0xAD, 0xDD, 0xFD, 0xEE, 0x9E, 0xFF, 0x0F, 
    0xFF, 0x0F, 0xFF, 0x0F, 0xFF, 0x0F, 0xFF, 0x0F, 0xFF, 0x0F, 0xFF, 0x0F, 0xFF, 0x0F, 0xFF, 0x0F, 0xDD, 0xED, 0xEE, 0x9E, 0x88, 0x08, 0xDD, 0xAD, 0xFF, 0x0F, 0xAA, 0x0A, 0xFF, 0x9F, 0xFF, 0x0F, 
    0x77, 0x17, 0xEE, 0xCE, 0xAA, 0x0A, 0xCC, 0x8C, 0xFF, 0x4F, 0xFF, 0x0F, 0xEE, 0xEE, 0xFF, 0x2F, 0xFF, 0x0F, 0xAA, 0x0A, 0xFF, 0x0F, 0xFF, 0x0F, 0xCC, 0x5C, 0xDD, 0xCD, 0xFF, 0x0F, 0xFF, 0x0F, 
    0xFF, 0x0F, 0xCC, 0x3C, 0xFF, 0x0F, 0xFF, 0x0F, 0xEE, 0x9E, 0xFF, 0x0F, 0xFF, 0x0F, 0xFF, 0x0F, 0xDD, 0xED, 0xEE, 0x9E, 0x88, 0x08, 0xDD, 0xAD, 0xFF, 0x0F, 0xFF, 0x0F, 0xFF, 0x9F, 0xFF, 0x0F, 
    0xFF, 0x0F, 0xFF, 0x0F, 0xFF, 0x0F, 0xFF, 0x0F, 0xFF, 0x0F, 0xFF, 0x0F, 0xFF, 0x0F, 0xFF, 0x0F, 0xCC, 0x8C, 0xDD, 0xFD, 0xFF, 0x0F, 0xFF, 0x0F, 0xDD, 0xFD, 0xDD, 0xFD, 0x88, 0x08, 0xDD, 0xAD, 
    0xFF, 0x0F, 0xFF, 0x0F, 0xFF, 0x0F, 0xFF, 0x0F, 0xFF, 0x0F, 0xFF, 0x0F, 0xFF, 0x0F, 0xFF, 0x0F, 0xDD, 0xFD, 0xDD, 0xFD, 0xFF, 0x7F, 0xFF, 0x0F, 0xEE, 0xEE, 0xFF, 0x4F, 0xFF, 0x0F, 0xFF, 0x0F, 
    0xFF, 0x0F, 0xFF, 0x0F, 0xFF, 0x0F, 0xFF, 0x0F, 0x88, 0x08, 0xDD, 0xAD, 0x88, 0x08, 0xDD, 0xAD, 0xFF, 0x0F, 0xFF, 0x0F, 0xFF, 0x0F, 0xFF, 0x0F, 0x88, 0x08, 0xDD, 0xAD, 0x88, 0x08, 0xDD, 0xAD, 
    0xFF, 0x7F, 0xFF, 0x0F, 0xFF, 0x7F, 0xFF, 0x0F, 0xFF, 0x0F, 0xFF, 0x0F, 0xFF, 0x0F, 0xFF, 0x0F, 0xFF, 0x7F, 0xFF, 0x0F, 0xFF, 0x7F, 0xFF, 0x0F, 0xFF, 0x0F, 0xFF, 0x0F, 0xFF, 0x0F, 0xFF, 0x0F, 
    0x77, 0x17, 0xEE, 0x9E, 0x77, 0x17, 0xDD, 0xCD, 0xFF, 0x2F, 0xFF, 0x0F, 0xEE, 0x9E, 0xFF, 0x0F, 0xFF, 0x0F, 0x77, 0x17, 0xFF, 0x0F, 0xFF, 0x0F, 0xDD, 0xAD, 0xDD, 0xFD, 0xFF, 0x0F, 0xFF, 0x0F, 
    0xFF, 0x0F, 0xBB, 0x3B, 0xAA, 0x0A, 0xCC, 0x8C, 0xEE, 0xEE, 0xFF, 0x0F, 0xEE, 0xBE, 0xFF, 0x0F, 0xDD, 0xFD, 0xEE, 0xCE, 0xFF, 0x0F, 0xFF, 0x0F, 0xFF, 0x2F, 0xFF, 0x0F, 0xFF, 0x0F, 0xFF, 0x0F, 
    0xFF, 0x0F, 0xFF, 0x0F, 0xFF, 0x0F, 0xFF, 0x0F, 0xFF, 0x0F, 0xFF, 0x0F, 0xFF, 0x0F, 0xFF, 0x0F, 0xFF, 0x0F, 0xFF, 0x0F, 0xFF, 0x0F, 0xFF, 0x0F, 0xFF, 0x0F, 0xFF, 0x0F, 0xFF, 0x0F, 0xFF, 0x0F, 
    0xFF, 0x0F, 0xFF, 0x0F, 0xFF, 0x0F, 0xFF, 0x0F, 0xFF, 0x0F, 0xFF, 0x0F, 0xFF, 0x0F, 0xFF, 0x0F, 0xFF, 0x0F, 0xFF, 0x0F, 0xFF, 0x0F, 0xFF, 0x0F, 0xFF, 0x0F, 0xFF, 0x0F, 0xFF, 0x0F, 0xFF, 0x0F, 
    0xFF, 0x0F, 0xFF, 0x0F, 0xFF, 0x0F, 0xFF, 0x0F, 0x88, 0x08, 0xDD, 0xAD, 0x88, 0x08, 0xDD, 0xAD, 0xFF, 0x0F, 0xFF, 0x0F, 0xFF, 0x0F, 0xFF, 0x0F, 0x88, 0x08, 0xDD, 0xAD, 0xFF, 0x0F, 0xFF, 0x0F, 
    0xFF, 0x7F, 0xFF, 0x0F, 0xFF, 0x7F, 0xFF, 0x0F, 0xFF, 0x0F, 0xFF, 0x0F, 0xFF, 0x0F, 0xFF, 0x0F, 0xFF, 0x7F, 0xFF, 0x0F, 0xFF, 0x0F, 0xFF, 0x0F, 0xFF, 0x0F, 0xFF, 0x0F, 0xFF, 0x0F, 0xFF, 0x0F, 
    0xFF, 0x0F, 0xFF, 0x0F, 0xFF, 0x0F, 0xFF, 0x0F, 0xFF, 0x0F, 0xFF, 0x0F, 0xFF, 0x0F, 0xFF, 0x0F, 0xFF, 0x0F, 0xFF, 0x0F, 0xFF, 0x0F, 0xFF, 0x0F, 0xFF, 0x0F, 0xFF, 0x0F, 0xFF, 0x0F, 0xFF, 0x0F, 
    0xFF, 0x0F, 0xFF, 0x0F, 0xFF, 0x0F, 0xFF, 0x0F, 0xFF, 0x0F, 0xFF, 0x0F, 0xFF, 0x0F, 0xFF, 0x0F, 0xFF, 0x0F, 0xFF, 0x0F, 0xFF, 0x0F, 0xFF, 0x0F, 0xFF, 0x0F, 0xFF, 0x0F, 0xFF, 0x0F, 0xFF, 0x0F, 
    0xFF, 0x0F, 0xFF, 0x0F, 0xFF, 0x0F, 0xFF, 0x0F, 0xFF, 0x0F, 0xFF, 0x0F, 0xFF, 0x0F, 0xFF, 0x0F, 0x77, 0x17, 0xEE, 0xCE, 0x77, 0x17, 0xEE, 0xCE, 0xFF, 0x4F, 0xFF, 0x0F, 0xFF, 0x4F, 0xFF, 0x0F, 
    0xFF, 0x0F, 0xFF, 0x0F, 0xFF, 0x0F, 0xFF, 0x0F, 0xFF, 0x0F, 0xFF, 0x0F, 0xFF, 0x0F, 0xFF, 0x0F, 0xFF, 0x0F, 0xAA, 0x0A, 0xFF, 0x0F, 0xAA, 0x0A, 0xCC, 0x8C, 0xFF, 0x9F, 0xCC, 0x8C, 0xFF, 0x9F, 
    0x77, 0x17, 0xEE, 0xCE, 0x77, 0x17, 0xEE, 0xCE, 0xFF, 0x4F, 0xFF, 0x0F, 0xFF, 0x4F, 0xFF, 0x0F, 0x77, 0x17, 0xEE, 0xCE, 0x77, 0x17, 0xEE, 0xCE, 0xFF, 0x4F, 0xFF, 0x0F, 0xFF, 0x4F, 0xFF, 0x0F, 
    0xFF, 0x0F, 0xAA, 0x0A, 0xFF, 0x0F, 0xAA, 0x0A, 0xCC, 0x8C, 0xFF, 0x9F, 0xCC, 0x8C, 0xFF, 0x9F, 0xFF, 0x0F, 0xAA, 0x0A, 0xFF, 0x0F, 0xAA, 0x0A, 0xCC, 0x8C, 0xFF, 0x9F, 0xCC, 0x8C, 0xFF, 0x9F, 
    0xFF, 0x0F, 0xFF, 0x0F, 0xFF, 0x0F, 0xFF, 0x0F, 0xFF, 0x0F, 0xFF, 0x0F, 0xFF, 0x0F, 0xFF, 0x0F, 0xFF, 0x0F, 0xCC, 0x6C, 0xFF, 0x0F, 0x66, 0x16, 0xEE, 0xBE, 0xFF, 0x0F, 0xEE, 0xEE, 0xFF, 0x2F, 
    0xFF, 0x0F, 0xFF, 0x0F, 0xFF, 0x0F, 0xFF, 0x0F, 0xFF, 0x0F, 0xFF, 0x0F, 0xFF, 0x0F, 0xFF, 0x0F, 0xFF, 0x0F, 0xFF, 0x0F, 0xFF, 0x0F, 0xFF, 0x0F, 0x88, 0x08, 0xDD, 0xAD, 0x66, 0x16, 0xEE, 0xEE, 
    0xFF, 0x0F, 0x88, 0x08, 0xFF, 0x0F, 0xFF, 0x0F, 0xDD, 0xAD, 0xFF, 0x7F, 0xCC, 0x6C, 0xEE, 0xBE, 0xFF, 0x0F, 0xFF, 0x0F, 0xFF, 0x0F, 0xFF, 0x0F, 0x66, 0x16, 0xEE, 0xEE, 0x88, 0x08, 0xDD, 0xAD, 
    0xFF, 0x0F, 0xFF, 0x0F, 0xFF, 0x0F, 0x88, 0x08, 0xCC, 0x6C, 0xEE, 0xBE, 0xDD, 0xAD, 0xFF, 0x7F, 0xFF, 0x2F, 0x66, 0x16, 0xFF, 0x7F, 0xCC, 0x6C, 0xEE, 0xEE, 0xFF, 0x2F, 0xEE, 0xBE, 0xFF, 0x0F, 
    0x77, 0x17, 0xEE, 0xCE, 0xAA, 0x0A, 0xCC, 0x8C, 0xFF, 0x4F, 0xFF, 0x0F, 0xEE, 0xEE, 0xFF, 0x2F, 0xFF, 0x0F, 0xAA, 0x0A, 0xFF, 0x0F, 0xFF, 0x0F, 0xDD, 0x8D, 0xDD, 0xFD, 0xFF, 0x0F, 0xFF, 0x0F, 
    0xFF, 0x0F, 0x88, 0x08, 0xAA, 0x0A, 0xCC, 0x5C, 0xDD, 0xAD, 0xFF, 0x9F, 0xEE, 0xEE, 0xFF, 0x4F, 0xDD, 0xFD, 0xEE, 0xCE, 0xFF, 0x0F, 0xFF, 0x0F, 0xFF, 0x4F, 0xFF, 0x0F, 0xFF, 0x0F, 0xFF, 0x0F, 
    0xFF, 0x0F, 0xFF, 0x0F, 0xFF, 0x0F, 0xFF, 0x0F, 0xFF, 0x0F, 0xFF, 0x0F, 0xFF, 0x0F, 0xFF, 0x0F, 0xFF, 0x0F, 0xFF, 0x0F, 0xFF, 0x0F, 0xFF, 0x0F, 0xFF, 0x0F, 0xFF, 0x0F, 0xFF, 0x0F, 0xFF, 0x0F, 
    0xFF, 0x0F, 0xFF, 0x0F, 0xFF, 0x0F, 0xFF, 0x0F, 0xFF, 0x0F, 0xFF, 0x0F, 0xFF, 0x0F, 0xFF, 0x0F, 0xFF, 0x0F, 0xFF, 0x0F, 0xFF, 0x0F, 0xFF, 0x0F, 0xFF, 0x0F, 0xFF, 0x0F, 0xFF, 0x0F, 0xFF, 0x0F, 
    0xFF, 0x0F, 0xFF, 0x0F, 0xFF, 0x0F, 0xFF, 0x0F, 0xFF, 0x0F, 0xCC, 0x6C, 0xFF, 0x0F, 0x77, 0x17, 0xFF, 0x0F, 0xFF, 0x0F, 0xFF, 0x0F, 0xFF, 0x0F, 0xFF, 0x0F, 0xAA, 0x0A, 0xFF, 0x0F, 0xFF, 0x0F, 
    0xEE, 0xCE, 0xDD, 0xAD, 0xDD, 0xCD, 0xEE, 0xEE, 0xFF, 0x7F, 0xFF, 0x0F, 0xFF, 0x2F, 0xFF, 0x0F, 0xCC, 0x8C, 0xEE, 0xBE, 0xFF, 0x0F, 0xFF, 0x0F, 0xFF, 0x0F, 0xFF, 0x0F, 0xFF, 0x0F, 0xFF, 0x0F, 
    0xFF, 0x0F, 0xFF, 0x0F, 0xFF, 0x0F, 0xFF, 0x0F, 0xFF, 0x0F, 0xFF, 0x0F, 0xFF, 0x0F, 0xFF, 0x0F, 0xFF, 0x0F, 0xFF, 0x0F, 0xFF, 0x0F, 0xFF, 0x0F, 0xFF, 0x0F, 0xFF, 0x0F, 0xFF, 0x0F, 0xFF, 0x0F, 
    0xFF, 0x0F, 0xFF, 0x0F, 0xFF, 0x0F, 0xFF, 0x0F, 0xFF, 0x0F, 0xFF, 0x0F, 0xFF, 0x0F, 0xFF, 0x0F, 0xFF, 0x0F, 0xFF, 0x0F, 0xFF, 0x0F, 0xFF, 0x0F, 0xFF, 0x0F, 0xFF, 0x0F, 0xFF, 0x0F, 0xFF, 0x0F, 
    0xFF, 0x0F, 0xFF, 0x0F, 0xFF, 0x0F, 0xFF, 0x0F, 0xFF, 0x0F, 0xFF, 0x0F, 0xFF, 0x0F, 0xFF, 0x0F, 0xFF, 0x0F, 0xFF, 0x0F, 0x66, 0x16, 0xDD, 0xCD, 0xFF, 0x0F, 0xFF, 0x0F, 0xDD, 0xFD, 0xEE, 0xEE, 
    0xFF, 0x0F, 0xFF, 0x0F, 0xFF, 0x0F, 0xFF, 0x0F, 0xFF, 0x0F, 0xFF, 0x0F, 0xFF, 0x0F, 0xFF, 0x0F, 0xFF, 0x0F, 0xFF, 0x0F, 0xFF, 0x4F, 0xFF, 0x0F, 0xFF, 0x0F, 0xFF, 0x0F, 0xFF, 0x0F, 0xFF, 0x0F, 
    0xDD, 0xAD, 0xEE, 0x9E, 0xEE, 0xCE, 0xFF, 0x4F, 0xFF, 0x0F, 0xBB, 0x3B, 0xFF, 0x0F, 0x77, 0x17, 0xCC, 0x8C, 0xEE, 0xCE, 0x77, 0x17, 0xDD, 0xCD, 0xDD, 0x2D, 0xCC, 0x5C, 0xDD, 0xCD, 0xEE, 0xEE, 
    0xEE, 0xEE, 0xFF, 0x2F, 0xEE, 0xCE, 0xFF, 0x4F, 0xFF, 0x0F, 0x77, 0x17, 0xFF, 0x0F, 0xBB, 0x3B, 0xEE, 0xCE, 0xFF, 0x0F, 0xFF, 0x4F, 0xFF, 0x0F, 0xFF, 0x0F, 0xBB, 0x3B, 0xFF, 0x0F, 0x77, 0x17, 
    0xFF, 0x0F, 0xFF, 0x0F, 0xFF, 0x0F, 0xFF, 0x0F, 0xFF, 0x0F, 0xFF, 0x0F, 0xFF, 0x0F, 0xFF, 0x0F, 0xFF, 0x0F, 0xFF, 0x0F, 0xBB, 0x3B, 0xDD, 0xCD, 0xFF, 0x0F, 0xFF, 0x0F, 0xDD, 0xFD, 0xEE, 0xCE, 
    0xFF, 0x0F, 0xFF, 0x0F, 0xFF, 0x0F, 0xFF, 0x0F, 0xFF, 0x0F, 0xFF, 0x0F, 0xFF, 0x0F, 0xFF, 0x0F, 0xFF, 0x0F, 0xFF, 0x0F, 0xFF, 0x2F, 0xFF, 0x0F, 0xFF, 0x0F, 0xFF, 0x0F, 0xFF, 0x0F, 0xFF, 0x0F, 
    0xDD, 0xCD, 0xFF, 0x7F, 0xEE, 0xEE, 0xFF, 0x0F, 0xAA, 0x0A, 0xCC, 0x6C, 0xFF, 0x0F, 0x77, 0x17, 0xEE, 0xEE, 0xFF, 0x0F, 0xDD, 0xCD, 0xFF, 0x7F, 0xFF, 0x0F, 0x77, 0x17, 0xAA, 0x0A, 0xCC, 0x5C, 
    0xEE, 0xEE, 0xFF, 0x0F, 0xEE, 0xCE, 0xFF, 0x2F, 0xFF, 0x0F, 0xFF, 0x0F, 0xFF, 0x0F, 0xFF, 0x0F, 0xEE, 0xCE, 0xFF, 0x4F, 0xEE, 0xEE, 0xFF, 0x4F, 0x88, 0x08, 0xDD, 0xAD, 0xFF, 0x0F, 0xFF, 0x0F, 
    0xEE, 0xCE, 0xFF, 0x4F, 0xEE, 0xEE, 0xFF, 0x2F, 0xFF, 0x0F, 0x66, 0x16, 0xFF, 0x0F, 0x88, 0x08, 0xDD, 0xCD, 0xFF, 0x7F, 0xBB, 0x3B, 0xDD, 0xCD, 0xFF, 0x0F, 0xBB, 0x3B, 0xDD, 0xFD, 0xEE, 0xEE, 
    0xEE, 0xEE, 0xFF, 0x4F, 0xDD, 0xAD, 0xFF, 0x7F, 0xFF, 0x0F, 0xFF, 0x0F, 0xFF, 0x0F, 0xFF, 0x0F, 0xEE, 0xEE, 0xFF, 0x4F, 0xFF, 0x7F, 0xFF, 0x0F, 0xFF, 0x0F, 0xFF, 0x0F, 0xFF, 0x0F, 0xAA, 0x0A, 
    0xFF, 0x0F, 0xFF, 0x0F, 0xFF, 0x0F, 0xFF, 0x0F, 0xFF, 0x0F, 0xFF, 0x0F, 0xFF, 0x0F, 0xFF, 0x0F, 0xFF, 0x0F, 0xFF, 0x0F, 0xFF, 0x0F, 0xFF, 0x0F, 0xFF, 0x0F, 0xFF, 0x0F, 0xFF, 0x0F, 0xFF, 0x0F, 
    0xFF, 0x0F, 0xFF, 0x0F, 0xFF, 0x0F, 0xFF, 0x0F, 0xFF, 0x0F, 0xFF, 0x0F, 0xFF, 0x0F, 0xFF, 0x0F, 0xFF, 0x0F, 0xFF, 0x0F, 0xFF, 0x0F, 0xFF, 0x0F, 0xFF, 0x0F, 0xFF, 0x0F, 0xFF, 0x0F, 0xFF, 0x0F, 
    0xBB, 0x3B, 0xDD, 0xCD, 0xFF, 0x0F, 0xFF, 0x0F, 0xDD, 0xED, 0xDD, 0xAD, 0xFF, 0x0F, 0x66, 0x16, 0xFF, 0x0F, 0xFF, 0x0F, 0xCC, 0x6C, 0xDD, 0xFD, 0xAA, 0x0A, 0xCC, 0x8C, 0xDD, 0xFD, 0xEE, 0xCE, 
    0xEE, 0xCE, 0xFF, 0x4F, 0xEE, 0xEE, 0xFF, 0x2F, 0xFF, 0x0F, 0xFF, 0x0F, 0xFF, 0x0F, 0xFF, 0x0F, 0xEE, 0xEE, 0xFF, 0x0F, 0xFF, 0x2F, 0xFF, 0x0F, 0xFF, 0x0F, 0xFF, 0x0F, 0x88, 0x08, 0xDD, 0xAD, 
    0xFF, 0x0F, 0xFF, 0x0F, 0xFF, 0x0F, 0xFF, 0x0F, 0xFF, 0x0F, 0xFF, 0x0F, 0xFF, 0x0F, 0xFF, 0x0F, 0xFF, 0x0F, 0xFF, 0x0F, 0xFF, 0x0F, 0xFF, 0x0F, 0xFF, 0x0F, 0xFF, 0x0F, 0xFF, 0x0F, 0xFF, 0x0F, 
    0xFF, 0x0F, 0xFF, 0x0F, 0xFF, 0x0F, 0xFF, 0x0F, 0xFF, 0x0F, 0xFF, 0x0F, 0xFF, 0x0F, 0xFF, 0x0F, 0xFF, 0x0F, 0xFF, 0x0F, 0xFF, 0x0F, 0xFF, 0x0F, 0xFF, 0x0F, 0xFF, 0x0F, 0xFF, 0x0F, 0xFF, 0x0F, 
    0xFF, 0x0F, 0xFF, 0x0F, 0xFF, 0x0F, 0xFF, 0x0F, 0xFF, 0x0F, 0xFF, 0x0F, 0xFF, 0x0F, 0xFF, 0x0F, 0xFF, 0x0F, 0xFF, 0x0F, 0xFF, 0x0F, 0xFF, 0x0F, 0xFF, 0x0F, 0xFF, 0x0F, 0xFF, 0x0F, 0xFF, 0x0F, 
    0xFF, 0x0F, 0xFF, 0x0F, 0xFF, 0x0F, 0xFF, 0x0F, 0xFF, 0x0F, 0xFF, 0x0F, 0xFF, 0x0F, 0xFF, 0x0F, 0xFF, 0x0F, 0xFF, 0x0F, 0xFF, 0x0F, 0xFF, 0x0F, 0xFF, 0x0F, 0xFF, 0x0F, 0xFF, 0x0F, 0xFF, 0x0F, 
    0xFF, 0x0F, 0xFF, 0x0F, 0xFF, 0x0F, 0xFF, 0x0F, 0xFF, 0x0F, 0xFF, 0x0F, 0xFF, 0x0F, 0xFF, 0x0F, 0xFF, 0x7F, 0xFF, 0x0F, 0xFF, 0x0F, 0xFF, 0x0F, 0x88, 0x08, 0xDD, 0xAD, 0xFF, 0x0F, 0xFF, 0x0F, 
    0xFF, 0x0F, 0xFF, 0x0F, 0xFF, 0x0F, 0xFF, 0x0F, 0xFF, 0x0F, 0xFF, 0x0F, 0xFF, 0x0F, 0xFF, 0x0F, 0xFF, 0x7F, 0xFF, 0x0F, 0xFF, 0x0F, 0xFF, 0x0F, 0xFF, 0x0F, 0xFF, 0x0F, 0xFF, 0x0F, 0x88, 0x08, 
    0xFF, 0x0F, 0xFF, 0x0F, 0xFF, 0x0F, 0xFF, 0x0F, 0xFF, 0x0F, 0xFF, 0x0F, 0xFF, 0x0F, 0xFF, 0x0F, 0xFF, 0x0F, 0xFF, 0x0F, 0xFF, 0x0F, 0xFF, 0x0F, 0xFF, 0x0F, 0xFF, 0x0F, 0xFF, 0x0F, 0xFF, 0x0F, 
    0xFF, 0x0F, 0xFF, 0x0F, 0xFF, 0x0F, 0xFF, 0x0F, 0xFF, 0x0F, 0xFF, 0x0F, 0xFF, 0x0F, 0xFF, 0x0F, 0xFF, 0x0F, 0xFF, 0x0F, 0xFF, 0x0F, 0xFF, 0x0F, 0xFF, 0x0F, 0xFF, 0x0F, 0xFF, 0x0F, 0xFF, 0x0F, 
    0xFF, 0x0F, 0xFF, 0x0F, 0xFF, 0x0F, 0xFF, 0x0F, 0xFF, 0x0F, 0xFF, 0x0F, 0xFF, 0x0F, 0xFF, 0x0F, 0xFF, 0x0F, 0xAA, 0x0A, 0xDD, 0x8D, 0xDD, 0xED, 0xCC, 0x5C, 0xFF, 0x7F, 0xEE, 0x9E, 0xFF, 0x2F, 
    0xFF, 0x0F, 0xFF, 0x0F, 0xFF, 0x0F, 0xFF, 0x0F, 0xFF, 0x0F, 0xFF, 0x0F, 0xFF, 0x0F, 0xFF, 0x0F, 0xFF, 0x0F, 0x77, 0x17, 0xFF, 0x0F, 0xFF, 0x0F, 0xDD, 0xAD, 0xDD, 0xCD, 0xDD, 0x2D, 0xDD, 0x2D, 
    0xFF, 0x0F, 0xFF, 0x0F, 0xFF, 0x0F, 0xFF, 0x0F, 0xFF, 0x0F, 0xFF, 0x0F, 0xFF, 0x0F, 0xFF, 0x0F, 0xFF, 0x0F, 0xFF, 0x0F, 0xFF, 0x7F, 0xFF, 0x0F, 0xFF, 0x0F, 0xFF, 0x0F, 0x88, 0x08, 0xDD, 0xAD, 
    0xFF, 0x0F, 0xFF, 0x0F, 0xFF, 0x0F, 0xFF, 0x0F, 0xBB, 0x3B, 0xEE, 0xEE, 0x88, 0x08, 0xDD, 0x8D, 0xFF, 0x0F, 0xFF, 0x0F, 0xFF, 0x7F, 0xFF, 0x0F, 0xFF, 0x0F, 0xFF, 0x0F, 0xFF, 0x0F, 0xFF, 0x0F, 
    0xFF, 0x0F, 0xFF, 0x0F, 0xFF, 0x0F, 0xFF, 0x0F, 0x77, 0x17, 0xEE, 0xCE, 0x66, 0x16, 0xEE, 0xBE, 0xFF, 0x0F, 0xFF, 0x0F, 0xFF, 0x0F, 0xFF, 0x0F, 0xFF, 0x0F, 0xFF, 0x0F, 0xFF, 0x0F, 0xFF, 0x0F, 
    0xFF, 0x4F, 0xFF, 0x0F, 0xFF, 0x0F, 0xFF, 0x0F, 0xFF, 0x0F, 0xFF, 0x0F, 0xFF, 0x0F, 0xFF, 0x0F, 0xFF, 0x0F, 0xFF, 0x0F, 0xFF, 0x0F, 0xFF, 0x0F, 0xFF, 0x0F, 0xFF, 0x0F, 0xFF, 0x0F, 0xFF, 0x0F, 
    0xEE, 0x7E, 0xFF, 0x0F, 0xDD, 0xED, 0xEE, 0x9E, 0xFF, 0x0F, 0xFF, 0x0F, 0xFF, 0x2F, 0xFF, 0x0F, 0xAA, 0x0A, 0xCC, 0x5C, 0xFF, 0x0F, 0xFF, 0x0F, 0xDD, 0xED, 0xFF, 0x7F, 0xAA, 0x0A, 0xFF, 0x2F, 
    0xFF, 0x0F, 0x77, 0x17, 0xFF, 0x0F, 0xFF, 0x0F, 0xDD, 0xCD, 0xDD, 0xFD, 0xFF, 0x0F, 0xFF, 0x0F, 0xFF, 0x0F, 0xFF, 0x0F, 0xFF, 0x0F, 0xFF, 0x0F, 0xFF, 0x0F, 0xFF, 0x0F, 0xFF, 0x0F, 0xFF, 0x0F, 
    0xFF, 0x0F, 0xFF, 0x0F, 0xFF, 0x0F, 0xFF, 0x0F, 0xFF, 0x0F, 0xFF, 0x0F, 0xFF, 0x0F, 0xFF, 0x0F, 0xFF, 0x0F, 0xFF, 0x0F, 0xFF, 0x0F, 0xFF, 0x0F, 0xFF, 0x0F, 0xFF, 0x0F, 0xFF, 0x0F, 0xFF, 0x0F, 
    0xFF, 0x0F, 0xFF, 0x0F, 0xFF, 0x0F, 0xFF, 0x0F, 0xFF, 0x0F, 0xFF, 0x0F, 0xFF, 0x0F, 0xFF, 0x0F, 0xFF, 0x0F, 0xFF, 0x0F, 0xFF, 0x0F, 0xFF, 0x0F, 0xFF, 0x0F, 0xFF, 0x0F, 0xFF, 0x0F, 0xFF, 0x0F, 
    0xFF, 0x0F, 0xFF, 0x0F, 0xFF, 0x0F, 0xFF, 0x0F, 0xFF, 0x0F, 0xFF, 0x0F, 0xFF, 0x0F, 0xFF, 0x0F, 0xFF, 0x9F, 0xFF, 0x0F, 0xFF, 0x4F, 0xFF, 0x0F, 0xCC, 0x6C, 0xEE, 0xBE, 0xBB, 0x3B, 0xEE, 0xEE, 
    0xFF, 0x0F, 0xFF, 0x0F, 0xFF, 0x0F, 0xFF, 0x0F, 0xFF, 0x0F, 0xFF, 0x0F, 0xFF, 0x0F, 0xFF, 0x0F, 0xFF, 0x0F, 0xFF, 0x0F, 0xFF, 0x2F, 0xAA, 0x0A, 0xBB, 0x3B, 0xEE, 0xEE, 0xCC, 0x8C, 0xDD, 0xED, 
    0xFF, 0x0F, 0xFF, 0x0F, 0xFF, 0x0F, 0xFF, 0x0F, 0x77, 0x17, 0xEE, 0xCE, 0x88, 0x08, 0xDD, 0xAD, 0xFF, 0x0F, 0xFF, 0x0F, 0xFF, 0x0F, 0xFF, 0x0F, 0xAA, 0x0A, 0xCC, 0x8C, 0xFF, 0x0F, 0xBB, 0x3B, 
    0xFF, 0x4F, 0x88, 0x08, 0xFF, 0x7F, 0x66, 0x16, 0xDD, 0xAD, 0xDD, 0xCD, 0xEE, 0xEE, 0xCC, 0x5C, 0xEE, 0xBE, 0xCC, 0x6C, 0xEE, 0xEE, 0xCC, 0x8C, 0xEE, 0xBE, 0x77, 0x17, 0xFF, 0x9F, 0x88, 0x08, 
    0xFF, 0x0F, 0xFF, 0x0F, 0xFF, 0x0F, 0xFF, 0x0F, 0xFF, 0x0F, 0xFF, 0x0F, 0xFF, 0x0F, 0xFF, 0x0F, 0xFF, 0x2F, 0xFF, 0x0F, 0xFF, 0x7F, 0xFF, 0x0F, 0x77, 0x17, 0xEE, 0xCE, 0xBB, 0x3B, 0xEE, 0xEE, 
    0xFF, 0x0F, 0xFF, 0x0F, 0xFF, 0x0F, 0xFF, 0x0F, 0xFF, 0x0F, 0xFF, 0x0F, 0xFF, 0x0F, 0xFF, 0x0F, 0xFF, 0x4F, 0xFF, 0x0F, 0xFF, 0x2F, 0xFF, 0x0F, 0x77, 0x17, 0xDD, 0xCD, 0xFF, 0x0F, 0xCC, 0x6C, 
    0xFF, 0x9F, 0xFF, 0x0F, 0xEE, 0xEE, 0xAA, 0x0A, 0xCC, 0x6C, 0xEE, 0xBE, 0xCC, 0x8C, 0xFF, 0x9F, 0xEE, 0xCE, 0xDD, 0x3D, 0xDD, 0xAD, 0xDD, 0x7D, 0xDD, 0xAD, 0xFF, 0x7F, 0xEE, 0xEE, 0xFF, 0x2F, 
    0xFF, 0x0F, 0xFF, 0x0F, 0xFF, 0x0F, 0xFF, 0x0F, 0xFF, 0x0F, 0x88, 0x08, 0xFF, 0x0F, 0xFF, 0x0F, 0xFF, 0x0F, 0xFF, 0x0F, 0xFF, 0x0F, 0xFF, 0x0F, 0xFF, 0x0F, 0xFF, 0x0F, 0xFF, 0x0F, 0xFF, 0x0F, 
    0xFF, 0x0F, 0xFF, 0x0F, 0xFF, 0x0F, 0xFF, 0x0F, 0xFF, 0x0F, 0x66, 0x16, 0xFF, 0x0F, 0x88, 0x08, 0xFF, 0x0F, 0xFF, 0x0F, 0xFF, 0x0F, 0xFF, 0x0F, 0xFF, 0x0F, 0xAA, 0x0A, 0xFF, 0x0F, 0xFF, 0x0F, 
    0xDD, 0xED, 0xEE, 0xCE, 0xDD, 0xAD, 0xEE, 0xEE, 0xFF, 0x4F, 0xFF, 0x0F, 0xFF, 0x0F, 0xFF, 0x0F, 0xCC, 0x8C, 0xEE, 0xBE, 0xFF, 0x0F, 0xFF, 0x0F, 0xFF, 0x0F, 0xFF, 0x0F, 0xFF, 0x0F, 0xFF, 0x0F, 
    0xFF, 0x0F, 0xFF, 0x0F, 0xFF, 0x0F, 0xFF, 0x0F, 0xFF, 0x0F, 0xFF, 0x0F, 0xFF, 0x0F, 0xFF, 0x0F, 0xFF, 0x0F, 0xFF, 0x0F, 0xFF, 0x0F, 0xFF, 0x0F, 0xFF, 0x0F, 0xFF, 0x0F, 0xFF, 0x0F, 0xFF, 0x0F, 
    0xFF, 0x0F, 0xFF, 0x0F, 0xFF, 0x0F, 0xFF, 0x0F, 0xFF, 0x0F, 0xFF, 0x0F, 0xFF, 0x0F, 0xFF, 0x0F, 0xFF, 0x0F, 0xFF, 0x0F, 0xFF, 0x0F, 0xFF, 0x0F, 0xFF, 0x0F, 0xFF, 0x0F, 0xFF, 0x0F, 0xFF, 0x0F, 
    0xCC, 0x6C, 0xDD, 0xCD, 0x66, 0x16, 0xDD, 0xFD, 0xEE, 0xEE, 0xFF, 0x0F, 0xFF, 0x9F, 0xFF, 0x0F, 0x77, 0x17, 0xDD, 0xCD, 0xFF, 0x0F, 0xFF, 0x0F, 0xFF, 0x7F, 0xFF, 0x0F, 0xFF, 0x0F, 0xFF, 0x0F, 
    0xFF, 0x0F, 0xFF, 0x0F, 0xFF, 0x0F, 0xFF, 0x0F, 0xFF, 0x0F, 0x88, 0x08, 0xFF, 0x0F, 0xCC, 0x6C, 0xFF, 0x0F, 0xFF, 0x0F, 0xFF, 0x0F, 0xFF, 0x0F, 0x66, 0x16, 0xEE, 0xEE, 0xFF, 0x0F, 0xFF, 0x0F, 
    0xFF, 0x0F, 0xFF, 0x0F, 0xFF, 0x0F, 0xFF, 0x0F, 0xFF, 0x0F, 0xFF, 0x0F, 0xFF, 0x0F, 0xFF, 0x0F, 0xFF, 0x0F, 0xFF, 0x0F, 0xFF, 0x0F, 0xFF, 0x0F, 0xFF, 0x0F, 0xFF, 0x0F, 0xFF, 0x0F, 0xFF, 0x0F, 
    0xFF, 0x0F, 0xFF, 0x0F, 0xFF, 0x0F, 0xFF, 0x0F, 0xFF, 0x0F, 0xFF, 0x0F, 0xFF, 0x0F, 0xFF, 0x0F, 0xFF, 0x0F, 0xFF, 0x0F, 0xFF, 0x0F, 0xFF, 0x0F, 0xFF, 0x0F, 0xFF, 0x0F, 0xFF, 0x0F, 0xFF, 0x0F, 
    0xFF, 0x0F, 0xFF, 0x0F, 0xFF, 0x0F, 0xFF, 0x0F, 0xFF, 0x0F, 0xFF, 0x0F, 0xFF, 0x0F, 0xFF, 0x0F, 0xFF, 0x7F, 0xFF, 0x0F, 0xEE, 0xEE, 0xFF, 0x0F, 0xFF, 0x0F, 0xBB, 0x3B, 0x88, 0x08, 0xDD, 0xAD, 
    0xFF, 0x0F, 0xFF, 0x0F, 0xFF, 0x0F, 0xFF, 0x0F, 0xFF, 0x0F, 0xFF, 0x0F, 0xFF, 0x0F, 0xFF, 0x0F, 0xEE, 0xEE, 0xFF, 0x2F, 0xFF, 0x9F, 0xFF, 0x0F, 0xFF, 0x0F, 0xBB, 0x3B, 0xFF, 0x0F, 0x88, 0x08, 
    0xDD, 0xAD, 0xFF, 0x7F, 0xBB, 0x3B, 0xDD, 0xED, 0xCC, 0x6C, 0xEE, 0xEE, 0xEE, 0xCE, 0xFF, 0x4F, 0x88, 0x08, 0xDD, 0xAD, 0xBB, 0x3B, 0xDD, 0xED, 0xEE, 0xEE, 0xFF, 0x0F, 0xDD, 0xCD, 0xFF, 0x7F, 
    0xFF, 0x0F, 0xFF, 0x0F, 0xFF, 0x0F, 0xFF, 0x0F, 0xFF, 0x0F, 0xFF, 0x0F, 0xFF, 0x0F, 0xFF, 0x0F, 0xFF, 0x0F, 0xFF, 0x0F, 0xFF, 0x0F, 0xFF, 0x0F, 0xFF, 0x0F, 0xFF, 0x0F, 0xFF, 0x0F, 0xFF, 0x0F, 
    0xFF, 0x0F, 0xFF, 0x0F, 0xFF, 0x0F, 0xFF, 0x0F, 0xFF, 0x0F, 0xFF, 0x0F, 0xFF, 0x0F, 0xFF, 0x0F, 0xEE, 0xEE, 0xFF, 0x2F, 0xDD, 0xAD, 0xFF, 0x9F, 0xFF, 0x0F, 0xFF, 0x0F, 0xFF, 0x0F, 0xFF, 0x0F, 
    0xFF, 0x0F, 0xFF, 0x0F, 0xFF, 0x0F, 0xFF, 0x0F, 0xFF, 0x0F, 0xFF, 0x0F, 0xFF, 0x0F, 0xFF, 0x0F, 0x77, 0x17, 0xEE, 0xCE, 0xCC, 0x6C, 0xEE, 0xBE, 0xFF, 0x4F, 0xFF, 0x0F, 0xFF, 0x0F, 0xFF, 0x0F, 
    0xBB, 0x3B, 0xEE, 0xEE, 0x88, 0x08, 0xDD, 0xAD, 0xFF, 0x2F, 0x77, 0x17, 0xFF, 0x7F, 0xCC, 0x6C, 0xFF, 0x0F, 0xBB, 0x3B, 0xFF, 0x0F, 0x88, 0x08, 0xDD, 0xED, 0xEE, 0xCE, 0xDD, 0xAD, 0xEE, 0xBE, 
    0xEE, 0xCE, 0xFF, 0x4F, 0xEE, 0xBE, 0xFF, 0x0F, 0xFF, 0x0F, 0xFF, 0x0F, 0xFF, 0x0F, 0xFF, 0x0F, 0xFF, 0x4F, 0xFF, 0x0F, 0xFF, 0x0F, 0xFF, 0x0F, 0xFF, 0x0F, 0xFF, 0x0F, 0xFF, 0x0F, 0xFF, 0x0F, 
    0xDD, 0xAD, 0xFF, 0x7F, 0xEE, 0xEE, 0xFF, 0x0F, 0xBB, 0x3B, 0xEE, 0xEE, 0x88, 0x08, 0xDD, 0xAD, 0xFF, 0x4F, 0xFF, 0x0F, 0xFF, 0x0F, 0xFF, 0x0F, 0xFF, 0x0F, 0x66, 0x16, 0xFF, 0x0F, 0xFF, 0x0F, 
    0xFF, 0x0F, 0xFF, 0x0F, 0xFF, 0x9F, 0xFF, 0x0F, 0xFF, 0x0F, 0xFF, 0x0F, 0xFF, 0x0F, 0xFF, 0x0F, 0xEE, 0xEE, 0xFF, 0x4F, 0xFF, 0x0F, 0xFF, 0x0F, 0xFF, 0x0F, 0xFF, 0x0F, 0xFF, 0x0F, 0xFF, 0x0F, 
    0xFF, 0x0F, 0xFF, 0x0F, 0xFF, 0x0F, 0xFF, 0x0F, 0xFF, 0x0F, 0xFF, 0x0F, 0xFF, 0x0F, 0xFF, 0x0F, 0xFF, 0x0F, 0xFF, 0x0F, 0xFF, 0x0F, 0xFF, 0x0F, 0xFF, 0x0F, 0xFF, 0x0F, 0xFF, 0x0F, 0xFF, 0x0F, 
    0xFF, 0x0F, 0xFF, 0x0F, 0xFF, 0x0F, 0xFF, 0x0F, 0xFF, 0x0F, 0xFF, 0x0F, 0xFF, 0x0F, 0xFF, 0x0F, 0xFF, 0x0F, 0xFF, 0x0F, 0xFF, 0x0F, 0xFF, 0x0F, 0xFF, 0x0F, 0xFF, 0x0F, 0xFF, 0x0F, 0xFF, 0x0F, 
    0xFF, 0x0F, 0xAA, 0x0A, 0xFF, 0x0F, 0xAA, 0x0A, 0xCC, 0x8C, 0xFF, 0x9F, 0xCC, 0x8C, 0xFF, 0x9F, 0xFF, 0x0F, 0xAA, 0x0A, 0xFF, 0x0F, 0xFF, 0x0F, 0xCC, 0x8C, 0xFF, 0x9F, 0xFF, 0x0F, 0xFF, 0x0F, 
    0xFF, 0x0F, 0xFF, 0x0F, 0xFF, 0x0F, 0xFF, 0x0F, 0xFF, 0x0F, 0xFF, 0x0F, 0xFF, 0x0F, 0xFF, 0x0F, 0xFF, 0x0F, 0xFF, 0x0F, 0xFF, 0x0F, 0xFF, 0x0F, 0xFF, 0x0F, 0xFF, 0x0F, 0xFF, 0x0F, 0xFF, 0x0F, 
    0xFF, 0x0F, 0xFF, 0x0F, 0xFF, 0x0F, 0xFF, 0x0F, 0xFF, 0x0F, 0xFF, 0x0F, 0xFF, 0x0F, 0xFF, 0x0F, 0xFF, 0x0F, 0xFF, 0x0F, 0xFF, 0x0F, 0xFF, 0x0F, 0xFF, 0x0F, 0xFF, 0x0F, 0xFF, 0x0F, 0xFF, 0x0F, 
    0xFF, 0x0F, 0xFF, 0x0F, 0xFF, 0x0F, 0xFF, 0x0F, 0xFF, 0x0F, 0xFF, 0x0F, 0xFF, 0x0F, 0xFF, 0x0F, 0xFF, 0x0F, 0xFF, 0x0F, 0xFF, 0x0F, 0xFF, 0x0F, 0xFF, 0x0F, 0xFF, 0x0F, 0xFF, 0x0F, 0xFF, 0x0F, 
    0xFF, 0x0F, 0xFF, 0x0F, 0xFF, 0x0F, 0xFF, 0x0F, 0xFF, 0x0F, 0xFF, 0x0F, 0xFF, 0x0F, 0xFF, 0x0F, 0xFF, 0x0F, 0xFF, 0x0F, 0xEE, 0xBE, 0xFF, 0x0F, 0xFF, 0x0F, 0xFF, 0x0F, 0x88, 0x08, 0xDD, 0xAD, 
    0xFF, 0x0F, 0xFF, 0x0F, 0xFF, 0x0F, 0xFF, 0x0F, 0xFF, 0x0F, 0xFF, 0x0F, 0xFF, 0x0F, 0xFF, 0x0F, 0xFF, 0x0F, 0xFF, 0x0F, 0xFF, 0x7F, 0xFF, 0x0F, 0xFF, 0x0F, 0xFF, 0x0F, 0xBB, 0x3B, 0xEE, 0xEE, 
    0xEE, 0xEE, 0xFF, 0x2F, 0xDD, 0xAD, 0xFF, 0x4F, 0x66, 0x16, 0xDD, 0xFD, 0xCC, 0x6C, 0xDD, 0xAD, 0xCC, 0x8C, 0xEE, 0x9E, 0xBB, 0x3B, 0xEE, 0xCE, 0xDD, 0xAD, 0xDD, 0x5D, 0xEE, 0xCE, 0xFF, 0x2F, 
    0xEE, 0xBE, 0xFF, 0x0F, 0xEE, 0xEE, 0x88, 0x08, 0xCC, 0x6C, 0xFF, 0x9F, 0xDD, 0xAD, 0xFF, 0x7F, 0xDD, 0xAD, 0xDD, 0x5D, 0xCC, 0x6C, 0xDD, 0xAD, 0xEE, 0xCE, 0xFF, 0x2F, 0xEE, 0xEE, 0xFF, 0x0F, 
    0xFF, 0x0F, 0xFF, 0x0F, 0xFF, 0x0F, 0xFF, 0x0F, 0xFF, 0x0F, 0xFF, 0x0F, 0xFF, 0x0F, 0xFF, 0x0F, 0xFF, 0x0F, 0xFF, 0x0F, 0xFF, 0x0F, 0x66, 0x16, 0xFF, 0x0F, 0xFF, 0x0F, 0xEE, 0xEE, 0xFF, 0x2F, 
    0xFF, 0x0F, 0xFF, 0x0F, 0xFF, 0x0F, 0xFF, 0x0F, 0xFF, 0x0F, 0xFF, 0x0F, 0xFF, 0x0F, 0xFF, 0x0F, 0xFF, 0x0F, 0xFF, 0x0F, 0x88, 0x08, 0xDD, 0xAD, 0xFF, 0x0F, 0xFF, 0x0F, 0xFF, 0x9F, 0xFF, 0x0F, 
    0xFF, 0x0F, 0xAA, 0x0A, 0xFF, 0x0F, 0xFF, 0x0F, 0xCC, 0x8C, 0xEE, 0xBE, 0x77, 0x17, 0xDD, 0xCD, 0xFF, 0x0F, 0xFF, 0x0F, 0xFF, 0x0F, 0xFF, 0x0F, 0xFF, 0x0F, 0xCC, 0x6C, 0x77, 0x17, 0xDD, 0xCD, 
    0xBB, 0x3B, 0xEE, 0xEE, 0xDD, 0xCD, 0xFF, 0x7F, 0xFF, 0x2F, 0xFF, 0x0F, 0xFF, 0x0F, 0xFF, 0x0F, 0xEE, 0xEE, 0xFF, 0x0F, 0xDD, 0xCD, 0xFF, 0x7F, 0xFF, 0x0F, 0xFF, 0x0F, 0xFF, 0x0F, 0xFF, 0x0F, 
    0x66, 0x16, 0xDD, 0xFD, 0x88, 0x08, 0xDD, 0xAD, 0xEE, 0xBE, 0xFF, 0x0F, 0xFF, 0x7F, 0xFF, 0x0F, 0xFF, 0x0F, 0xFF, 0x0F, 0xFF, 0x0F, 0xFF, 0x0F, 0xFF, 0x0F, 0xFF, 0x0F, 0xFF, 0x0F, 0xFF, 0x0F, 
    0xBB, 0x3B, 0xDD, 0xFD, 0x77, 0x17, 0xDD, 0xCD, 0xFF, 0x9F, 0xFF, 0x0F, 0xFF, 0x7F, 0xFF, 0x0F, 0xFF, 0x0F, 0xFF, 0x0F, 0xFF, 0x0F, 0xFF, 0x0F, 0xFF, 0x0F, 0xFF, 0x0F, 0xFF, 0x0F, 0xFF, 0x0F, 
    0xFF, 0x0F, 0xFF, 0x0F, 0xFF, 0x0F, 0xFF, 0x0F, 0xFF, 0x0F, 0xFF, 0x0F, 0xFF, 0x0F, 0xFF, 0x0F, 0xFF, 0x0F, 0xFF, 0x0F, 0xFF, 0x0F, 0xFF, 0x0F, 0xFF, 0x0F, 0xFF, 0x0F, 0xFF, 0x0F, 0xFF, 0x0F, 
    0xFF, 0x0F, 0xFF, 0x0F, 0xFF, 0x0F, 0xFF, 0x0F, 0xFF, 0x0F, 0xFF, 0x0F, 0xFF, 0x0F, 0xFF, 0x0F, 0xFF, 0x0F, 0xFF, 0x0F, 0xFF, 0x0F, 0xFF, 0x0F, 0xFF, 0x0F, 0xFF, 0x0F, 0xFF, 0x0F, 0xFF, 0x0F, 
    0xFF, 0x0F, 0xAA, 0x0A, 0xFF, 0x0F, 0xBB, 0x3B, 0xCC, 0x8C, 0xFF, 0x9F, 0xEE, 0xEE, 0xFF, 0x2F, 0xFF, 0x0F, 0xFF, 0x0F, 0xFF, 0x0F, 0xFF, 0x0F, 0xFF, 0x0F, 0xFF, 0x0F, 0xFF, 0x0F, 0xFF, 0x0F, 
    0x66, 0x16, 0xEE, 0xEE, 0xAA, 0x0A, 0xCC, 0x8C, 0xFF, 0x2F, 0xFF, 0x0F, 0xEE, 0xBE, 0xFF, 0x0F, 0xFF, 0x0F, 0xFF, 0x0F, 0xFF, 0x0F, 0xFF, 0x0F, 0xFF, 0x0F, 0xFF, 0x0F, 0xFF, 0x0F, 0xFF, 0x0F, 
    0xFF, 0x0F, 0xFF, 0x0F, 0xFF, 0x0F, 0xFF, 0x0F, 0xFF, 0x0F, 0xFF, 0x0F, 0xFF, 0x0F, 0xFF, 0x0F, 0xFF, 0x0F, 0xFF, 0x0F, 0xFF, 0x0F, 0xFF, 0x0F, 0xFF, 0x0F, 0xFF, 0x0F, 0xFF, 0x0F, 0xFF, 0x0F, 
    0xFF, 0x0F, 0xFF, 0x0F, 0xFF, 0x0F, 0xFF, 0x0F, 0xFF, 0x0F, 0xFF, 0x0F, 0xFF, 0x0F, 0xFF, 0x0F, 0xFF, 0x0F, 0xFF, 0x0F, 0xFF, 0x0F, 0xFF, 0x0F, 0xFF, 0x0F, 0xFF, 0x0F, 0xFF, 0x0F, 0xFF, 0x0F, 
    0xFF, 0x0F, 0xFF, 0x0F, 0xFF, 0x0F, 0xFF, 0x0F, 0xFF, 0x0F, 0xFF, 0x0F, 0xFF, 0x0F, 0xFF, 0x0F, 0xFF, 0x0F, 0xFF, 0x0F, 0xCC, 0x6C, 0xEE, 0xEE, 0xFF, 0x0F, 0xFF, 0x0F, 0xFF, 0x0F, 0xFF, 0x0F, 
    0xFF, 0x0F, 0xFF, 0x0F, 0xFF, 0x0F, 0xFF, 0x0F, 0xFF, 0x0F, 0xFF, 0x0F, 0xFF, 0x0F, 0xFF, 0x0F, 0xFF, 0x0F, 0xFF, 0x0F, 0xBB, 0x3B, 0xEE, 0xEE, 0xFF, 0x0F, 0xFF, 0x0F, 0xFF, 0x0F, 0x66, 0x16, 
    0x66, 0x16, 0xEE, 0xEE, 0x88, 0x08, 0xDD, 0xAD, 0xFF, 0x2F, 0xAA, 0x0A, 0xFF, 0x7F, 0x77, 0x17, 0xFF, 0x0F, 0xCC, 0x6C, 0xFF, 0x0F, 0x66, 0x16, 0xEE, 0xBE, 0xBB, 0x3B, 0xEE, 0xEE, 0xCC, 0x8C, 
    0xCC, 0x8C, 0xFF, 0x9F, 0xEE, 0xCE, 0xFF, 0x4F, 0xFF, 0x0F, 0xFF, 0x0F, 0xFF, 0x0F, 0xFF, 0x0F, 0xEE, 0xEE, 0xFF, 0x0F, 0xFF, 0x9F, 0xFF, 0x0F, 0xFF, 0x0F, 0xFF, 0x0F, 0xFF, 0x0F, 0xFF, 0x0F, 
    0xFF, 0x0F, 0xFF, 0x0F, 0xFF, 0x0F, 0xFF, 0x0F, 0xFF, 0x0F, 0xFF, 0x0F, 0xFF, 0x0F, 0xFF, 0x0F, 0xFF, 0x0F, 0xFF, 0x0F, 0xDD, 0xFD, 0xDD, 0xFD, 0xFF, 0x0F, 0xFF, 0x0F, 0xDD, 0xFD, 0xDD, 0xFD, 
    0xFF, 0x0F, 0xFF, 0x0F, 0xFF, 0x0F, 0xFF, 0x0F, 0xFF, 0x0F, 0xFF, 0x0F, 0xFF, 0x0F, 0xFF, 0x0F, 0xFF, 0x0F, 0xFF, 0x0F, 0xFF, 0x9F, 0xFF, 0x0F, 0xFF, 0x0F, 0x66, 0x16, 0xFF, 0x0F, 0x66, 0x16, 
    0xFF, 0x0F, 0xFF, 0x0F, 0xFF, 0x0F, 0x88, 0x08, 0x66, 0x16, 0xEE, 0xEE, 0xDD, 0xAD, 0xFF, 0x9F, 0xFF, 0x0F, 0xCC, 0x6C, 0x66, 0x16, 0xEE, 0xEE, 0xEE, 0xEE, 0xFF, 0x0F, 0xFF, 0x4F, 0xFF, 0x0F, 
    0xFF, 0x4F, 0xFF, 0x0F, 0xFF, 0x0F, 0xFF, 0x0F, 0xFF, 0x0F, 0x66, 0x16, 0xFF, 0x0F, 0xCC, 0x6C, 0xFF, 0x0F, 0xFF, 0x0F, 0xFF, 0x0F, 0xFF, 0x0F, 0xCC, 0x6C, 0xEE, 0xEE, 0xFF, 0x0F, 0xCC, 0x6C, 
    0xFF, 0x0F, 0x88, 0x08, 0xFF, 0x0F, 0xFF, 0x0F, 0xDD, 0xAD, 0xEE, 0xEE, 0xCC, 0x6C, 0xEE, 0xEE, 0xFF, 0x0F, 0xFF, 0x0F, 0xFF, 0x0F, 0x77, 0x17, 0xCC, 0x6C, 0xEE, 0xBE, 0xDD, 0xCD, 0xFF, 0x7F, 
    0xFF, 0x4F, 0xFF, 0x0F, 0xFF, 0x0F, 0xFF, 0x0F, 0xFF, 0x0F, 0x88, 0x08, 0xFF, 0x0F, 0xBB, 0x3B, 0xFF, 0x0F, 0xFF, 0x0F, 0xFF, 0x0F, 0xFF, 0x0F, 0xFF, 0x0F, 0xFF, 0x0F, 0xFF, 0x0F, 0xFF, 0x0F, 
    0x66, 0x16, 0xDD, 0xFD, 0xFF, 0x0F, 0xFF, 0x0F, 0xEE, 0xBE, 0xFF, 0x0F, 0xFF, 0x0F, 0xFF, 0x0F, 0xFF, 0x0F, 0xFF, 0x0F, 0xFF, 0x0F, 0xFF, 0x0F, 0xFF, 0x0F, 0xFF, 0x0F, 0xFF, 0x0F, 0xFF, 0x0F, 
    0xFF, 0x0F, 0xFF, 0x0F, 0xFF, 0x0F, 0xFF, 0x0F, 0xFF, 0x0F, 0xFF, 0x0F, 0xFF, 0x0F, 0xFF, 0x0F, 0xFF, 0x0F, 0xFF, 0x0F, 0xFF, 0x0F, 0xFF, 0x0F, 0xFF, 0x0F, 0xFF, 0x0F, 0xFF, 0x0F, 0xFF, 0x0F, 
    0xDD, 0xAD, 0xFF, 0x9F, 0xDD, 0xFD, 0xDD, 0xFD, 0xFF, 0x0F, 0xFF, 0x0F, 0xDD, 0xFD, 0xDD, 0xFD, 0xFF, 0x0F, 0xFF, 0x0F, 0xFF, 0x0F, 0xFF, 0x0F, 0xFF, 0x0F, 0xFF, 0x0F, 0xFF, 0x0F, 0xFF, 0x0F, 
    0xFF, 0x0F, 0xFF, 0x0F, 0xEE, 0xEE, 0xFF, 0x0F, 0xFF, 0x0F, 0x66, 0x16, 0xFF, 0x0F, 0x66, 0x16, 0xFF, 0x0F, 0xFF, 0x0F, 0xFF, 0x0F, 0xFF, 0x0F, 0xFF, 0x0F, 0x66, 0x16, 0xFF, 0x0F, 0xFF, 0x0F, 
    0xFF, 0x0F, 0xFF, 0x0F, 0xFF, 0x0F, 0xFF, 0x0F, 0xFF, 0x0F, 0xFF, 0x0F, 0xFF, 0x0F, 0xFF, 0x0F, 0xFF, 0x0F, 0xFF, 0x0F, 0xFF, 0x0F, 0xFF, 0x0F, 0xFF, 0x0F, 0xFF, 0x0F, 0xFF, 0x0F, 0xFF, 0x0F, 
    0xFF, 0x0F, 0xFF, 0x0F, 0xFF, 0x0F, 0xFF, 0x0F, 0xFF, 0x0F, 0xFF, 0x0F, 0xFF, 0x0F, 0xFF, 0x0F, 0xFF, 0x0F, 0xFF, 0x0F, 0xFF, 0x0F, 0xFF, 0x0F, 0xFF, 0x0F, 0xFF, 0x0F, 0xFF, 0x0F, 0xFF, 0x0F, 
    0xFF, 0x0F, 0xFF, 0x0F, 0xFF, 0x0F, 0xFF, 0x0F, 0xFF, 0x0F, 0xFF, 0x0F, 0xFF, 0x0F, 0xFF, 0x0F, 0xFF, 0x0F, 0xFF, 0x0F, 0xFF, 0x0F, 0xFF, 0x0F, 0xFF, 0x0F, 0xFF, 0x0F, 0xFF, 0x0F, 0xFF, 0x0F, 
    0xFF, 0x0F, 0xFF, 0x0F, 0xFF, 0x0F, 0xFF, 0x0F, 0xFF, 0x0F, 0xFF, 0x0F, 0xFF, 0x0F, 0xFF, 0x0F, 0xFF, 0x0F, 0xFF, 0x0F, 0xFF, 0x0F, 0xFF, 0x0F, 0xFF, 0x0F, 0xFF, 0x0F, 0xFF, 0x0F, 0xFF, 0x0F, 
    0xFF, 0x0F, 0xFF, 0x0F, 0xFF, 0x0F, 0xFF, 0x0F, 0xFF, 0x0F, 0xFF, 0x0F, 0xFF, 0x0F, 0xFF, 0x0F, 0xFF, 0x0F, 0xFF, 0x0F, 0xFF, 0x0F, 0xFF, 0x0F, 0xFF, 0x0F, 0xFF, 0x0F, 0xFF, 0x0F, 0xFF, 0x0F, 
    0xFF, 0x0F, 0xFF, 0x0F, 0xFF, 0x0F, 0xFF, 0x0F, 0xFF, 0x0F, 0xFF, 0x0F, 0xFF, 0x0F, 0xFF, 0x0F, 0xFF, 0x0F, 0xFF, 0x0F, 0xFF, 0x0F, 0xFF, 0x0F, 0xFF, 0x0F, 0xFF, 0x0F, 0xFF, 0x0F, 0xFF, 0x0F, 
    0xFF, 0x0F, 0xFF, 0x0F, 0xFF, 0x0F, 0xFF, 0x0F, 0xFF, 0x0F, 0xFF, 0x0F, 0xFF, 0x0F, 0xFF, 0x0F, 0xFF, 0x0F, 0xFF, 0x0F, 0xFF, 0x0F, 0xFF, 0x0F, 0xFF, 0x0F, 0xFF, 0x0F, 0xFF, 0x0F, 0xFF, 0x0F, 
    0xFF, 0x0F, 0xFF, 0x0F, 0xFF, 0x0F, 0xFF, 0x0F, 0xFF, 0x0F, 0xFF, 0x0F, 0xFF, 0x0F, 0xFF, 0x0F, 0xFF, 0x0F, 0xFF, 0x0F, 0xFF, 0x0F, 0xFF, 0x0F, 0xFF, 0x0F, 0xFF, 0x0F, 0xFF, 0x0F, 0xFF, 0x0F, 
    0xFF, 0x0F, 0xFF, 0x0F, 0xFF, 0x0F, 0xFF, 0x0F, 0xFF, 0x0F, 0xFF, 0x0F, 0xFF, 0x0F, 0xFF, 0x0F, 0xFF, 0x0F, 0xFF, 0x0F, 0xFF, 0x0F, 0xFF, 0x0F, 0xFF, 0x0F, 0xFF, 0x0F, 0xFF, 0x0F, 0xFF, 0x0F, 
    0xFF, 0x0F, 0xFF, 0x0F, 0xFF, 0x0F, 0xFF, 0x0F, 0xFF, 0x0F, 0xFF, 0x0F, 0xFF, 0x0F, 0xFF, 0x0F, 0xFF, 0x0F, 0xFF, 0x0F, 0xFF, 0x0F, 0xFF, 0x0F, 0xFF, 0x0F, 0xFF, 0x0F, 0xFF, 0x0F, 0xFF, 0x0F, 
    0xFF, 0x0F, 0xFF, 0x0F, 0xFF, 0x0F, 0xFF, 0x0F, 0xFF, 0x0F, 0xFF, 0x0F, 0xFF, 0x0F, 0xFF, 0x0F, 0xFF, 0x0F, 0xFF, 0x0F, 0xFF, 0x0F, 0xFF, 0x0F, 0xFF, 0x0F, 0xFF, 0x0F, 0xFF, 0x0F, 0xFF, 0x0F, 
    0xFF, 0x0F, 0xFF, 0x0F, 0xFF, 0x0F, 0xFF, 0x0F, 0xFF, 0x0F, 0xFF, 0x0F, 0xFF, 0x0F, 0xFF, 0x0F, 0xFF, 0x0F, 0xFF, 0x0F, 0xFF, 0x0F, 0xFF, 0x0F, 0xFF, 0x0F, 0xFF, 0x0F, 0xFF, 0x0F, 0xFF, 0x0F, 
    0xFF, 0x0F, 0xFF, 0x0F, 0xFF, 0x0F, 0xFF, 0x0F, 0xFF, 0x0F, 0xFF, 0x0F, 0xFF, 0x0F, 0xFF, 0x0F, 0xFF, 0x0F, 0xFF, 0x0F, 0xFF, 0x0F, 0xFF, 0x0F, 0xFF, 0x0F, 0xFF, 0x0F, 0xFF, 0x0F, 0xFF, 0x0F, 
    0xFF, 0x0F, 0xFF, 0x0F, 0xFF, 0x0F, 0xFF, 0x0F, 0xFF, 0x0F, 0xFF, 0x0F, 0xFF, 0x0F, 0xFF, 0x0F, 0xFF, 0x0F, 0xFF, 0x0F, 0xFF, 0x0F, 0xFF, 0x0F, 0xFF, 0x0F, 0xFF, 0x0F, 0xFF, 0x0F, 0xFF, 0x0F, 
    0xFF, 0x0F, 0xFF, 0x0F, 0xFF, 0x0F, 0xFF, 0x0F, 0xFF, 0x0F, 0xFF, 0x0F, 0xFF, 0x0F, 0xFF, 0x0F, 0xFF, 0x0F, 0xFF, 0x0F, 0xFF, 0x0F, 0xFF, 0x0F, 0xFF, 0x0F, 0xFF, 0x0F, 0xFF, 0x0F, 0xFF, 0x0F, 
    0xFF, 0x0F, 0xFF, 0x0F, 0xFF, 0x0F, 0xFF, 0x0F, 0xFF, 0x0F, 0xFF, 0x0F, 0xFF, 0x0F, 0xFF, 0x0F, 0xFF, 0x0F, 0xFF, 0x0F, 0xFF, 0x0F, 0xFF, 0x0F, 0xFF, 0x0F, 0xFF, 0x0F, 0xFF, 0x0F, 0xFF, 0x0F, 
    0xFF, 0x0F, 0xFF, 0x0F, 0xFF, 0x0F, 0xFF, 0x0F, 0xFF, 0x0F, 0xFF, 0x0F, 0xFF, 0x0F, 0xFF, 0x0F, 0xFF, 0x0F, 0xFF, 0x0F, 0xFF, 0x0F, 0xFF, 0x0F, 0xFF, 0x0F, 0xFF, 0x0F, 0xFF, 0x0F, 0xFF, 0x0F, 
    0xFF, 0x0F, 0xFF, 0x0F, 0xFF, 0x0F, 0xFF, 0x0F, 0xFF, 0x0F, 0xFF, 0x0F, 0xFF, 0x0F, 0xFF, 0x0F, 0xFF, 0x0F, 0xFF, 0x0F, 0xFF, 0x0F, 0xFF, 0x0F, 0xFF, 0x0F, 0xFF, 0x0F, 0xFF, 0x0F, 0xFF, 0x0F, 
    0xFF, 0x0F, 0xFF, 0x0F, 0xFF, 0x0F, 0xFF, 0x0F, 0xFF, 0x0F, 0xFF, 0x0F, 0xFF, 0x0F, 0xFF, 0x0F, 0xFF, 0x0F, 0xFF, 0x0F, 0xFF, 0x0F, 0xFF, 0x0F, 0xFF, 0x0F, 0xFF, 0x0F, 0xFF, 0x0F, 0xFF, 0x0F, 
    0xFF, 0x0F, 0xFF, 0x0F, 0xFF, 0x0F, 0xFF, 0x0F, 0xFF, 0x0F, 0xFF, 0x0F, 0xFF, 0x0F, 0xFF, 0x0F, 0xFF, 0x0F, 0xFF, 0x0F, 0xFF, 0x0F, 0xFF, 0x0F, 0xFF, 0x0F, 0xFF, 0x0F, 0xFF, 0x0F, 0xFF, 0x0F, 
    0xFF, 0x0F, 0xFF, 0x0F, 0xFF, 0x0F, 0xFF, 0x0F, 0xFF, 0x0F, 0xFF, 0x0F, 0xFF, 0x0F, 0xFF, 0x0F, 0xFF, 0x0F, 0xFF, 0x0F, 0xFF, 0x0F, 0xFF, 0x0F, 0xFF, 0x0F, 0xFF, 0x0F, 0xFF, 0x0F, 0xFF, 0x0F, 
    0xFF, 0x0F, 0xFF, 0x0F, 0xFF, 0x0F, 0xFF, 0x0F, 0xFF, 0x0F, 0xFF, 0x0F, 0xFF, 0x0F, 0xFF, 0x0F, 0xFF, 0x0F, 0xFF, 0x0F, 0xFF, 0x0F, 0xFF, 0x0F, 0xFF, 0x0F, 0xFF, 0x0F, 0xFF, 0x0F, 0xFF, 0x0F, 
    0xFF, 0x0F, 0xFF, 0x0F, 0xFF, 0x0F, 0xFF, 0x0F, 0xFF, 0x0F, 0xFF, 0x0F, 0xFF, 0x0F, 0xFF, 0x0F, 0xFF, 0x0F, 0xFF, 0x0F, 0xFF, 0x0F, 0xFF, 0x0F, 0xFF, 0x0F, 0xFF, 0x0F, 0xFF, 0x0F, 0xFF, 0x0F, 
    0xFF, 0x0F, 0xFF, 0x0F, 0xFF, 0x0F, 0xFF, 0x0F, 0xFF, 0x0F, 0xFF, 0x0F, 0xFF, 0x0F, 0xFF, 0x0F, 0xFF, 0x0F, 0xFF, 0x0F, 0xFF, 0x0F, 0xFF, 0x0F, 0xFF, 0x0F, 0xFF, 0x0F, 0xFF, 0x0F, 0xFF, 0x0F, 
    0xFF, 0x0F, 0xFF, 0x0F, 0xFF, 0x0F, 0xFF, 0x0F, 0xFF, 0x0F, 0xFF, 0x0F, 0xFF, 0x0F, 0xFF, 0x0F, 0xFF, 0x0F, 0xFF, 0x0F, 0xFF, 0x0F, 0xFF, 0x0F, 0xFF, 0x0F, 0xFF, 0x0F, 0xFF, 0x0F, 0xFF, 0x0F, 
    0xFF, 0x0F, 0xFF, 0x0F, 0xFF, 0x0F, 0xFF, 0x0F, 0xFF, 0x0F, 0xFF, 0x0F, 0xFF, 0x0F, 0xFF, 0x0F, 0xFF, 0x0F, 0xFF, 0x0F, 0xFF, 0x0F, 0xFF, 0x0F, 0xFF, 0x0F, 0xFF, 0x0F, 0xFF, 0x0F, 0xFF, 0x0F, 
    0xFF, 0x0F, 0xFF, 0x0F, 0xFF, 0x0F, 0xFF, 0x0F, 0xFF, 0x0F, 0xFF, 0x0F, 0xFF, 0x0F, 0xFF, 0x0F, 0xFF, 0x0F, 0xFF, 0x0F, 0xFF, 0x0F, 0xFF, 0x0F, 0xFF, 0x0F, 0xFF, 0x0F, 0xFF, 0x0F, 0xFF, 0x0F, 
    0xFF, 0x0F, 0xFF, 0x0F, 0xFF, 0x0F, 0xFF, 0x0F, 0xFF, 0x0F, 0xFF, 0x0F, 0xFF, 0x0F, 0xFF, 0x0F, 0xFF, 0x0F, 0xFF, 0x0F, 0xFF, 0x0F, 0xFF, 0x0F, 0xFF, 0x0F, 0xFF, 0x0F, 0xFF, 0x0F, 0xFF, 0x0F, 
    0xFF, 0x0F, 0xFF, 0x0F, 0xFF, 0x0F, 0xFF, 0x0F, 0xFF, 0x0F, 0xFF, 0x0F, 0xFF, 0x0F, 0xFF, 0x0F, 0xFF, 0x0F, 0xFF, 0x0F, 0xFF, 0x0F, 0xFF, 0x0F, 0xFF, 0x0F, 0xFF, 0x0F, 0xFF, 0x0F, 0xFF, 0x0F, 
    0xFF, 0x0F, 0xFF, 0x0F, 0xFF, 0x0F, 0xFF, 0x0F, 0xFF, 0x0F, 0xFF, 0x0F, 0xFF, 0x0F, 0xFF, 0x0F, 0xFF, 0x0F, 0xFF, 0x0F, 0xFF, 0x0F, 0xFF, 0x0F, 0xFF, 0x0F, 0xFF, 0x0F, 0xFF, 0x0F, 0xFF, 0x0F, 
    0xFF, 0x0F, 0xFF, 0x0F, 0xFF, 0x0F, 0xFF, 0x0F, 0xFF, 0x0F, 0xFF, 0x0F, 0xFF, 0x0F, 0xFF, 0x0F, 0xFF, 0x0F, 0xFF, 0x0F, 0xFF, 0x0F, 0xFF, 0x0F, 0xFF, 0x0F, 0xFF, 0x0F, 0xFF, 0x0F, 0xFF, 0x0F, 
    0xFF, 0x0F, 0xFF, 0x0F, 0xFF, 0x0F, 0xFF, 0x0F, 0xFF, 0x0F, 0xFF, 0x0F, 0xFF, 0x0F, 0xFF, 0x0F, 0xFF, 0x0F, 0xFF, 0x0F, 0xFF, 0x0F, 0xFF, 0x0F, 0xFF, 0x0F, 0xFF, 0x0F, 0xFF, 0x0F, 0xFF, 0x0F, 
    0xFF, 0x0F, 0xFF, 0x0F, 0xFF, 0x0F, 0xFF, 0x0F, 0xFF, 0x0F, 0xFF, 0x0F, 0xFF, 0x0F, 0xFF, 0x0F, 0xFF, 0x0F, 0xFF, 0x0F, 0xFF, 0x0F, 0xFF, 0x0F, 0xFF, 0x0F, 0xFF, 0x0F, 0xFF, 0x0F, 0xFF, 0x0F, 
    0xFF, 0x0F, 0xFF, 0x0F, 0xFF, 0x0F, 0xFF, 0x0F, 0xFF, 0x0F, 0xFF, 0x0F, 0xFF, 0x0F, 0xFF, 0x0F, 0xFF, 0x0F, 0xFF, 0x0F, 0xFF, 0x0F, 0xFF, 0x0F, 0xFF, 0x0F, 0xFF, 0x0F, 0xFF, 0x0F, 0xFF, 0x0F, 
    0xFF, 0x0F, 0xFF, 0x0F, 0xCC, 0x5C, 0xEE, 0xCE, 0xFF, 0x0F, 0xFF, 0x0F, 0xFF, 0x2F, 0x77, 0x17, 0xEE, 0xEE, 0xFF, 0x2F, 0xEE, 0xEE, 0xFF, 0x2F, 0xFF, 0x0F, 0x77, 0x17, 0xFF, 0x0F, 0x77, 0x17, 
    0xFF, 0x0F, 0xFF, 0x0F, 0xEE, 0xCE, 0xFF, 0x4F, 0xFF, 0x0F, 0xFF, 0x0F, 0xCC, 0x5C, 0xEE, 0xEE, 0xEE, 0xCE, 0xFF, 0x4F, 0xEE, 0xCE, 0xFF, 0x4F, 0xAA, 0x0A, 0xCC, 0x8C, 0xFF, 0x0F, 0xCC, 0x6C, 
    0xEE, 0xEE, 0xFF, 0x2F, 0xEE, 0xEE, 0xFF, 0x0F, 0xFF, 0x0F, 0x77, 0x17, 0xFF, 0x0F, 0x77, 0x17, 0xFF, 0x4F, 0xFF, 0x0F, 0xEE, 0xEE, 0xFF, 0x0F, 0xFF, 0x0F, 0x77, 0x17, 0xFF, 0x0F, 0x77, 0x17, 
    0xEE, 0xCE, 0xFF, 0x4F, 0xEE, 0xCE, 0xFF, 0x4F, 0xFF, 0x0F, 0xCC, 0x6C, 0xFF, 0x0F, 0xBB, 0x3B, 0xEE, 0xCE, 0xFF, 0x4F, 0xEE, 0xCE, 0xFF, 0x4F, 0xFF, 0x0F, 0x88, 0x08, 0xFF, 0x0F, 0xBB, 0x3B, 
    0xFF, 0x0F, 0xFF, 0x0F, 0xFF, 0x2F, 0xFF, 0x0F, 0xFF, 0x0F, 0xFF, 0x0F, 0xFF, 0x0F, 0xFF, 0x0F, 0xFF, 0x9F, 0xFF, 0x0F, 0xEE, 0xBE, 0xFF, 0x0F, 0xFF, 0x0F, 0xFF, 0x0F, 0xFF, 0x0F, 0xFF, 0x0F, 
    0xFF, 0x0F, 0xFF, 0x0F, 0xFF, 0x0F, 0xFF, 0x0F, 0xFF, 0x0F, 0xFF, 0x0F, 0xFF, 0x0F, 0xFF, 0x0F, 0xFF, 0x0F, 0xFF, 0x0F, 0xFF, 0x0F, 0xFF, 0x0F, 0xFF, 0x0F, 0xFF, 0x0F, 0xFF, 0x0F, 0xFF, 0x0F, 
    0xEE, 0xBE, 0xFF, 0x0F, 0xEE, 0xEE, 0xFF, 0x2F, 0xFF, 0x0F, 0xFF, 0x0F, 0xFF, 0x0F, 0x88, 0x08, 0xDD, 0xAD, 0xEE, 0xEE, 0xEE, 0xEE, 0xFF, 0x2F, 0xFF, 0x0F, 0x88, 0x08, 0xFF, 0x0F, 0xFF, 0x0F, 
    0xAA, 0x0A, 0xDD, 0x5D, 0xDD, 0xAD, 0xEE, 0xCE, 0xFF, 0x2F, 0xFF, 0x0F, 0xDD, 0xCD, 0xEE, 0xBE, 0xEE, 0x7E, 0xFF, 0x0F, 0xFF, 0x0F, 0xFF, 0x0F, 0xAA, 0x0A, 0xDD, 0x8D, 0xFF, 0x0F, 0xFF, 0x0F, 
    0xEE, 0xEE, 0xFF, 0x2F, 0xEE, 0xEE, 0xFF, 0x2F, 0xFF, 0x0F, 0x77, 0x17, 0xFF, 0x0F, 0x77, 0x17, 0xEE, 0xEE, 0xFF, 0x2F, 0xCC, 0x5C, 0xEE, 0xCE, 0xFF, 0x0F, 0x77, 0x17, 0xFF, 0x2F, 0x77, 0x17, 
    0xEE, 0xCE, 0xFF, 0x4F, 0xEE, 0xCE, 0xFF, 0x4F, 0xFF, 0x0F, 0xCC, 0x6C, 0xFF, 0x0F, 0xCC, 0x6C, 0xEE, 0xCE, 0xFF, 0x4F, 0xEE, 0xCE, 0xFF, 0x4F, 0xAA, 0x0A, 0xCC, 0x8C, 0xCC, 0x5C, 0xEE, 0xEE, 
    0xFF, 0x0F, 0xFF, 0x0F, 0xFF, 0x0F, 0xFF, 0x0F, 0xFF, 0x0F, 0xFF, 0x0F, 0xFF, 0x0F, 0xFF, 0x0F, 0xFF, 0x0F, 0xFF, 0x0F, 0xFF, 0x0F, 0xFF, 0x0F, 0xFF, 0x0F, 0xFF, 0x0F, 0xFF, 0x0F, 0xFF, 0x0F, 
    0xFF, 0x0F, 0xFF, 0x0F, 0xFF, 0x0F, 0xFF, 0x0F, 0xFF, 0x0F, 0xFF, 0x0F, 0xFF, 0x0F, 0xFF, 0x0F, 0xFF, 0x0F, 0xFF, 0x0F, 0xFF, 0x0F, 0xFF, 0x0F, 0xFF, 0x0F, 0xFF, 0x0F, 0xFF, 0x0F, 0xFF, 0x0F, 
    0xEE, 0xBE, 0xFF, 0x0F, 0xEE, 0xBE, 0xFF, 0x0F, 0xFF, 0x0F, 0xFF, 0x0F, 0xFF, 0x0F, 0xFF, 0x0F, 0xFF, 0x9F, 0xFF, 0x0F, 0xFF, 0x2F, 0xFF, 0x0F, 0xFF, 0x0F, 0xFF, 0x0F, 0xFF, 0x0F, 0xFF, 0x0F, 
    0xFF, 0x0F, 0xFF, 0x0F, 0xFF, 0x0F, 0xFF, 0x0F, 0xFF, 0x0F, 0xFF, 0x0F, 0xFF, 0x0F, 0xFF, 0x0F, 0xFF, 0x0F, 0xFF, 0x0F, 0xFF, 0x0F, 0xFF, 0x0F, 0xFF, 0x0F, 0xFF, 0x0F, 0xFF, 0x0F, 0xFF, 0x0F, 
    0xFF, 0x0F, 0xFF, 0x0F, 0xFF, 0x0F, 0xFF, 0x0F, 0xFF, 0x0F, 0xFF, 0x0F, 0xFF, 0x0F, 0xFF, 0x0F, 0xFF, 0x0F, 0xFF, 0x0F, 0xFF, 0x0F, 0xFF, 0x0F, 0xFF, 0x0F, 0xFF, 0x0F, 0xFF, 0x0F, 0xFF, 0x0F, 
    0xFF, 0x0F, 0xFF, 0x0F, 0xFF, 0x0F, 0xFF, 0x0F, 0xFF, 0x0F, 0xFF, 0x0F, 0xFF, 0x0F, 0xFF, 0x0F, 0xFF, 0x0F, 0xFF, 0x0F, 0xFF, 0x0F, 0xFF, 0x0F, 0xFF, 0x0F, 0xFF, 0x0F, 0xFF, 0x0F, 0xFF, 0x0F, 
    0xFF, 0x0F, 0xFF, 0x0F, 0xFF, 0x0F, 0xFF, 0x0F, 0xFF, 0x0F, 0xFF, 0x0F, 0xFF, 0x0F, 0xFF, 0x0F, 0xFF, 0x0F, 0xFF, 0x0F, 0xFF, 0x0F, 0xFF, 0x0F, 0xFF, 0x0F, 0xFF, 0x0F, 0xFF, 0x0F, 0xFF, 0x0F, 
    0xFF, 0x0F, 0xFF, 0x0F, 0xAA, 0x0A, 0xDD, 0x2D, 0xFF, 0x0F, 0xFF, 0x0F, 0xFF, 0x2F, 0xFF, 0x0F, 0xCC, 0x5C, 0xEE, 0x7E, 0xDD, 0x5D, 0xFF, 0x2F, 0xDD, 0x7D, 0xFF, 0x4F, 0xCC, 0x5C, 0xFF, 0x4F, 
    0xFF, 0x0F, 0xFF, 0x0F, 0xFF, 0x0F, 0xCC, 0x5C, 0xFF, 0x0F, 0xFF, 0x0F, 0xFF, 0x9F, 0xFF, 0x0F, 0xDD, 0xFD, 0xEE, 0xCE, 0xFF, 0x0F, 0xFF, 0x0F, 0xFF, 0x2F, 0xFF, 0x0F, 0xFF, 0x0F, 0xFF, 0x0F, 
    0xDD, 0x5D, 0xFF, 0x2F, 0xDD, 0x5D, 0xFF, 0x2F, 0xCC, 0x5C, 0xFF, 0x4F, 0xCC, 0x5C, 0xFF, 0x4F, 0xDD, 0x5D, 0xFF, 0x2F, 0xDD, 0x5D, 0xFF, 0x2F, 0xCC, 0x5C, 0xFF, 0x4F, 0xCC, 0x5C, 0xFF, 0x4F, 
    0xFF, 0x0F, 0xFF, 0x0F, 0xFF, 0x0F, 0xFF, 0x0F, 0xFF, 0x0F, 0xFF, 0x0F, 0xFF, 0x0F, 0xFF, 0x0F, 0xFF, 0x0F, 0xFF, 0x0F, 0xFF, 0x0F, 0xFF, 0x0F, 0xFF, 0x0F, 0xFF, 0x0F, 0xFF, 0x0F, 0xFF, 0x0F, 
    0xFF, 0x0F, 0xFF, 0x0F, 0xFF, 0x0F, 0xFF, 0x0F, 0xFF, 0x0F, 0xFF, 0x0F, 0xFF, 0x0F, 0xFF, 0x0F, 0xFF, 0x0F, 0xFF, 0x0F, 0xFF, 0x0F, 0xFF, 0x0F, 0xFF, 0x0F, 0xFF, 0x0F, 0xFF, 0x0F, 0xFF, 0x0F, 
    0xFF, 0x0F, 0xFF, 0x0F, 0xFF, 0x0F, 0xFF, 0x0F, 0xFF, 0x0F, 0xFF, 0x0F, 0xFF, 0x0F, 0xFF, 0x0F, 0xFF, 0x0F, 0xFF, 0x0F, 0xFF, 0x0F, 0xFF, 0x0F, 0xFF, 0x0F, 0xFF, 0x0F, 0xFF, 0x0F, 0xFF, 0x0F, 
    0xFF, 0x0F, 0xFF, 0x0F, 0xFF, 0x0F, 0xFF, 0x0F, 0xFF, 0x0F, 0xFF, 0x0F, 0xFF, 0x0F, 0xFF, 0x0F, 0xFF, 0x0F, 0xFF, 0x0F, 0xFF, 0x0F, 0xFF, 0x0F, 0xFF, 0x0F, 0xFF, 0x0F, 0xFF, 0x0F, 0xFF, 0x0F, 
    0xFF, 0x0F, 0xFF, 0x0F, 0xFF, 0x0F, 0xFF, 0x0F, 0xFF, 0x0F, 0xFF, 0x0F, 0xFF, 0x0F, 0xFF, 0x0F, 0xFF, 0x0F, 0xFF, 0x0F, 0xFF, 0x0F, 0xFF, 0x0F, 0xFF, 0x0F, 0xFF, 0x0F, 0xFF, 0x0F, 0xFF, 0x0F, 
    0xDD, 0x5D, 0xFF, 0x2F, 0xCC, 0x5C, 0xDD, 0xAD, 0xCC, 0x5C, 0xFF, 0x4F, 0xEE, 0xCE, 0xFF, 0x4F, 0xFF, 0x0F, 0xFF, 0x0F, 0xFF, 0x0F, 0xFF, 0x0F, 0xFF, 0x0F, 0xFF, 0x0F, 0xFF, 0x0F, 0xFF, 0x0F, 
    0xFF, 0x0F, 0xFF, 0x0F, 0xFF, 0x0F, 0xFF, 0x0F, 0xFF, 0x0F, 0xFF, 0x0F, 0xFF, 0x0F, 0xFF, 0x0F, 0xFF, 0x0F, 0xFF, 0x0F, 0xFF, 0x0F, 0xFF, 0x0F, 0xFF, 0x0F, 0xFF, 0x0F, 0xFF, 0x0F, 0xFF, 0x0F, 
    0xFF, 0x0F, 0xFF, 0x0F, 0xFF, 0x0F, 0xFF, 0x0F, 0xFF, 0x0F, 0xFF, 0x0F, 0xFF, 0x0F, 0xFF, 0x0F, 0xFF, 0x0F, 0xFF, 0x0F, 0xFF, 0x0F, 0xFF, 0x0F, 0xFF, 0x0F, 0xFF, 0x0F, 0xFF, 0x0F, 0xFF, 0x0F, 
    0xFF, 0x0F, 0xFF, 0x0F, 0xFF, 0x0F, 0xFF, 0x0F, 0xFF, 0x0F, 0xFF, 0x0F, 0xFF, 0x0F, 0xFF, 0x0F, 0xFF, 0x0F, 0xFF, 0x0F, 0xFF, 0x0F, 0xFF, 0x0F, 0xFF, 0x0F, 0xFF, 0x0F, 0xFF, 0x0F, 0xFF, 0x0F, 
    0xFF, 0x0F, 0xFF, 0x0F, 0xFF, 0x0F, 0xFF, 0x0F, 0xFF, 0x0F, 0xFF, 0x0F, 0xFF, 0x0F, 0xFF, 0x0F, 0xFF, 0x0F, 0xFF, 0x0F, 0xFF, 0x0F, 0xFF, 0x0F, 0xFF, 0x0F, 0xFF, 0x0F, 0xFF, 0x0F, 0xFF, 0x0F, 
    0xFF, 0x0F, 0xFF, 0x0F, 0xFF, 0x0F, 0xFF, 0x0F, 0xFF, 0x0F, 0xFF, 0x0F, 0xFF, 0x0F, 0xFF, 0x0F, 0xFF, 0x0F, 0xFF, 0x0F, 0xFF, 0x0F, 0xFF, 0x0F, 0xFF, 0x0F, 0xFF, 0x0F, 0xFF, 0x0F, 0xFF, 0x0F, 
    0xFF, 0x0F, 0xFF, 0x0F, 0xFF, 0x0F, 0xFF, 0x0F, 0xFF, 0x0F, 0xFF, 0x0F, 0xFF, 0x0F, 0xFF, 0x0F, 0xFF, 0x0F, 0xFF, 0x0F, 0xFF, 0x0F, 0xFF, 0x0F, 0xFF, 0x0F, 0xFF, 0x0F, 0xFF, 0x0F, 0xFF, 0x0F, 
    0xFF, 0x0F, 0xFF, 0x0F, 0xFF, 0x0F, 0xFF, 0x0F, 0xFF, 0x0F, 0xFF, 0x0F, 0xFF, 0x0F, 0xFF, 0x0F, 0xFF, 0x0F, 0xFF, 0x0F, 0xFF, 0x0F, 0xFF, 0x0F, 0xFF, 0x0F, 0xFF, 0x0F, 0xFF, 0x0F, 0xFF, 0x0F, 
    0xFF, 0x0F, 0xFF, 0x0F, 0xFF, 0x0F, 0xFF, 0x0F, 0xFF, 0x0F, 0xFF, 0x0F, 0xFF, 0x0F, 0xFF, 0x0F, 0xFF, 0x0F, 0xFF, 0x0F, 0xFF, 0x0F, 0xFF, 0x0F, 0xFF, 0x0F, 0xFF, 0x0F, 0xFF, 0x0F, 0xFF, 0x0F, 
    0xFF, 0x0F, 0xFF, 0x0F, 0xFF, 0x0F, 0xFF, 0x0F, 0xFF, 0x0F, 0xFF, 0x0F, 0xFF, 0x0F, 0xFF, 0x0F, 0xFF, 0x0F, 0xFF, 0x0F, 0xFF, 0x0F, 0xFF, 0x0F, 0xFF, 0x0F, 0xFF, 0x0F, 0xFF, 0x0F, 0xFF, 0x0F, 
    0xFF, 0x0F, 0xFF, 0x0F, 0xFF, 0x0F, 0xFF, 0x0F, 0xFF, 0x0F, 0xFF, 0x0F, 0xFF, 0x0F, 0xFF, 0x0F, 0xFF, 0x0F, 0xFF, 0x0F, 0xFF, 0x0F, 0xFF, 0x0F, 0xFF, 0x0F, 0xFF, 0x0F, 0xFF, 0x0F, 0xFF, 0x0F, 
    0xFF, 0x0F, 0xFF, 0x0F, 0xFF, 0x0F, 0xFF, 0x0F, 0xFF, 0x0F, 0xFF, 0x0F, 0xFF, 0x0F, 0xFF, 0x0F, 0xFF, 0x0F, 0xFF, 0x0F, 0xFF, 0x0F, 0xFF, 0x0F, 0xFF, 0x0F, 0xFF, 0x0F, 0xFF, 0x0F, 0xFF, 0x0F, 
    0xFF, 0x0F, 0xFF, 0x0F, 0xFF, 0x0F, 0xFF, 0x0F, 0xFF, 0x0F, 0xFF, 0x0F, 0xFF, 0x0F, 0xFF, 0x0F, 0xFF, 0x0F, 0xFF, 0x0F, 0xFF, 0x0F, 0xFF, 0x0F, 0xFF, 0x0F, 0xFF, 0x0F, 0xFF, 0x0F, 0xFF, 0x0F, 
    0xFF, 0x0F, 0xFF, 0x0F, 0xFF, 0x0F, 0xFF, 0x0F, 0xFF, 0x0F, 0xFF, 0x0F, 0xFF, 0x0F, 0xFF, 0x0F, 0xFF, 0x0F, 0xFF, 0x0F, 0xFF, 0x0F, 0xFF, 0x0F, 0xFF, 0x0F, 0xFF, 0x0F, 0xFF, 0x0F, 0xFF, 0x0F, 
    0xFF, 0x0F, 0xFF, 0x0F, 0xFF, 0x0F, 0xFF, 0x0F, 0xFF, 0x0F, 0xFF, 0x0F, 0xFF, 0x0F, 0xFF, 0x0F, 0xFF, 0x0F, 0xFF, 0x0F, 0xFF, 0x0F, 0xFF, 0x0F, 0xFF, 0x0F, 0xFF, 0x0F, 0xFF, 0x0F, 0xFF, 0x0F, 
    0xFF, 0x0F, 0xFF, 0x0F, 0xFF, 0x0F, 0xFF, 0x0F, 0xFF, 0x0F, 0xFF, 0x0F, 0xFF, 0x0F, 0xFF, 0x0F, 0xFF, 0x0F, 0xFF, 0x0F, 0xFF, 0x0F, 0xFF, 0x0F, 0xFF, 0x0F, 0xFF, 0x0F, 0xFF, 0x0F, 0xFF, 0x0F, 
    0xFF, 0x0F, 0xFF, 0x0F, 0xFF, 0x0F, 0xFF, 0x0F, 0xFF, 0x0F, 0xFF, 0x0F, 0xFF, 0x0F, 0xFF, 0x0F, 0xFF, 0x0F, 0xFF, 0x0F, 0xFF, 0x0F, 0xFF, 0x0F, 0xFF, 0x0F, 0xFF, 0x0F, 0xFF, 0x0F, 0xFF, 0x0F, 
    0xFF, 0x0F, 0xFF, 0x0F, 0xFF, 0x0F, 0xFF, 0x0F, 0xFF, 0x0F, 0xFF, 0x0F, 0xFF, 0x0F, 0xFF, 0x0F, 0xFF, 0x0F, 0xFF, 0x0F, 0xFF, 0x0F, 0xFF, 0x0F, 0xFF, 0x0F, 0xFF, 0x0F, 0xFF, 0x0F, 0xFF, 0x0F, 
    0xFF, 0x0F, 0xFF, 0x0F, 0xFF, 0x0F, 0xFF, 0x0F, 0xFF, 0x0F, 0xFF, 0x0F, 0xFF, 0x0F, 0xFF, 0x0F, 0xFF, 0x0F, 0xFF, 0x0F, 0xFF, 0x0F, 0xFF, 0x0F, 0xFF, 0x0F, 0xFF, 0x0F, 0xFF, 0x0F, 0xFF, 0x0F, 
    0xFF, 0x0F, 0xFF, 0x0F, 0xFF, 0x0F, 0xFF, 0x0F, 0xFF, 0x0F, 0xFF, 0x0F, 0xFF, 0x0F, 0xFF, 0x0F, 0xFF, 0x0F, 0xFF, 0x0F, 0xFF, 0x0F, 0xFF, 0x0F, 0xFF, 0x0F, 0xFF, 0x0F, 0xFF, 0x0F, 0xFF, 0x0F, 
    0xFF, 0x0F, 0xFF, 0x0F, 0xFF, 0x0F, 0xFF, 0x0F, 0xFF, 0x0F, 0xFF, 0x0F, 0xFF, 0x0F, 0xFF, 0x0F, 0xFF, 0x0F, 0xFF, 0x0F, 0xFF, 0x0F, 0xFF, 0x0F, 0xFF, 0x0F, 0xFF, 0x0F, 0xFF, 0x0F, 0xFF, 0x0F, 
    0xFF, 0x0F, 0xFF, 0x0F, 0xFF, 0x0F, 0xFF, 0x0F, 0xFF, 0x0F, 0xFF, 0x0F, 0xFF, 0x0F, 0xFF, 0x0F, 0xFF, 0x0F, 0xFF, 0x0F, 0xFF, 0x0F, 0xFF, 0x0F, 0xFF, 0x0F, 0xFF, 0x0F, 0xFF, 0x0F, 0xFF, 0x0F, 
    0xFF, 0x0F, 0xFF, 0x0F, 0xFF, 0x0F, 0xFF, 0x0F, 0xFF, 0x0F, 0xFF, 0x0F, 0xFF, 0x0F, 0xFF, 0x0F, 0xFF, 0x0F, 0xFF, 0x0F, 0xFF, 0x0F, 0xFF, 0x0F, 0xFF, 0x0F, 0xFF, 0x0F, 0xFF, 0x0F, 0xFF, 0x0F, 
    0xFF, 0x0F, 0xFF, 0x0F, 0xFF, 0x0F, 0xFF, 0x0F, 0xFF, 0x0F, 0xFF, 0x0F, 0xFF, 0x0F, 0xFF, 0x0F, 0xFF, 0x0F, 0xFF, 0x0F, 0xFF, 0x0F, 0xFF, 0x0F, 0xFF, 0x0F, 0xFF, 0x0F, 0xFF, 0x0F, 0xFF, 0x0F, 
    0xFF, 0x0F, 0xFF, 0x0F, 0xFF, 0x0F, 0xFF, 0x0F, 0xFF, 0x0F, 0xFF, 0x0F, 0xFF, 0x0F, 0xFF, 0x0F, 0xFF, 0x0F, 0xFF, 0x0F, 0xFF, 0x0F, 0xFF, 0x0F, 0xFF, 0x0F, 0xFF, 0x0F, 0xFF, 0x0F, 0xFF, 0x0F, 
    0xFF, 0x0F, 0xFF, 0x0F, 0xFF, 0x0F, 0xFF, 0x0F, 0xFF, 0x0F, 0xFF, 0x0F, 0xFF, 0x0F, 0xFF, 0x0F, 0xFF, 0x0F, 0xFF, 0x0F, 0xFF, 0x0F, 0xFF, 0x0F, 0xFF, 0x0F, 0xFF, 0x0F, 0xFF, 0x0F, 0xFF, 0x0F, 
    0xFF, 0x0F, 0xFF, 0x0F, 0xFF, 0x0F, 0xFF, 0x0F, 0xFF, 0x0F, 0xFF, 0x0F, 0xFF, 0x0F, 0xFF, 0x0F, 0xFF, 0x0F, 0xFF, 0x0F, 0xFF, 0x0F, 0xFF, 0x0F, 0xFF, 0x0F, 0xFF, 0x0F, 0xFF, 0x0F, 0xFF, 0x0F, 
    0xFF, 0x0F, 0xFF, 0x0F, 0xFF, 0x0F, 0xFF, 0x0F, 0xFF, 0x0F, 0xFF, 0x0F, 0xFF, 0x0F, 0xFF, 0x0F, 0xFF, 0x0F, 0xFF, 0x0F, 0xFF, 0x0F, 0xFF, 0x0F, 0xFF, 0x0F, 0xFF, 0x0F, 0xFF, 0x0F, 0xFF, 0x0F, 
    0xFF, 0x0F, 0xFF, 0x0F, 0xFF, 0x0F, 0xFF, 0x0F, 0xFF, 0x0F, 0xFF, 0x0F, 0xFF, 0x0F, 0xFF, 0x0F, 0xFF, 0x0F, 0xFF, 0x0F, 0xFF, 0x0F, 0xFF, 0x0F, 0xFF, 0x0F, 0xFF, 0x0F, 0xFF, 0x0F, 0xFF, 0x0F, 
    0xFF, 0x0F, 0xFF, 0x0F, 0xFF, 0x0F, 0xFF, 0x0F, 0xFF, 0x0F, 0xFF, 0x0F, 0xFF, 0x0F, 0xFF, 0x0F, 0xFF, 0x0F, 0xFF, 0x0F, 0xFF, 0x0F, 0xFF, 0x0F, 0xFF, 0x0F, 0xFF, 0x0F, 0xFF, 0x0F, 0xFF, 0x0F, 
    0xFF, 0x0F, 0xFF, 0x0F, 0xFF, 0x0F, 0xFF, 0x0F, 0xFF, 0x0F, 0xFF, 0x0F, 0xFF, 0x0F, 0xFF, 0x0F, 0xFF, 0x0F, 0xFF, 0x0F, 0xFF, 0x0F, 0xFF, 0x0F, 0xFF, 0x0F, 0xFF, 0x0F, 0xFF, 0x0F, 0xFF, 0x0F, 
    0xFF, 0x0F, 0xFF, 0x0F, 0xFF, 0x0F, 0xFF, 0x0F, 0xFF, 0x0F, 0xFF, 0x0F, 0xFF, 0x0F, 0xFF, 0x0F, 0xFF, 0x0F, 0xFF, 0x0F, 0xFF, 0x0F, 0xFF, 0x0F, 0xFF, 0x0F, 0xFF, 0x0F, 0xFF, 0x0F, 0xFF, 0x0F, 
    0xFF, 0x0F, 0xFF, 0x0F, 0xFF, 0x0F, 0xFF, 0x0F, 0xFF, 0x0F, 0xFF, 0x0F, 0xFF, 0x0F, 0xFF, 0x0F, 0xFF, 0x0F, 0xFF, 0x0F, 0xFF, 0x0F, 0xFF, 0x0F, 0xFF, 0x0F, 0xFF, 0x0F, 0xFF, 0x0F, 0xFF, 0x0F, 
    0xFF, 0x0F, 0xFF, 0x0F, 0xFF, 0x0F, 0xFF, 0x0F, 0xFF, 0x0F, 0xFF, 0x0F, 0xFF, 0x0F, 0xFF, 0x0F, 0xFF, 0x0F, 0xFF, 0x0F, 0xFF, 0x0F, 0xFF, 0x0F, 0xFF, 0x0F, 0xFF, 0x0F, 0xFF, 0x0F, 0xFF, 0x0F, 
    0xFF, 0x0F, 0xFF, 0x0F, 0xFF, 0x0F, 0xFF, 0x0F, 0xFF, 0x0F, 0xFF, 0x0F, 0xFF, 0x0F, 0xFF, 0x0F, 0xFF, 0x0F, 0xFF, 0x0F, 0xFF, 0x0F, 0xFF, 0x0F, 0xFF, 0x0F, 0xFF, 0x0F, 0xFF, 0x0F, 0xFF, 0x0F, 
    0xFF, 0x0F, 0xFF, 0x0F, 0xFF, 0x0F, 0xFF, 0x0F, 0xFF, 0x0F, 0xFF, 0x0F, 0xFF, 0x0F, 0xFF, 0x0F, 0xFF, 0x0F, 0xFF, 0x0F, 0xFF, 0x0F, 0xFF, 0x0F, 0xFF, 0x0F, 0xFF, 0x0F, 0xFF, 0x0F, 0xFF, 0x0F, 
    0xFF, 0x0F, 0xFF, 0x0F, 0xFF, 0x0F, 0xFF, 0x0F, 0xFF, 0x0F, 0xFF, 0x0F, 0xFF, 0x0F, 0xFF, 0x0F, 0xFF, 0x0F, 0xFF, 0x0F, 0xFF, 0x0F, 0xFF, 0x0F, 0xFF, 0x0F, 0xFF, 0x0F, 0xFF, 0x0F, 0xFF, 0x0F, 
    0xFF, 0x0F, 0xFF, 0x0F, 0xFF, 0x0F, 0xFF, 0x0F, 0xFF, 0x0F, 0xFF, 0x0F, 0xFF, 0x0F, 0xFF, 0x0F, 0xFF, 0x0F, 0xFF, 0x0F, 0xFF, 0x0F, 0xFF, 0x0F, 0xFF, 0x0F, 0xFF, 0x0F, 0xFF, 0x0F, 0xFF, 0x0F, 
    0xFF, 0x0F, 0xFF, 0x0F, 0xFF, 0x0F, 0xFF, 0x0F, 0xFF, 0x0F, 0xFF, 0x0F, 0xFF, 0x0F, 0xFF, 0x0F, 0xFF, 0x0F, 0xFF, 0x0F, 0xFF, 0x0F, 0xFF, 0x0F, 0xFF, 0x0F, 0xFF, 0x0F, 0xFF, 0x0F, 0xFF, 0x0F, 
    0xFF, 0x0F, 0xFF, 0x0F, 0xFF, 0x0F, 0xFF, 0x0F, 0xFF, 0x0F, 0xFF, 0x0F, 0xFF, 0x0F, 0xFF, 0x0F, 0xFF, 0x0F, 0xFF, 0x0F, 0xFF, 0x0F, 0xFF, 0x0F, 0xFF, 0x0F, 0xFF, 0x0F, 0xFF, 0x0F, 0xFF, 0x0F, 
    0xFF, 0x0F, 0xFF, 0x0F, 0xFF, 0x0F, 0xFF, 0x0F, 0xFF, 0x0F, 0xFF, 0x0F, 0xFF, 0x0F, 0xFF, 0x0F, 0xFF, 0x0F, 0xFF, 0x0F, 0xFF, 0x0F, 0xFF, 0x0F, 0xFF, 0x0F, 0xFF, 0x0F, 0xFF, 0x0F, 0xFF, 0x0F, 
    0xFF, 0x0F, 0xFF, 0x0F, 0xFF, 0x0F, 0xFF, 0x0F, 0xFF, 0x0F, 0xFF, 0x0F, 0xFF, 0x0F, 0xFF, 0x0F, 0xDD, 0xCD, 0xDD, 0xCD, 0xDD, 0x2D, 0xDD, 0x2D, 0xEE, 0xCE, 0xFF, 0x2F, 0xFF, 0x2F, 0xFF, 0x0F, 
    0xFF, 0x0F, 0xFF, 0x0F, 0xFF, 0x0F, 0xFF, 0x0F, 0xFF, 0x0F, 0xFF, 0x0F, 0xFF, 0x0F, 0xFF, 0x0F, 0x88, 0x08, 0xEE, 0x7E, 0xAA, 0x0A, 0xDD, 0x8D, 0xFF, 0x2F, 0xFF, 0x0F, 0xDD, 0xCD, 0xEE, 0xCE, 
    0xFF, 0x0F, 0xFF, 0x0F, 0xFF, 0x0F, 0xFF, 0x0F, 0xFF, 0x0F, 0xFF, 0x0F, 0xFF, 0x0F, 0xFF, 0x0F, 0xFF, 0x0F, 0xFF, 0x0F, 0xFF, 0x0F, 0xFF, 0x0F, 0xFF, 0x0F, 0xFF, 0x0F, 0xFF, 0x0F, 0xAA, 0x0A, 
    0xFF, 0x0F, 0xFF, 0x0F, 0xFF, 0x0F, 0xFF, 0x0F, 0xFF, 0x0F, 0xFF, 0x0F, 0xFF, 0x0F, 0xFF, 0x0F, 0xFF, 0x0F, 0xFF, 0x0F, 0xDD, 0x8D, 0xDD, 0xFD, 0xFF, 0x0F, 0xFF, 0x0F, 0xDD, 0xED, 0xEE, 0x9E, 
    0xFF, 0x0F, 0xFF, 0x0F, 0xFF, 0x0F, 0xFF, 0x0F, 0xFF, 0x0F, 0xBB, 0x3B, 0xFF, 0x0F, 0xAA, 0x0A, 0xFF, 0x0F, 0xFF, 0x0F, 0xFF, 0x4F, 0xFF, 0x0F, 0xFF, 0x0F, 0xFF, 0x0F, 0xFF, 0x0F, 0xFF, 0x0F, 
    0xEE, 0xEE, 0xFF, 0x2F, 0xFF, 0x2F, 0xFF, 0x0F, 0x77, 0x17, 0xEE, 0xCE, 0x88, 0x08, 0xDD, 0xAD, 0xFF, 0x0F, 0xFF, 0x0F, 0xFF, 0x0F, 0x88, 0x08, 0x66, 0x16, 0xEE, 0xEE, 0xDD, 0xAD, 0xFF, 0x9F, 
    0xDD, 0xFD, 0xDD, 0xFD, 0xFF, 0x0F, 0xFF, 0x0F, 0xEE, 0xEE, 0xFF, 0x2F, 0xFF, 0x0F, 0xFF, 0x0F, 0xFF, 0x0F, 0xFF, 0x0F, 0xFF, 0x0F, 0xFF, 0x0F, 0xFF, 0x0F, 0xFF, 0x0F, 0xFF, 0x0F, 0xFF, 0x0F, 
    0xFF, 0x0F, 0xFF, 0x0F, 0xFF, 0x0F, 0xFF, 0x0F, 0xFF, 0x0F, 0xCC, 0x3C, 0xDD, 0x3D, 0xDD, 0xAD, 0x77, 0x17, 0xDD, 0xCD, 0xAA, 0x0A, 0xFF, 0x2F, 0xEE, 0xCE, 0xEE, 0x5E, 0xFF, 0x0F, 0xFF, 0x0F, 
    0xFF, 0x0F, 0xFF, 0x0F, 0xFF, 0x0F, 0xFF, 0x0F, 0xFF, 0x0F, 0xFF, 0x0F, 0xFF, 0x0F, 0xFF, 0x0F, 0xFF, 0x0F, 0xFF, 0x0F, 0xFF, 0x0F, 0xFF, 0x0F, 0xFF, 0x0F, 0xFF, 0x0F, 0xFF, 0x0F, 0xFF, 0x0F, 
    0xFF, 0x0F, 0xFF, 0x0F, 0xFF, 0x0F, 0xFF, 0x0F, 0xFF, 0x0F, 0xFF, 0x0F, 0xFF, 0x0F, 0xFF, 0x0F, 0xFF, 0x0F, 0xFF, 0x0F, 0xFF, 0x0F, 0xFF, 0x0F, 0xFF, 0x0F, 0xFF, 0x0F, 0xFF, 0x0F, 0xFF, 0x0F, 
    0xDD, 0xAD, 0xEE, 0xEE, 0xDD, 0xED, 0xEE, 0x9E, 0xFF, 0x2F, 0xFF, 0x0F, 0xFF, 0x0F, 0xFF, 0x0F, 0xFF, 0x0F, 0xFF, 0x0F, 0xFF, 0x0F, 0xFF, 0x0F, 0xFF, 0x0F, 0xFF, 0x0F, 0xFF, 0x0F, 0xFF, 0x0F, 
    0xAA, 0x0A, 0xCC, 0x8C, 0xAA, 0x0A, 0xDD, 0x8D, 0xEE, 0xBE, 0xFF, 0x0F, 0xFF, 0x7F, 0xFF, 0x0F, 0xFF, 0x0F, 0xFF, 0x0F, 0x88, 0x08, 0xDD, 0xAD, 0xFF, 0x0F, 0xFF, 0x0F, 0xFF, 0x9F, 0xFF, 0x0F, 
    0xFF, 0x0F, 0xFF, 0x0F, 0xFF, 0x0F, 0xFF, 0x0F, 0xFF, 0x0F, 0xFF, 0x0F, 0xFF, 0x0F, 0xFF, 0x0F, 0xFF, 0x0F, 0xFF, 0x0F, 0xFF, 0x0F, 0xFF, 0x0F, 0xFF, 0x0F, 0xFF, 0x0F, 0xFF, 0x0F, 0xFF, 0x0F, 
    0xFF, 0x0F, 0xFF, 0x0F, 0xFF, 0x0F, 0xFF, 0x0F, 0xFF, 0x0F, 0xFF, 0x0F, 0xFF, 0x0F, 0xFF, 0x0F, 0xFF, 0x0F, 0xFF, 0x0F, 0xFF, 0x0F, 0xFF, 0x0F, 0xFF, 0x0F, 0xFF, 0x0F, 0xFF, 0x0F, 0xFF, 0x0F, 
    0xFF, 0x0F, 0xFF, 0x0F, 0xFF, 0x0F, 0xFF, 0x0F, 0xFF, 0x0F, 0xFF, 0x0F, 0xFF, 0x0F, 0xFF, 0x0F, 0xFF, 0x0F, 0xFF, 0x0F, 0xFF, 0x0F, 0xFF, 0x0F, 0xFF, 0x0F, 0xFF, 0x0F, 0xFF, 0x0F, 0xFF, 0x0F, 
    0xFF, 0x0F, 0xFF, 0x0F, 0xFF, 0x0F, 0xFF, 0x0F, 0xFF, 0x0F, 0xFF, 0x0F, 0xFF, 0x0F, 0xFF, 0x0F, 0xFF, 0x0F, 0xFF, 0x0F, 0xAA, 0x0A, 0xCC, 0x5C, 0xFF, 0x0F, 0xFF, 0x0F, 0xDD, 0xCD, 0xDD, 0xFD, 
    0xFF, 0x4F, 0xFF, 0x0F, 0xFF, 0x7F, 0xFF, 0x0F, 0xFF, 0x0F, 0xFF, 0x0F, 0xFF, 0x0F, 0xBB, 0x3B, 0xFF, 0x4F, 0xFF, 0x0F, 0xFF, 0x0F, 0xFF, 0x0F, 0xAA, 0x0A, 0xDD, 0x7D, 0x77, 0x17, 0xEE, 0xCE, 
    0xCC, 0x5C, 0xEE, 0xCE, 0xEE, 0xCE, 0xFF, 0x0F, 0xFF, 0x2F, 0xFF, 0x0F, 0xFF, 0x0F, 0xAA, 0x0A, 0xFF, 0x4F, 0xAA, 0x0A, 0xFF, 0x0F, 0xBB, 0x3B, 0xCC, 0x8C, 0xDD, 0xED, 0xEE, 0xEE, 0xFF, 0x0F, 
    0xFF, 0x0F, 0xFF, 0x0F, 0xFF, 0x0F, 0xFF, 0x0F, 0xFF, 0x0F, 0xFF, 0x0F, 0xFF, 0x0F, 0xFF, 0x0F, 0xFF, 0x0F, 0xFF, 0x0F, 0xDD, 0xFD, 0xEE, 0xCE, 0xFF, 0x0F, 0xFF, 0x0F, 0xFF, 0x4F, 0xFF, 0x0F, 
    0xFF, 0x0F, 0xFF, 0x0F, 0xFF, 0x0F, 0xFF, 0x0F, 0xFF, 0x0F, 0xFF, 0x0F, 0xFF, 0x0F, 0xFF, 0x0F, 0xFF, 0x0F, 0xFF, 0x0F, 0xFF, 0x0F, 0xFF, 0x0F, 0xFF, 0x0F, 0xFF, 0x0F, 0xFF, 0x0F, 0xFF, 0x0F, 
    0xFF, 0x0F, 0xBB, 0x3B, 0xFF, 0x0F, 0xFF, 0x0F, 0xEE, 0xCE, 0xFF, 0x4F, 0x66, 0x16, 0xEE, 0xCE, 0xDD, 0xCD, 0xEE, 0x9E, 0xBB, 0x3B, 0xFF, 0x9F, 0xAA, 0x0A, 0xDD, 0x7D, 0xFF, 0x0F, 0xCC, 0x5C, 
    0xFF, 0x0F, 0xFF, 0x0F, 0xFF, 0x0F, 0xFF, 0x0F, 0xFF, 0x0F, 0xFF, 0x0F, 0xFF, 0x0F, 0xFF, 0x0F, 0xFF, 0x4F, 0xFF, 0x0F, 0xFF, 0x7F, 0xFF, 0x0F, 0xFF, 0x0F, 0xAA, 0x0A, 0xFF, 0x0F, 0x77, 0x17, 
    0xFF, 0x0F, 0xFF, 0x0F, 0xFF, 0x0F, 0xFF, 0x0F, 0x66, 0x16, 0xEE, 0xEE, 0x66, 0x16, 0xEE, 0xBE, 0xFF, 0x0F, 0xFF, 0x0F, 0xFF, 0x0F, 0xFF, 0x0F, 0x66, 0x16, 0xEE, 0xEE, 0x77, 0x17, 0xEE, 0xCE, 
    0xFF, 0x0F, 0xCC, 0x6C, 0xAA, 0x0A, 0xDD, 0x8D, 0xFF, 0x9F, 0xFF, 0x0F, 0xFF, 0x7F, 0xFF, 0x0F, 0xFF, 0x0F, 0xCC, 0x6C, 0xFF, 0x2F, 0x66, 0x16, 0xFF, 0x9F, 0x88, 0x08, 0xDD, 0xCD, 0xEE, 0xEE, 
    0xFF, 0x0F, 0xFF, 0x0F, 0xFF, 0x0F, 0xFF, 0x0F, 0xAA, 0x0A, 0xDD, 0x8D, 0xFF, 0x0F, 0x77, 0x17, 0xFF, 0x0F, 0xFF, 0x0F, 0xFF, 0x0F, 0xFF, 0x0F, 0xFF, 0x0F, 0xFF, 0x0F, 0xFF, 0x0F, 0xFF, 0x0F, 
    0xFF, 0x9F, 0xFF, 0x0F, 0xDD, 0xCD, 0xEE, 0x9E, 0xFF, 0x0F, 0xFF, 0x0F, 0xFF, 0x0F, 0xFF, 0x0F, 0x88, 0x08, 0xDD, 0xAD, 0xFF, 0x0F, 0xFF, 0x0F, 0xDD, 0xFD, 0xDD, 0xFD, 0xFF, 0x0F, 0xFF, 0x0F, 
    0xCC, 0x6C, 0xFF, 0x9F, 0xCC, 0x5C, 0xFF, 0x7F, 0xFF, 0x0F, 0xCC, 0x5C, 0xFF, 0x0F, 0xCC, 0x5C, 0xDD, 0xAD, 0xFF, 0x7F, 0xDD, 0x8D, 0xDD, 0xFD, 0x77, 0x17, 0xEE, 0xCE, 0xEE, 0xEE, 0xFF, 0x4F, 
    0xFF, 0x7F, 0xFF, 0x0F, 0xFF, 0x4F, 0xFF, 0x0F, 0xFF, 0x0F, 0xBB, 0x3B, 0xAA, 0x0A, 0xCC, 0x8C, 0xFF, 0x0F, 0xFF, 0x0F, 0xFF, 0x0F, 0xFF, 0x0F, 0x77, 0x17, 0xEE, 0xCE, 0xBB, 0x3B, 0xEE, 0xEE, 
    0xFF, 0x0F, 0xFF, 0x0F, 0xAA, 0x0A, 0xFF, 0x2F, 0xFF, 0x0F, 0xFF, 0x0F, 0xFF, 0x0F, 0xFF, 0x0F, 0xEE, 0xEE, 0xFF, 0x4F, 0xFF, 0x0F, 0xFF, 0x0F, 0xFF, 0x0F, 0xFF, 0x0F, 0xFF, 0x0F, 0xFF, 0x0F, 
    0xFF, 0x0F, 0xFF, 0x0F, 0xFF, 0x0F, 0xFF, 0x0F, 0xFF, 0x0F, 0xFF, 0x0F, 0xFF, 0x0F, 0xFF, 0x0F, 0xFF, 0x0F, 0xFF, 0x0F, 0xFF, 0x0F, 0xFF, 0x0F, 0xFF, 0x0F, 0xFF, 0x0F, 0xFF, 0x0F, 0xFF, 0x0F, 
    0xFF, 0x0F, 0xFF, 0x0F, 0xFF, 0x0F, 0xFF, 0x0F, 0xFF, 0x0F, 0xFF, 0x0F, 0xFF, 0x0F, 0xFF, 0x0F, 0x66, 0x16, 0xDD, 0xFD, 0xFF, 0x0F, 0xFF, 0x0F, 0xDD, 0xFD, 0xDD, 0xFD, 0xFF, 0x0F, 0xFF, 0x0F, 
    0xFF, 0x0F, 0xFF, 0x0F, 0xFF, 0x0F, 0xFF, 0x0F, 0xFF, 0x0F, 0xFF, 0x0F, 0xFF, 0x0F, 0xFF, 0x0F, 0xDD, 0xFD, 0xDD, 0xFD, 0x77, 0x17, 0xEE, 0xCE, 0xEE, 0xBE, 0xFF, 0x0F, 0xFF, 0x4F, 0xFF, 0x0F, 
    0xFF, 0x0F, 0xFF, 0x0F, 0xFF, 0x0F, 0xFF, 0x0F, 0xFF, 0x0F, 0xAA, 0x0A, 0xFF, 0x0F, 0xBB, 0x3B, 0xFF, 0x0F, 0xFF, 0x0F, 0xFF, 0x0F, 0xAA, 0x0A, 0x77, 0x17, 0xDD, 0xCD, 0xCC, 0x8C, 0xEE, 0xBE, 
    0xCC, 0x8C, 0xEE, 0xBE, 0xEE, 0xEE, 0xFF, 0x2F, 0xFF, 0x0F, 0xFF, 0x0F, 0xFF, 0x0F, 0xFF, 0x0F, 0xFF, 0x7F, 0xFF, 0x0F, 0xFF, 0x0F, 0xFF, 0x0F, 0xFF, 0x0F, 0xFF, 0x0F, 0xFF, 0x0F, 0xFF, 0x0F, 
    0xFF, 0x0F, 0xFF, 0x0F, 0x88, 0x08, 0xDD, 0x7D, 0xFF, 0x0F, 0xFF, 0x0F, 0xEE, 0x9E, 0xFF, 0x4F, 0x77, 0x17, 0xEE, 0xCE, 0x77, 0x17, 0xEE, 0xCE, 0xEE, 0x5E, 0xFF, 0x0F, 0xFF, 0x4F, 0xFF, 0x0F, 
    0xFF, 0x0F, 0xFF, 0x0F, 0xFF, 0x0F, 0xFF, 0x0F, 0xFF, 0x0F, 0xFF, 0x0F, 0xFF, 0x0F, 0xFF, 0x0F, 0xFF, 0x0F, 0xCC, 0x6C, 0xFF, 0x0F, 0x77, 0x17, 0xEE, 0xBE, 0xFF, 0x0F, 0xEE, 0xCE, 0xFF, 0x2F, 
    0x77, 0x17, 0xEE, 0xCE, 0x77, 0x17, 0xEE, 0xCE, 0xFF, 0x4F, 0xFF, 0x0F, 0xFF, 0x4F, 0xFF, 0x0F, 0x77, 0x17, 0xEE, 0xCE, 0x77, 0x17, 0xEE, 0xCE, 0xFF, 0x4F, 0xFF, 0x0F, 0xFF, 0x4F, 0xFF, 0x0F, 
    0xFF, 0x0F, 0xAA, 0x0A, 0xFF, 0x0F, 0xFF, 0x0F, 0xDD, 0x8D, 0xFF, 0x7F, 0xBB, 0x3B, 0xEE, 0xBE, 0xFF, 0x0F, 0xFF, 0x0F, 0xFF, 0x0F, 0xFF, 0x0F, 0x77, 0x17, 0xEE, 0xCE, 0xAA, 0x0A, 0xCC, 0x8C, 
    0xFF, 0x0F, 0xBB, 0x3B, 0x88, 0x08, 0xDD, 0xAD, 0xEE, 0xEE, 0xFF, 0x2F, 0xFF, 0x7F, 0xFF, 0x0F, 0xBB, 0x3B, 0xDD, 0xFD, 0xFF, 0x0F, 0xFF, 0x0F, 0xDD, 0xFD, 0xDD, 0xFD, 0xFF, 0x0F, 0xFF, 0x0F, 
    0xFF, 0x0F, 0xFF, 0x0F, 0xFF, 0x0F, 0xFF, 0x0F, 0xFF, 0x0F, 0xFF, 0x0F, 0xFF, 0x0F, 0xFF, 0x0F, 0xDD, 0xFD, 0xDD, 0xFD, 0xFF, 0x0F, 0xFF, 0x0F, 0xEE, 0xEE, 0xFF, 0x0F, 0xFF, 0x0F, 0xFF, 0x0F, 
    0xFF, 0x0F, 0xFF, 0x0F, 0xFF, 0x0F, 0xFF, 0x0F, 0xFF, 0x0F, 0xFF, 0x0F, 0xFF, 0x0F, 0xFF, 0x0F, 0xFF, 0x0F, 0xFF, 0x0F, 0xFF, 0x0F, 0xFF, 0x0F, 0xFF, 0x0F, 0xFF, 0x0F, 0xFF, 0x0F, 0xFF, 0x0F, 
    0xFF, 0x0F, 0xFF, 0x0F, 0xFF, 0x0F, 0xFF, 0x0F, 0xFF, 0x0F, 0xFF, 0x0F, 0xFF, 0x0F, 0xFF, 0x0F, 0xFF, 0x0F, 0xFF, 0x0F, 0xFF, 0x0F, 0xFF, 0x0F, 0xFF, 0x0F, 0xFF, 0x0F, 0xFF, 0x0F, 0xFF, 0x0F, 
    0x77, 0x17, 0xEE, 0xCE, 0x77, 0x17, 0xEE, 0xCE, 0xFF, 0x4F, 0xFF, 0x0F, 0xFF, 0x4F, 0xFF, 0x0F, 0x77, 0x17, 0xEE, 0xCE, 0x77, 0x17, 0xEE, 0xCE, 0xFF, 0x4F, 0xFF, 0x0F, 0xFF, 0x4F, 0xFF, 0x0F, 
    0xFF, 0x0F, 0xFF, 0x0F, 0xFF, 0x0F, 0xFF, 0x0F, 0xFF, 0x0F, 0xBB, 0x3B, 0xFF, 0x0F, 0x77, 0x17, 0xFF, 0x0F, 0xFF, 0x0F, 0xFF, 0x0F, 0xFF, 0x0F, 0xFF, 0x0F, 0xFF, 0x0F, 0xFF, 0x0F, 0xFF, 0x0F, 
    0x77, 0x17, 0xDD, 0xCD, 0xFF, 0x0F, 0xFF, 0x0F, 0xDD, 0xED, 0xFF, 0x7F, 0xFF, 0x0F, 0xFF, 0x0F, 0xFF, 0x0F, 0xFF, 0x0F, 0xFF, 0x0F, 0xFF, 0x0F, 0xFF, 0x0F, 0xFF, 0x0F, 0xFF, 0x0F, 0xFF, 0x0F, 
    0xFF, 0x0F, 0xFF, 0x0F, 0xFF, 0x0F, 0xFF, 0x0F, 0xFF, 0x0F, 0xFF, 0x0F, 0xFF, 0x0F, 0xFF, 0x0F, 0xFF, 0x0F, 0xFF, 0x0F, 0xFF, 0x0F, 0xFF, 0x0F, 0xFF, 0x0F, 0xFF, 0x0F, 0xFF, 0x0F, 0xFF, 0x0F, 
    0xFF, 0x0F, 0xFF, 0x0F, 0xFF, 0x0F, 0xFF, 0x0F, 0xFF, 0x0F, 0xFF, 0x0F, 0xAA, 0x0A, 0xDD, 0x7D, 0xFF, 0x0F, 0xFF, 0x0F, 0xFF, 0x0F, 0xFF, 0x0F, 0xFF, 0x0F, 0x88, 0x08, 0xFF, 0x0F, 0xAA, 0x0A, 
    0xFF, 0x0F, 0xFF, 0x0F, 0xDD, 0xAD, 0xFF, 0x7F, 0xFF, 0x0F, 0xFF, 0x0F, 0xFF, 0x0F, 0xFF, 0x0F, 0xCC, 0x8C, 0xFF, 0x9F, 0xCC, 0x8C, 0xFF, 0x9F, 0xFF, 0x0F, 0xFF, 0x0F, 0xFF, 0x0F, 0xFF, 0x0F, 
    0xFF, 0x0F, 0xFF, 0x0F, 0xFF, 0x0F, 0xFF, 0x0F, 0xFF, 0x0F, 0xAA, 0x0A, 0xFF, 0x0F, 0xAA, 0x0A, 0xFF, 0x2F, 0xFF, 0x0F, 0xFF, 0x9F, 0xFF, 0x0F, 0xFF, 0x0F, 0xAA, 0x0A, 0xFF, 0x0F, 0xAA, 0x0A, 
    0xCC, 0x8C, 0xFF, 0x9F, 0xCC, 0x8C, 0xFF, 0x9F, 0xFF, 0x0F, 0xAA, 0x0A, 0xFF, 0x0F, 0x66, 0x16, 0xCC, 0x8C, 0xFF, 0x9F, 0xCC, 0x8C, 0xFF, 0x9F, 0xFF, 0x0F, 0xCC, 0x3C, 0xFF, 0x0F, 0xFF, 0x0F, 
    0xFF, 0x0F, 0xFF, 0x0F, 0xFF, 0x0F, 0xFF, 0x0F, 0xFF, 0x0F, 0xFF, 0x0F, 0xFF, 0x0F, 0xFF, 0x0F, 0x77, 0x17, 0xDD, 0xCD, 0xBB, 0x3B, 0xDD, 0xFD, 0xFF, 0x7F, 0xFF, 0x0F, 0xEE, 0xBE, 0xFF, 0x0F, 
    0xFF, 0x0F, 0xFF, 0x0F, 0xFF, 0x0F, 0xFF, 0x0F, 0xFF, 0x0F, 0xFF, 0x0F, 0xFF, 0x0F, 0xFF, 0x0F, 0xFF, 0x0F, 0xFF, 0x0F, 0xFF, 0x0F, 0xFF, 0x0F, 0xFF, 0x0F, 0xFF, 0x0F, 0xFF, 0x0F, 0xFF, 0x0F, 
    0xDD, 0x8D, 0xDD, 0x7D, 0xEE, 0xEE, 0xDD, 0x2D, 0xEE, 0xCE, 0xFF, 0x2F, 0xCC, 0x8C, 0xFF, 0x9F, 0xEE, 0x7E, 0xFF, 0x0F, 0xFF, 0x0F, 0xFF, 0x0F, 0xCC, 0x3C, 0xEE, 0x7E, 0xFF, 0x0F, 0xFF, 0x0F, 
    0xFF, 0x0F, 0xFF, 0x0F, 0xFF, 0x0F, 0xFF, 0x0F, 0xFF, 0x0F, 0xFF, 0x0F, 0xFF, 0x0F, 0xFF, 0x0F, 0xFF, 0x0F, 0xFF, 0x0F, 0xFF, 0x0F, 0xFF, 0x0F, 0xFF, 0x0F, 0xFF, 0x0F, 0xFF, 0x0F, 0xFF, 0x0F, 
    0xEE, 0xEE, 0xFF, 0x0F, 0xEE, 0xCE, 0xFF, 0x4F, 0xFF, 0x0F, 0xAA, 0x0A, 0xFF, 0x0F, 0xAA, 0x0A, 0xCC, 0x6C, 0xFF, 0x9F, 0x66, 0x16, 0xEE, 0xEE, 0xFF, 0x0F, 0xAA, 0x0A, 0xFF, 0x0F, 0xAA, 0x0A, 
    0xCC, 0x8C, 0xFF, 0x9F, 0xCC, 0x8C, 0xFF, 0x9F, 0xFF, 0x0F, 0xFF, 0x0F, 0xFF, 0x0F, 0xFF, 0x0F, 0xCC, 0x8C, 0xFF, 0x9F, 0xCC, 0x8C, 0xFF, 0x9F, 0xFF, 0x0F, 0xFF, 0x0F, 0xFF, 0x0F, 0xFF, 0x0F, 
    0xFF, 0x0F, 0xFF, 0x0F, 0xFF, 0x0F, 0xFF, 0x0F, 0x88, 0x08, 0xDD, 0xAD, 0xFF, 0x0F, 0xFF, 0x0F, 0xFF, 0x0F, 0xFF, 0x0F, 0xFF, 0x0F, 0xFF, 0x0F, 0xFF, 0x0F, 0xFF, 0x0F, 0xFF, 0x0F, 0xFF, 0x0F, 
    0xDD, 0xFD, 0xFF, 0x9F, 0xFF, 0x0F, 0xFF, 0x0F, 0xFF, 0x0F, 0xFF, 0x0F, 0xFF, 0x0F, 0xFF, 0x0F, 0xFF, 0x0F, 0xFF, 0x0F, 0xFF, 0x0F, 0xFF, 0x0F, 0xFF, 0x0F, 0xFF, 0x0F, 0xFF, 0x0F, 0xFF, 0x0F, 
    0xFF, 0x0F, 0xFF, 0x0F, 0xFF, 0x0F, 0xFF, 0x0F, 0xFF, 0x0F, 0xFF, 0x0F, 0xFF, 0x0F, 0xFF, 0x0F, 0xFF, 0x0F, 0xFF, 0x0F, 0xFF, 0x0F, 0xFF, 0x0F, 0xFF, 0x0F, 0xFF, 0x0F, 0xFF, 0x0F, 0xFF, 0x0F, 
    0xFF, 0x0F, 0xFF, 0x0F, 0xFF, 0x0F, 0xFF, 0x0F, 0xFF, 0x0F, 0xFF, 0x0F, 0xFF, 0x0F, 0xFF, 0x0F, 0xFF, 0x0F, 0xFF, 0x0F, 0x88, 0x08, 0xDD, 0xAD, 0xFF, 0x0F, 0xFF, 0x0F, 0xDD, 0xFD, 0xDD, 0xFD, 
    0xFF, 0x0F, 0xFF, 0x0F, 0xFF, 0x0F, 0xFF, 0x0F, 0xFF, 0x0F, 0xFF, 0x0F, 0xFF, 0x0F, 0xFF, 0x0F, 0xFF, 0x0F, 0xFF, 0x0F, 0xFF, 0x0F, 0xFF, 0x0F, 0xFF, 0x0F, 0xFF, 0x0F, 0xFF, 0x0F, 0xFF, 0x0F, 
    0xFF, 0x0F, 0xFF, 0x0F, 0xFF, 0x0F, 0xFF, 0x0F, 0xFF, 0x0F, 0xFF, 0x0F, 0xFF, 0x0F, 0xFF, 0x0F, 0xFF, 0x0F, 0xFF, 0x0F, 0xFF, 0x0F, 0xFF, 0x0F, 0xFF, 0x0F, 0xFF, 0x0F, 0xFF, 0x0F, 0xFF, 0x0F, 
    0xFF, 0x0F, 0xFF, 0x0F, 0xFF, 0x0F, 0xFF, 0x0F, 0xFF, 0x0F, 0xFF, 0x0F, 0xFF, 0x0F, 0xFF, 0x0F, 0xFF, 0x0F, 0xFF, 0x0F, 0xAA, 0x0A, 0xCC, 0x8C, 0xFF, 0x0F, 0xFF, 0x0F, 0xEE, 0xBE, 0xFF, 0x0F, 
    0xFF, 0x0F, 0xFF, 0x0F, 0xFF, 0x0F, 0xFF, 0x0F, 0xFF, 0x0F, 0xFF, 0x0F, 0xFF, 0x0F, 0xFF, 0x0F, 0xFF, 0x0F, 0xFF, 0x0F, 0xFF, 0x0F, 0xFF, 0x0F, 0xFF, 0x0F, 0xFF, 0x0F, 0xFF, 0x0F, 0x88, 0x08, 
    0x77, 0x17, 0xDD, 0xCD, 0xBB, 0x3B, 0xDD, 0xED, 0xEE, 0xEE, 0xFF, 0x2F, 0xDD, 0xCD, 0xFF, 0x7F, 0xCC, 0x8C, 0xFF, 0x9F, 0xEE, 0xCE, 0xFF, 0x4F, 0xCC, 0x6C, 0xEE, 0xBE, 0x66, 0x16, 0xEE, 0xEE, 
    0xFF, 0x0F, 0xFF, 0x0F, 0xFF, 0x0F, 0xFF, 0x0F, 0xFF, 0x0F, 0x88, 0x08, 0xFF, 0x0F, 0x88, 0x08, 0xFF, 0x0F, 0xFF, 0x0F, 0xFF, 0x2F, 0xFF, 0x0F, 0xFF, 0x0F, 0x88, 0x08, 0xFF, 0x0F, 0x88, 0x08, 
    0xFF, 0x0F, 0xFF, 0x0F, 0xFF, 0x0F, 0xFF, 0x0F, 0xFF, 0x0F, 0xFF, 0x0F, 0xFF, 0x0F, 0xFF, 0x0F, 0xFF, 0x0F, 0xFF, 0x0F, 0xDD, 0xAD, 0xDD, 0xFD, 0xFF, 0x0F, 0xFF, 0x0F, 0xDD, 0xFD, 0xDD, 0xFD, 
    0xFF, 0x0F, 0xFF, 0x0F, 0xFF, 0x0F, 0xFF, 0x0F, 0xFF, 0x0F, 0xFF, 0x0F, 0xFF, 0x0F, 0xFF, 0x0F, 0xFF, 0x0F, 0xFF, 0x0F, 0xEE, 0xCE, 0xFF, 0x2F, 0xFF, 0x0F, 0xFF, 0x0F, 0xFF, 0x0F, 0xFF, 0x0F, 
    0xDD, 0xAD, 0xFF, 0x7F, 0xDD, 0xAD, 0xFF, 0x7F, 0xFF, 0x0F, 0xAA, 0x0A, 0xFF, 0x0F, 0xFF, 0x0F, 0xDD, 0xAD, 0xEE, 0x9E, 0xDD, 0xAD, 0xDD, 0xFD, 0xDD, 0x5D, 0xDD, 0x5D, 0xDD, 0xFD, 0xDD, 0xFD, 
    0xCC, 0x8C, 0xEE, 0xBE, 0xBB, 0x3B, 0xEE, 0xEE, 0xFF, 0x0F, 0xFF, 0x0F, 0xFF, 0x0F, 0xFF, 0x0F, 0xDD, 0xCD, 0xFF, 0x9F, 0xEE, 0xEE, 0xFF, 0x7F, 0xFF, 0x0F, 0xFF, 0x0F, 0xFF, 0x0F, 0xFF, 0x0F, 
    0xEE, 0xEE, 0xDD, 0x2D, 0xDD, 0xED, 0xDD, 0xCD, 0xCC, 0x3C, 0xDD, 0xCD, 0xDD, 0xCD, 0xDD, 0xCD, 0xFF, 0x4F, 0xFF, 0x0F, 0xFF, 0x0F, 0xFF, 0x0F, 0xFF, 0x0F, 0x66, 0x16, 0xFF, 0x0F, 0x88, 0x08, 
    0xFF, 0x7F, 0xFF, 0x0F, 0xEE, 0xBE, 0xFF, 0x0F, 0xFF, 0x0F, 0x88, 0x08, 0xFF, 0x0F, 0x88, 0x08, 0xEE, 0xEE, 0xFF, 0x2F, 0xDD, 0xAD, 0xFF, 0x7F, 0xFF, 0x0F, 0x88, 0x08, 0xFF, 0x0F, 0x88, 0x08, 
    0xFF, 0x0F, 0xFF, 0x0F, 0xFF, 0x0F, 0xFF, 0x0F, 0xFF, 0x0F, 0xFF, 0x0F, 0xFF, 0x0F, 0xFF, 0x0F, 0xFF, 0x0F, 0xFF, 0x0F, 0xFF, 0x0F, 0xFF, 0x0F, 0xFF, 0x0F, 0xFF, 0x0F, 0xFF, 0x0F, 0xFF, 0x0F, 
    0xFF, 0x0F, 0xFF, 0x0F, 0xFF, 0x0F, 0xFF, 0x0F, 0xFF, 0x0F, 0xFF, 0x0F, 0xFF, 0x0F, 0xFF, 0x0F, 0xFF, 0x0F, 0xFF, 0x0F, 0xFF, 0x0F, 0xFF, 0x0F, 0xFF, 0x0F, 0xFF, 0x0F, 0xFF, 0x0F, 0xFF, 0x0F, 
    0xDD, 0xAD, 0xFF, 0x7F, 0xDD, 0xAD, 0xFF, 0x7F, 0xFF, 0x0F, 0xFF, 0x0F, 0xFF, 0x0F, 0xFF, 0x0F, 0xDD, 0xAD, 0xFF, 0x7F, 0xDD, 0xAD, 0xDD, 0xFD, 0xFF, 0x0F, 0xFF, 0x0F, 0xDD, 0xFD, 0xDD, 0xFD, 
    0xBB, 0x3B, 0xEE, 0xEE, 0x88, 0x08, 0xDD, 0xAD, 0xFF, 0x4F, 0xFF, 0x0F, 0xFF, 0x7F, 0xFF, 0x0F, 0xBB, 0x3B, 0xEE, 0xEE, 0xEE, 0xEE, 0xFF, 0x7F, 0xFF, 0x4F, 0xFF, 0x0F, 0xFF, 0x0F, 0xFF, 0x0F, 
    0xFF, 0x0F, 0xFF, 0x0F, 0xFF, 0x0F, 0xFF, 0x0F, 0xFF, 0x0F, 0xFF, 0x0F, 0xFF, 0x0F, 0xFF, 0x0F, 0xFF, 0x0F, 0xFF, 0x0F, 0xFF, 0x0F, 0xFF, 0x0F, 0xFF, 0x0F, 0xFF, 0x0F, 0xFF, 0x0F, 0xFF, 0x0F, 
    0xFF, 0x0F, 0xFF, 0x0F, 0xFF, 0x0F, 0xFF, 0x0F, 0xFF, 0x0F, 0xFF, 0x0F, 0xFF, 0x0F, 0xFF, 0x0F, 0xFF, 0x0F, 0xFF, 0x0F, 0xFF, 0x0F, 0xFF, 0x0F, 0xFF, 0x0F, 0xFF, 0x0F, 0xFF, 0x0F, 0xFF, 0x0F, 
    0xFF, 0x0F, 0xFF, 0x0F, 0xFF, 0x0F, 0xFF, 0x0F, 0xFF, 0x0F, 0xFF, 0x0F, 0xFF, 0x0F, 0xFF, 0x0F, 0xFF, 0x0F, 0xFF, 0x0F, 0xFF, 0x0F, 0xAA, 0x0A, 0xFF, 0x0F, 0xFF, 0x0F, 0xDD, 0x8D, 0xDD, 0xFD, 
    0xFF, 0x0F, 0xFF, 0x0F, 0xFF, 0x0F, 0xFF, 0x0F, 0xFF, 0x0F, 0xFF, 0x0F, 0xFF, 0x0F, 0xFF, 0x0F, 0xFF, 0x0F, 0xFF, 0x0F, 0xDD, 0xFD, 0xEE, 0xCE, 0xFF, 0x0F, 0xFF, 0x0F, 0xFF, 0x2F, 0xFF, 0x0F, 
    0xFF, 0x0F, 0xCC, 0x6C, 0x77, 0x17, 0xEE, 0xCE, 0xEE, 0xEE, 0xFF, 0x2F, 0xFF, 0x4F, 0xFF, 0x0F, 0x66, 0x16, 0xEE, 0xEE, 0x66, 0x16, 0xEE, 0xEE, 0xFF, 0x2F, 0xFF, 0x0F, 0xFF, 0x2F, 0xFF, 0x0F, 
    0xAA, 0x0A, 0xCC, 0x5C, 0xFF, 0x0F, 0x88, 0x08, 0xEE, 0xEE, 0xFF, 0x2F, 0xDD, 0xAD, 0xFF, 0x4F, 0xFF, 0x0F, 0xFF, 0x0F, 0xFF, 0x0F, 0xFF, 0x0F, 0xFF, 0x0F, 0xFF, 0x0F, 0xFF, 0x0F, 0xFF, 0x0F, 
    0xFF, 0x0F, 0xFF, 0x0F, 0xFF, 0x0F, 0xFF, 0x0F, 0xFF, 0x0F, 0xFF, 0x0F, 0xFF, 0x0F, 0xFF, 0x0F, 0xFF, 0x0F, 0xFF, 0x0F, 0xFF, 0x0F, 0xFF, 0x0F, 0xFF, 0x0F, 0xFF, 0x0F, 0xFF, 0x0F, 0xFF, 0x0F, 
    0xFF, 0x0F, 0xFF, 0x0F, 0xFF, 0x0F, 0xFF, 0x0F, 0xFF, 0x0F, 0xFF, 0x0F, 0xFF, 0x0F, 0xFF, 0x0F, 0xFF, 0x0F, 0xFF, 0x0F, 0xFF, 0x0F, 0xFF, 0x0F, 0xFF, 0x0F, 0xFF, 0x0F, 0xFF, 0x0F, 0xFF, 0x0F, 
    0xFF, 0x0F, 0xFF, 0x0F, 0xFF, 0x0F, 0xFF, 0x0F, 0xFF, 0x0F, 0xFF, 0x0F, 0xFF, 0x0F, 0xFF, 0x0F, 0xFF, 0x0F, 0xFF, 0x0F, 0xFF, 0x0F, 0xFF, 0x0F, 0xFF, 0x0F, 0xFF, 0x0F, 0xFF, 0x0F, 0xFF, 0x0F, 
    0xFF, 0x0F, 0xFF, 0x0F, 0xFF, 0x0F, 0xFF, 0x0F, 0xFF, 0x0F, 0xFF, 0x0F, 0xFF, 0x0F, 0xFF, 0x0F, 0xFF, 0x0F, 0xFF, 0x0F, 0xFF, 0x0F, 0xFF, 0x0F, 0xFF, 0x0F, 0xFF, 0x0F, 0xFF, 0x0F, 0xFF, 0x0F, 
    0x66, 0x16, 0xEE, 0xEE, 0x77, 0x17, 0xEE, 0xCE, 0xFF, 0x2F, 0xFF, 0x0F, 0xFF, 0x4F, 0xFF, 0x0F, 0xFF, 0x0F, 0xCC, 0x6C, 0xFF, 0x0F, 0xAA, 0x0A, 0xEE, 0xEE, 0xFF, 0x2F, 0xDD, 0x8D, 0xDD, 0xFD, 
    0xFF, 0x0F, 0xFF, 0x0F, 0xFF, 0x0F, 0x88, 0x08, 0xFF, 0x0F, 0xFF, 0x0F, 0xDD, 0xAD, 0xFF, 0x4F, 0xAA, 0x0A, 0xCC, 0x5C, 0xDD, 0xFD, 0xEE, 0xCE, 0xEE, 0xEE, 0xFF, 0x2F, 0xFF, 0x2F, 0xFF, 0x0F, 
    0xFF, 0x0F, 0xFF, 0x0F, 0xFF, 0x0F, 0xFF, 0x0F, 0xFF, 0x0F, 0xFF, 0x0F, 0xFF, 0x0F, 0xFF, 0x0F, 0xFF, 0x0F, 0xFF, 0x0F, 0xFF, 0x0F, 0xFF, 0x0F, 0xFF, 0x0F, 0xFF, 0x0F, 0xFF, 0x0F, 0xFF, 0x0F, 
    0xFF, 0x0F, 0xFF, 0x0F, 0xFF, 0x0F, 0xFF, 0x0F, 0xFF, 0x0F, 0xFF, 0x0F, 0xFF, 0x0F, 0xFF, 0x0F, 0xFF, 0x0F, 0xFF, 0x0F, 0xFF, 0x0F, 0xFF, 0x0F, 0xFF, 0x0F, 0xFF, 0x0F, 0xFF, 0x0F, 0xFF, 0x0F, 
    0xFF, 0x0F, 0xFF, 0x0F, 0xFF, 0x0F, 0xFF, 0x0F, 0xFF, 0x0F, 0xFF, 0x0F, 0xFF, 0x0F, 0xFF, 0x0F, 0xFF, 0x0F, 0xFF, 0x0F, 0xFF, 0x0F, 0xFF, 0x0F, 0xFF, 0x0F, 0xFF, 0x0F, 0xFF, 0x0F, 0xFF, 0x0F, 
    0xFF, 0x0F, 0xFF, 0x0F, 0xFF, 0x0F, 0xFF, 0x0F, 0xFF, 0x0F, 0xFF, 0x0F, 0xFF, 0x0F, 0xFF, 0x0F, 0xFF, 0x0F, 0xFF, 0x0F, 0xFF, 0x0F, 0xFF, 0x0F, 0xFF, 0x0F, 0xFF, 0x0F, 0xFF, 0x0F, 0xFF, 0x0F, 
    0xFF, 0x0F, 0xFF, 0x0F, 0xFF, 0x0F, 0xFF, 0x0F, 0xFF, 0x0F, 0xFF, 0x0F, 0xFF, 0x0F, 0xFF, 0x0F, 0xFF, 0x0F, 0xFF, 0x0F, 0xFF, 0x0F, 0xFF, 0x0F, 0xFF, 0x0F, 0xFF, 0x0F, 0xFF, 0x0F, 0xFF, 0x0F, 
    0xFF, 0x0F, 0xFF, 0x0F, 0xFF, 0x0F, 0xFF, 0x0F, 0xFF, 0x0F, 0xFF, 0x0F, 0xFF, 0x0F, 0xFF, 0x0F, 0xFF, 0x0F, 0xFF, 0x0F, 0xFF, 0x0F, 0xFF, 0x0F, 0xFF, 0x0F, 0xFF, 0x0F, 0xFF, 0x0F, 0xFF, 0x0F, 
    0xFF, 0x0F, 0xFF, 0x0F, 0xFF, 0x0F, 0xFF, 0x0F, 0xFF, 0x0F, 0xFF, 0x0F, 0xFF, 0x0F, 0xFF, 0x0F, 0xFF, 0x0F, 0xFF, 0x0F, 0xFF, 0x0F, 0xFF, 0x0F, 0xFF, 0x0F, 0xFF, 0x0F, 0xFF, 0x0F, 0xFF, 0x0F, 
    0xFF, 0x0F, 0xFF, 0x0F, 0x88, 0x08, 0xDD, 0xAD, 0xFF, 0x0F, 0xFF, 0x0F, 0xFF, 0x7F, 0xFF, 0x0F, 0xFF, 0x0F, 0x88, 0x08, 0xFF, 0x0F, 0xFF, 0x0F, 0xEE, 0x7E, 0xFF, 0x0F, 0xFF, 0x0F, 0xFF, 0x0F, 
    0xFF, 0x0F, 0xFF, 0x0F, 0xFF, 0x0F, 0xFF, 0x0F, 0xFF, 0x0F, 0xFF, 0x0F, 0xFF, 0x0F, 0xFF, 0x0F, 0xFF, 0x0F, 0xFF, 0x0F, 0xFF, 0x0F, 0xFF, 0x0F, 0xFF, 0x0F, 0xFF, 0x0F, 0xFF, 0x0F, 0xFF, 0x0F, 
    0xFF, 0x0F, 0xFF, 0x0F, 0xFF, 0x0F, 0xFF, 0x0F, 0xFF, 0x0F, 0xFF, 0x0F, 0xFF, 0x0F, 0xFF, 0x0F, 0xFF, 0x0F, 0xFF, 0x0F, 0xFF, 0x0F, 0xFF, 0x0F, 0xFF, 0x0F, 0xFF, 0x0F, 0xFF, 0x0F, 0xFF, 0x0F, 
    0xFF, 0x0F, 0xFF, 0x0F, 0xFF, 0x0F, 0xFF, 0x0F, 0xFF, 0x0F, 0xFF, 0x0F, 0xFF, 0x0F, 0xFF, 0x0F, 0xFF, 0x0F, 0xFF, 0x0F, 0xFF, 0x0F, 0xFF, 0x0F, 0xFF, 0x0F, 0xFF, 0x0F, 0xFF, 0x0F, 0xFF, 0x0F, 
    0xFF, 0x0F, 0xFF, 0x0F, 0xFF, 0x0F, 0xFF, 0x0F, 0xFF, 0x0F, 0xFF, 0x0F, 0xFF, 0x0F, 0x77, 0x17, 0xFF, 0x0F, 0xFF, 0x0F, 0xFF, 0x0F, 0xFF, 0x0F, 0xFF, 0x0F, 0x77, 0x17, 0xFF, 0x0F, 0x77, 0x17, 
    0xFF, 0x0F, 0x66, 0x16, 0x88, 0x08, 0xDD, 0xAD, 0xDD, 0xCD, 0xDD, 0xFD, 0xFF, 0x7F, 0xFF, 0x0F, 0xFF, 0x0F, 0xFF, 0x0F, 0xFF, 0x0F, 0xCC, 0x5C, 0xFF, 0x0F, 0xFF, 0x0F, 0xDD, 0xFD, 0xDD, 0xFD, 
    0xEE, 0xEE, 0xFF, 0x4F, 0xCC, 0x6C, 0xEE, 0xEE, 0xFF, 0x0F, 0x77, 0x17, 0xFF, 0x0F, 0x77, 0x17, 0x66, 0x16, 0xEE, 0xEE, 0xDD, 0xFD, 0xEE, 0xEE, 0xFF, 0x2F, 0x77, 0x17, 0xFF, 0x2F, 0x77, 0x17, 
    0xFF, 0x0F, 0xFF, 0x0F, 0xFF, 0x0F, 0xFF, 0x0F, 0xFF, 0x0F, 0xFF, 0x0F, 0xFF, 0x0F, 0xFF, 0x0F, 0xFF, 0x0F, 0xFF, 0x0F, 0xDD, 0xFD, 0xDD, 0xFD, 0xFF, 0x0F, 0xFF, 0x0F, 0xEE, 0xBE, 0xFF, 0x0F, 
    0xFF, 0x0F, 0xFF, 0x0F, 0xFF, 0x0F, 0xFF, 0x0F, 0xFF, 0x0F, 0xFF, 0x0F, 0xFF, 0x0F, 0xFF, 0x0F, 0xFF, 0x0F, 0xFF, 0x0F, 0xFF, 0x0F, 0xFF, 0x0F, 0xFF, 0x0F, 0xFF, 0x0F, 0xFF, 0x0F, 0xFF, 0x0F, 
    0xFF, 0x0F, 0xFF, 0x0F, 0xFF, 0x0F, 0xFF, 0x0F, 0xFF, 0x0F, 0xFF, 0x0F, 0xFF, 0x0F, 0xFF, 0x0F, 0xFF, 0x0F, 0xFF, 0x0F, 0xFF, 0x0F, 0xFF, 0x0F, 0xFF, 0x0F, 0xFF, 0x0F, 0xFF, 0x0F, 0xFF, 0x0F, 
    0xFF, 0x0F, 0xFF, 0x0F, 0xFF, 0x0F, 0xFF, 0x0F, 0xFF, 0x0F, 0xFF, 0x0F, 0xFF, 0x0F, 0xFF, 0x0F, 0xFF, 0x0F, 0xFF, 0x0F, 0xFF, 0x0F, 0xFF, 0x0F, 0xFF, 0x0F, 0xFF, 0x0F, 0xFF, 0x0F, 0xFF, 0x0F, 
    0x66, 0x16, 0xEE, 0xEE, 0x66, 0x16, 0xEE, 0xEE, 0xFF, 0x4F, 0xFF, 0x0F, 0xFF, 0x2F, 0xAA, 0x0A, 0xAA, 0x0A, 0xDD, 0x8D, 0xFF, 0x0F, 0xFF, 0x0F, 0xDD, 0xFD, 0xEE, 0xEE, 0xFF, 0x0F, 0xFF, 0x0F, 
    0x66, 0x16, 0xEE, 0xEE, 0xCC, 0x8C, 0xEE, 0xEE, 0xFF, 0x2F, 0x77, 0x17, 0xFF, 0x2F, 0x77, 0x17, 0xDD, 0x7D, 0xEE, 0xEE, 0xFF, 0x0F, 0xFF, 0x0F, 0xFF, 0x2F, 0x77, 0x17, 0xFF, 0x0F, 0xFF, 0x0F, 
    0xFF, 0x0F, 0xFF, 0x0F, 0xFF, 0x0F, 0xFF, 0x0F, 0xFF, 0x0F, 0xFF, 0x0F, 0xFF, 0x0F, 0xFF, 0x0F, 0xFF, 0x0F, 0xFF, 0x0F, 0xFF, 0x0F, 0xFF, 0x0F, 0xFF, 0x0F, 0xFF, 0x0F, 0xFF, 0x0F, 0xFF, 0x0F, 
    0xFF, 0x0F, 0xFF, 0x0F, 0xFF, 0x0F, 0xFF, 0x0F, 0xFF, 0x0F, 0xFF, 0x0F, 0xFF, 0x0F, 0xFF, 0x0F, 0xFF, 0x0F, 0xFF, 0x0F, 0xFF, 0x0F, 0xFF, 0x0F, 0xFF, 0x0F, 0xFF, 0x0F, 0xFF, 0x0F, 0xFF, 0x0F, 
    0xFF, 0x0F, 0xFF, 0x0F, 0xEE, 0xCE, 0xFF, 0x4F, 0xFF, 0x0F, 0xFF, 0x0F, 0xFF, 0x0F, 0xFF, 0x0F, 0xEE, 0xCE, 0xFF, 0x4F, 0xEE, 0xCE, 0xFF, 0x4F, 0xFF, 0x0F, 0xFF, 0x0F, 0xFF, 0x0F, 0xFF, 0x0F, 
    0xFF, 0x0F, 0xFF, 0x0F, 0xFF, 0x0F, 0xFF, 0x0F, 0xFF, 0x0F, 0xFF, 0x0F, 0xFF, 0x0F, 0xFF, 0x0F, 0xFF, 0x0F, 0xFF, 0x0F, 0xFF, 0x0F, 0xFF, 0x0F, 0xFF, 0x0F, 0xFF, 0x0F, 0xFF, 0x0F, 0xFF, 0x0F, 
    0xEE, 0xCE, 0xDD, 0xAD, 0xDD, 0xCD, 0xEE, 0x9E, 0xDD, 0xFD, 0xEE, 0xEE, 0xFF, 0x0F, 0xBB, 0x3B, 0xEE, 0xCE, 0xFF, 0x4F, 0xEE, 0xCE, 0xFF, 0x4F, 0xFF, 0x0F, 0x88, 0x08, 0xFF, 0x0F, 0xAA, 0x0A, 
    0xFF, 0x7F, 0xFF, 0x0F, 0xEE, 0xEE, 0xFF, 0x2F, 0xFF, 0x0F, 0xFF, 0x0F, 0xFF, 0x0F, 0x88, 0x08, 0xDD, 0xAD, 0xFF, 0x7F, 0xDD, 0x8D, 0xFF, 0x7F, 0xFF, 0x0F, 0x66, 0x16, 0xFF, 0x0F, 0xBB, 0x3B, 
    0xFF, 0x0F, 0xFF, 0x0F, 0xFF, 0x0F, 0xFF, 0x0F, 0xFF, 0x0F, 0xFF, 0x0F, 0xFF, 0x0F, 0xFF, 0x0F, 0xFF, 0x0F, 0xFF, 0x0F, 0xFF, 0x0F, 0xFF, 0x0F, 0xFF, 0x0F, 0xFF, 0x0F, 0xFF, 0x0F, 0xFF, 0x0F, 
    0xFF, 0x0F, 0xFF, 0x0F, 0xFF, 0x0F, 0xFF, 0x0F, 0xFF, 0x0F, 0xFF, 0x0F, 0xFF, 0x0F, 0xFF, 0x0F, 0xFF, 0x0F, 0xFF, 0x0F, 0xFF, 0x0F, 0xFF, 0x0F, 0xFF, 0x0F, 0xFF, 0x0F, 0xFF, 0x0F, 0xFF, 0x0F, 
    0x77, 0x17, 0xDD, 0xCD, 0xDD, 0xAD, 0xFF, 0x7F, 0xDD, 0xFD, 0xEE, 0xCE, 0xFF, 0x0F, 0xCC, 0x6C, 0xEE, 0xEE, 0xFF, 0x2F, 0xEE, 0xEE, 0xFF, 0x0F, 0xFF, 0x0F, 0xAA, 0x0A, 0xFF, 0x0F, 0xFF, 0x0F, 
    0xFF, 0x2F, 0xFF, 0x0F, 0xEE, 0xEE, 0xFF, 0x0F, 0xFF, 0x0F, 0xFF, 0x0F, 0xFF, 0x0F, 0xFF, 0x0F, 0xEE, 0x5E, 0xFF, 0x0F, 0xFF, 0x0F, 0xFF, 0x0F, 0xFF, 0x0F, 0xFF, 0x0F, 0xFF, 0x0F, 0xFF, 0x0F, 
    0xEE, 0xCE, 0xFF, 0x4F, 0xDD, 0xCD, 0xEE, 0x9E, 0xFF, 0x0F, 0x88, 0x08, 0xFF, 0x0F, 0xBB, 0x3B, 0xEE, 0xCE, 0xDD, 0x8D, 0xFF, 0x0F, 0xFF, 0x0F, 0xDD, 0xFD, 0xDD, 0xED, 0xFF, 0x0F, 0xFF, 0x0F, 
    0xDD, 0xAD, 0xFF, 0x7F, 0xEE, 0xEE, 0xFF, 0x4F, 0xFF, 0x0F, 0x66, 0x16, 0xFF, 0x0F, 0x88, 0x08, 0xFF, 0x7F, 0xFF, 0x0F, 0xFF, 0x0F, 0xFF, 0x0F, 0xFF, 0x0F, 0xFF, 0x0F, 0xFF, 0x0F, 0xFF, 0x0F, 
    0xFF, 0x0F, 0xFF, 0x0F, 0xFF, 0x0F, 0xFF, 0x0F, 0xFF, 0x0F, 0xFF, 0x0F, 0xFF, 0x0F, 0xFF, 0x0F, 0xFF, 0x0F, 0xFF, 0x0F, 0xFF, 0x0F, 0xFF, 0x0F, 0xFF, 0x0F, 0xFF, 0x0F, 0xFF, 0x0F, 0xFF, 0x0F, 
    0xFF, 0x0F, 0xFF, 0x0F, 0xFF, 0x0F, 0xFF, 0x0F, 0xFF, 0x0F, 0xFF, 0x0F, 0xFF, 0x0F, 0xFF, 0x0F, 0xFF, 0x0F, 0xFF, 0x0F, 0xFF, 0x0F, 0xFF, 0x0F, 0xFF, 0x0F, 0xFF, 0x0F, 0xFF, 0x0F, 0xFF, 0x0F, 
    0xEE, 0xEE, 0xFF, 0x2F, 0xDD, 0xAD, 0xFF, 0x7F, 0xFF, 0x0F, 0xFF, 0x0F, 0xFF, 0x0F, 0xCC, 0x5C, 0x66, 0x16, 0xDD, 0xCD, 0xFF, 0x0F, 0xFF, 0x0F, 0xDD, 0xFD, 0xEE, 0xCE, 0xFF, 0x0F, 0xFF, 0x0F, 
    0xFF, 0x2F, 0xFF, 0x0F, 0xEE, 0xEE, 0xFF, 0x0F, 0xFF, 0x0F, 0xFF, 0x0F, 0xFF, 0x0F, 0xFF, 0x0F, 0xFF, 0x2F, 0xFF, 0x0F, 0xFF, 0x0F, 0xFF, 0x0F, 0xFF, 0x0F, 0xFF, 0x0F, 0xFF, 0x0F, 0xFF, 0x0F, 
    0xFF, 0x0F, 0xFF, 0x0F, 0xFF, 0x0F, 0xFF, 0x0F, 0xFF, 0x0F, 0xFF, 0x0F, 0xFF, 0x0F, 0xFF, 0x0F, 0xFF, 0x0F, 0xFF, 0x0F, 0xFF, 0x0F, 0xFF, 0x0F, 0xFF, 0x0F, 0xFF, 0x0F, 0xFF, 0x0F, 0xFF, 0x0F, 
    0xFF, 0x0F, 0xFF, 0x0F, 0xFF, 0x0F, 0xFF, 0x0F, 0xFF, 0x0F, 0xFF, 0x0F, 0xFF, 0x0F, 0xFF, 0x0F, 0xFF, 0x0F, 0xFF, 0x0F, 0xFF, 0x0F, 0xFF, 0x0F, 0xFF, 0x0F, 0xFF, 0x0F, 0xFF, 0x0F, 0xFF, 0x0F, 
    0xFF, 0x0F, 0xFF, 0x0F, 0xFF, 0x0F, 0xFF, 0x0F, 0xFF, 0x0F, 0xFF, 0x0F, 0xFF, 0x0F, 0xFF, 0x0F, 0xFF, 0x0F, 0xFF, 0x0F, 0xFF, 0x0F, 0xFF, 0x0F, 0xFF, 0x0F, 0xFF, 0x0F, 0xFF, 0x0F, 0xFF, 0x0F, 
    0xFF, 0x0F, 0xFF, 0x0F, 0xFF, 0x0F, 0xFF, 0x0F, 0xFF, 0x0F, 0xFF, 0x0F, 0xFF, 0x0F, 0xFF, 0x0F, 0xFF, 0x0F, 0xFF, 0x0F, 0xFF, 0x0F, 0xFF, 0x0F, 0xFF, 0x0F, 0xFF, 0x0F, 0xFF, 0x0F, 0xFF, 0x0F, 
    0xFF, 0x0F, 0xFF, 0x0F, 0xFF, 0x0F, 0xFF, 0x0F, 0xFF, 0x0F, 0xFF, 0x0F, 0xFF, 0x0F, 0xFF, 0x0F, 0xFF, 0x0F, 0xFF, 0x0F, 0xFF, 0x0F, 0xFF, 0x0F, 0xFF, 0x0F, 0xFF, 0x0F, 0xFF, 0x0F, 0xFF, 0x0F, 
    0xFF, 0x0F, 0xFF, 0x0F, 0xFF, 0x0F, 0xFF, 0x0F, 0xFF, 0x0F, 0xFF, 0x0F, 0xFF, 0x0F, 0xFF, 0x0F, 0xFF, 0x0F, 0xFF, 0x0F, 0xFF, 0x0F, 0xFF, 0x0F, 0xFF, 0x0F, 0xFF, 0x0F, 0xFF, 0x0F, 0xFF, 0x0F, 
    0xFF, 0x0F, 0xFF, 0x0F, 0xFF, 0x0F, 0xFF, 0x0F, 0xFF, 0x0F, 0xFF, 0x0F, 0xFF, 0x0F, 0xFF, 0x0F, 0xFF, 0x0F, 0xFF, 0x0F, 0xFF, 0x0F, 0xFF, 0x0F, 0xFF, 0x0F, 0xFF, 0x0F, 0xFF, 0x0F, 0xFF, 0x0F, 
    0xFF, 0x0F, 0xFF, 0x0F, 0xFF, 0x0F, 0xFF, 0x0F, 0xFF, 0x0F, 0xFF, 0x0F, 0xFF, 0x0F, 0xFF, 0x0F, 0xFF, 0x0F, 0xFF, 0x0F, 0xFF, 0x0F, 0xFF, 0x0F, 0xFF, 0x0F, 0xFF, 0x0F, 0xFF, 0x0F, 0xFF, 0x0F, 
    0xFF, 0x0F, 0xFF, 0x0F, 0xFF, 0x0F, 0xFF, 0x0F, 0xFF, 0x0F, 0xFF, 0x0F, 0xFF, 0x0F, 0xFF, 0x0F, 0xFF, 0x0F, 0xFF, 0x0F, 0xFF, 0x0F, 0xFF, 0x0F, 0xFF, 0x0F, 0xFF, 0x0F, 0xFF, 0x0F, 0xFF, 0x0F, 
    0xFF, 0x0F, 0xFF, 0x0F, 0xFF, 0x0F, 0xFF, 0x0F, 0xFF, 0x0F, 0xFF, 0x0F, 0xFF, 0x0F, 0xFF, 0x0F, 0xFF, 0x0F, 0xFF, 0x0F, 0xFF, 0x0F, 0xFF, 0x0F, 0xFF, 0x0F, 0xFF, 0x0F, 0xFF, 0x0F, 0xFF, 0x0F, 
    0xFF, 0x0F, 0xFF, 0x0F, 0xFF, 0x0F, 0xFF, 0x0F, 0xFF, 0x0F, 0xFF, 0x0F, 0xFF, 0x0F, 0xFF, 0x0F, 0xFF, 0x0F, 0xFF, 0x0F, 0xFF, 0x0F, 0xFF, 0x0F, 0xFF, 0x0F, 0xFF, 0x0F, 0xFF, 0x0F, 0xFF, 0x0F, 
    0xFF, 0x0F, 0xFF, 0x0F, 0xFF, 0x0F, 0xFF, 0x0F, 0xFF, 0x0F, 0xFF, 0x0F, 0xFF, 0x0F, 0xFF, 0x0F, 0xFF, 0x0F, 0xFF, 0x0F, 0xFF, 0x0F, 0xFF, 0x0F, 0xFF, 0x0F, 0xFF, 0x0F, 0xFF, 0x0F, 0xFF, 0x0F, 
    0xFF, 0x0F, 0xFF, 0x0F, 0xFF, 0x0F, 0xFF, 0x0F, 0xFF, 0x0F, 0xFF, 0x0F, 0xFF, 0x0F, 0xFF, 0x0F, 0xFF, 0x0F, 0xFF, 0x0F, 0xFF, 0x0F, 0xFF, 0x0F, 0xFF, 0x0F, 0xFF, 0x0F, 0xFF, 0x0F, 0xFF, 0x0F, 
    0xFF, 0x0F, 0xFF, 0x0F, 0xFF, 0x0F, 0xFF, 0x0F, 0xFF, 0x0F, 0xFF, 0x0F, 0xFF, 0x0F, 0xFF, 0x0F, 0xFF, 0x0F, 0xFF, 0x0F, 0xFF, 0x0F, 0xFF, 0x0F, 0xFF, 0x0F, 0xFF, 0x0F, 0xFF, 0x0F, 0xFF, 0x0F, 
    0xFF, 0x0F, 0xFF, 0x0F, 0xFF, 0x0F, 0xFF, 0x0F, 0xFF, 0x0F, 0xFF, 0x0F, 0xFF, 0x0F, 0xFF, 0x0F, 0xFF, 0x0F, 0xFF, 0x0F, 0xFF, 0x0F, 0xFF, 0x0F, 0xFF, 0x0F, 0xFF, 0x0F, 0xFF, 0x0F, 0xFF, 0x0F, 
    0xFF, 0x0F, 0xFF, 0x0F, 0xFF, 0x0F, 0xFF, 0x0F, 0xFF, 0x0F, 0xFF, 0x0F, 0xFF, 0x0F, 0xFF, 0x0F, 0xFF, 0x0F, 0xFF, 0x0F, 0xFF, 0x0F, 0xFF, 0x0F, 0xFF, 0x0F, 0xFF, 0x0F, 0xFF, 0x0F, 0xFF, 0x0F, 
    0xFF, 0x0F, 0xFF, 0x0F, 0xFF, 0x0F, 0xFF, 0x0F, 0xFF, 0x0F, 0xFF, 0x0F, 0xFF, 0x0F, 0xFF, 0x0F, 0xFF, 0x0F, 0xFF, 0x0F, 0xFF, 0x0F, 0xFF, 0x0F, 0xFF, 0x0F, 0xFF, 0x0F, 0xFF, 0x0F, 0xFF, 0x0F, 
    0xFF, 0x0F, 0xFF, 0x0F, 0xFF, 0x0F, 0xFF, 0x0F, 0xFF, 0x0F, 0xFF, 0x0F, 0xFF, 0x0F, 0xFF, 0x0F, 0xFF, 0x0F, 0xFF, 0x0F, 0xFF, 0x0F, 0xFF, 0x0F, 0xFF, 0x0F, 0xFF, 0x0F, 0xFF, 0x0F, 0xFF, 0x0F, 
    0xFF, 0x0F, 0xFF, 0x0F, 0xFF, 0x0F, 0xFF, 0x0F, 0xFF, 0x0F, 0xFF, 0x0F, 0xFF, 0x0F, 0xFF, 0x0F, 0xFF, 0x0F, 0xFF, 0x0F, 0xFF, 0x0F, 0xFF, 0x0F, 0xFF, 0x0F, 0xFF, 0x0F, 0xFF, 0x0F, 0xFF, 0x0F, 
    0xFF, 0x0F, 0xFF, 0x0F, 0xFF, 0x0F, 0xFF, 0x0F, 0xFF, 0x0F, 0xFF, 0x0F, 0xFF, 0x0F, 0xFF, 0x0F, 0xFF, 0x0F, 0xFF, 0x0F, 0xFF, 0x0F, 0xFF, 0x0F, 0xFF, 0x0F, 0xFF, 0x0F, 0xFF, 0x0F, 0xFF, 0x0F, 
    0xFF, 0x0F, 0xFF, 0x0F, 0xFF, 0x0F, 0xFF, 0x0F, 0xFF, 0x0F, 0xFF, 0x0F, 0xFF, 0x0F, 0xFF, 0x0F, 0xFF, 0x0F, 0xFF, 0x0F, 0xFF, 0x0F, 0xFF, 0x0F, 0xFF, 0x0F, 0xFF, 0x0F, 0xFF, 0x0F, 0xFF, 0x0F, 
    0xFF, 0x0F, 0xFF, 0x0F, 0xFF, 0x0F, 0xFF, 0x0F, 0xFF, 0x0F, 0xFF, 0x0F, 0xFF, 0x0F, 0xFF, 0x0F, 0xFF, 0x0F, 0xFF, 0x0F, 0xFF, 0x0F, 0xFF, 0x0F, 0xFF, 0x0F, 0xFF, 0x0F, 0xFF, 0x0F, 0xFF, 0x0F, 
    0xFF, 0x0F, 0xFF, 0x0F, 0xFF, 0x0F, 0xFF, 0x0F, 0xFF, 0x0F, 0xFF, 0x0F, 0xFF, 0x0F, 0xFF, 0x0F, 0xFF, 0x0F, 0xFF, 0x0F, 0xFF, 0x0F, 0xFF, 0x0F, 0xFF, 0x0F, 0xFF, 0x0F, 0xFF, 0x0F, 0xFF, 0x0F, 
    0xFF, 0x0F, 0xFF, 0x0F, 0xFF, 0x0F, 0xFF, 0x0F, 0xFF, 0x0F, 0xFF, 0x0F, 0xFF, 0x0F, 0xFF, 0x0F, 0xFF, 0x0F, 0xFF, 0x0F, 0xFF, 0x0F, 0xFF, 0x0F, 0xFF, 0x0F, 0xFF, 0x0F, 0xFF, 0x0F, 0xFF, 0x0F, 
    0xFF, 0x0F, 0xFF, 0x0F, 0xFF, 0x0F, 0xFF, 0x0F, 0xFF, 0x0F, 0xFF, 0x0F, 0xFF, 0x0F, 0xFF, 0x0F, 0xFF, 0x0F, 0xFF, 0x0F, 0xFF, 0x0F, 0xFF, 0x0F, 0xFF, 0x0F, 0xFF, 0x0F, 0xFF, 0x0F, 0xFF, 0x0F, 
    0xFF, 0x0F, 0xFF, 0x0F, 0xFF, 0x0F, 0xFF, 0x0F, 0xFF, 0x0F, 0xFF, 0x0F, 0xFF, 0x0F, 0xFF, 0x0F, 0xFF, 0x0F, 0xFF, 0x0F, 0xFF, 0x0F, 0xFF, 0x0F, 0xFF, 0x0F, 0xFF, 0x0F, 0xFF, 0x0F, 0xFF, 0x0F, 
    0xFF, 0x0F, 0xFF, 0x0F, 0xFF, 0x0F, 0xFF, 0x0F, 0xFF, 0x0F, 0xFF, 0x0F, 0xFF, 0x0F, 0xFF, 0x0F, 0xFF, 0x0F, 0xFF, 0x0F, 0xFF, 0x0F, 0xFF, 0x0F, 0xFF, 0x0F, 0xFF, 0x0F, 0xFF, 0x0F, 0xFF, 0x0F, 
    0xFF, 0x0F, 0xFF, 0x0F, 0xFF, 0x0F, 0xFF, 0x0F, 0xFF, 0x0F, 0xFF, 0x0F, 0xFF, 0x0F, 0xFF, 0x0F, 0xFF, 0x0F, 0xFF, 0x0F, 0xFF, 0x0F, 0xFF, 0x0F, 0xFF, 0x0F, 0xFF, 0x0F, 0xFF, 0x0F, 0xFF, 0x0F, 
    0xFF, 0x0F, 0xFF, 0x0F, 0xFF, 0x0F, 0xFF, 0x0F, 0xFF, 0x0F, 0xFF, 0x0F, 0xFF, 0x0F, 0xFF, 0x0F, 0xFF, 0x0F, 0xFF, 0x0F, 0xFF, 0x0F, 0xFF, 0x0F, 0xFF, 0x0F, 0xFF, 0x0F, 0xFF, 0x0F, 0xFF, 0x0F, 
    0xFF, 0x0F, 0xFF, 0x0F, 0xFF, 0x0F, 0xFF, 0x0F, 0xFF, 0x0F, 0xFF, 0x0F, 0xFF, 0x0F, 0xFF, 0x0F, 0xFF, 0x0F, 0xFF, 0x0F, 0xFF, 0x0F, 0xFF, 0x0F, 0xFF, 0x0F, 0xFF, 0x0F, 0xFF, 0x0F, 0xFF, 0x0F, 
    0xFF, 0x0F, 0xFF, 0x0F, 0xFF, 0x0F, 0xFF, 0x0F, 0xFF, 0x0F, 0xFF, 0x0F, 0xFF, 0x0F, 0xFF, 0x0F, 0xFF, 0x0F, 0xFF, 0x0F, 0xFF, 0x0F, 0xFF, 0x0F, 0xFF, 0x0F, 0xFF, 0x0F, 0xFF, 0x0F, 0xFF, 0x0F, 
    0xFF, 0x0F, 0xFF, 0x0F, 0xFF, 0x0F, 0xFF, 0x0F, 0xFF, 0x0F, 0xFF, 0x0F, 0xFF, 0x0F, 0xFF, 0x0F, 0xFF, 0x0F, 0xFF, 0x0F, 0xFF, 0x0F, 0xFF, 0x0F, 0xFF, 0x0F, 0xFF, 0x0F, 0xFF, 0x0F, 0xFF, 0x0F, 
    0xFF, 0x0F, 0xFF, 0x0F, 0xFF, 0x0F, 0xFF, 0x0F, 0xFF, 0x0F, 0xFF, 0x0F, 0xFF, 0x0F, 0xFF, 0x0F, 0xFF, 0x0F, 0xFF, 0x0F, 0xFF, 0x0F, 0xFF, 0x0F, 0xFF, 0x0F, 0xFF, 0x0F, 0xFF, 0x0F, 0xFF, 0x0F, 
    0xFF, 0x0F, 0xFF, 0x0F, 0xFF, 0x0F, 0xFF, 0x0F, 0xFF, 0x0F, 0xFF, 0x0F, 0xFF, 0x0F, 0xFF, 0x0F, 0xFF, 0x0F, 0xFF, 0x0F, 0xFF, 0x0F, 0xFF, 0x0F, 0xFF, 0x0F, 0xFF, 0x0F, 0xFF, 0x0F, 0xFF, 0x0F, 
    0xFF, 0x0F, 0xFF, 0x0F, 0xFF, 0x0F, 0xFF, 0x0F, 0xFF, 0x0F, 0xFF, 0x0F, 0xFF, 0x0F, 0xFF, 0x0F, 0xFF, 0x0F, 0xFF, 0x0F, 0xFF, 0x0F, 0xFF, 0x0F, 0xFF, 0x0F, 0xFF, 0x0F, 0xFF, 0x0F, 0xFF, 0x0F, 
    0xFF, 0x0F, 0xFF, 0x0F, 0xFF, 0x0F, 0xFF, 0x0F, 0xFF, 0x0F, 0xFF, 0x0F, 0xFF, 0x0F, 0xFF, 0x0F, 0xFF, 0x0F, 0xFF, 0x0F, 0xFF, 0x0F, 0xFF, 0x0F, 0xFF, 0x0F, 0xFF, 0x0F, 0xFF, 0x0F, 0xFF, 0x0F, 
    0xFF, 0x0F, 0xFF, 0x0F, 0xFF, 0x0F, 0xFF, 0x0F, 0xFF, 0x0F, 0xFF, 0x0F, 0xFF, 0x0F, 0xFF, 0x0F, 0xFF, 0x0F, 0xFF, 0x0F, 0xFF, 0x0F, 0xFF, 0x0F, 0xFF, 0x0F, 0xFF, 0x0F, 0xFF, 0x0F, 0xFF, 0x0F, 
    0xFF, 0x0F, 0xFF, 0x0F, 0xFF, 0x0F, 0xFF, 0x0F, 0xFF, 0x0F, 0xFF, 0x0F, 0xFF, 0x0F, 0xFF, 0x0F, 0xFF, 0x0F, 0xFF, 0x0F, 0xFF, 0x0F, 0xFF, 0x0F, 0xFF, 0x0F, 0xFF, 0x0F, 0xFF, 0x0F, 0xFF, 0x0F, 
    0xFF, 0x0F, 0xFF, 0x0F, 0xFF, 0x0F, 0xFF, 0x0F, 0xFF, 0x0F, 0xFF, 0x0F, 0xFF, 0x0F, 0xFF, 0x0F, 0xFF, 0x0F, 0xFF, 0x0F, 0xFF, 0x0F, 0xFF, 0x0F, 0xFF, 0x0F, 0xFF, 0x0F, 0xFF, 0x0F, 0xFF, 0x0F, 
    0xFF, 0x0F, 0xFF, 0x0F, 0xFF, 0x0F, 0xFF, 0x0F, 0xFF, 0x0F, 0xFF, 0x0F, 0xFF, 0x0F, 0xFF, 0x0F, 0xFF, 0x0F, 0xFF, 0x0F, 0xFF, 0x0F, 0xFF, 0x0F, 0xFF, 0x0F, 0xFF, 0x0F, 0xFF, 0x0F, 0xFF, 0x0F, 
    0xFF, 0x0F, 0xFF, 0x0F, 0xFF, 0x0F, 0xFF, 0x0F, 0xFF, 0x0F, 0xFF, 0x0F, 0xFF, 0x0F, 0xFF, 0x0F, 0xFF, 0x0F, 0xFF, 0x0F, 0xFF, 0x0F, 0xFF, 0x0F, 0xFF, 0x0F, 0xFF, 0x0F, 0xFF, 0x0F, 0xFF, 0x0F, 
    0xFF, 0x0F, 0xFF, 0x0F, 0xFF, 0x0F, 0xFF, 0x0F, 0xFF, 0x0F, 0xFF, 0x0F, 0xFF, 0x0F, 0xFF, 0x0F, 0xFF, 0x0F, 0xFF, 0x0F, 0xFF, 0x0F, 0xFF, 0x0F, 0xFF, 0x0F, 0xFF, 0x0F, 0xFF, 0x0F, 0xFF, 0x0F, 
    0xFF, 0x0F, 0xFF, 0x0F, 0xFF, 0x0F, 0xFF, 0x0F, 0xFF, 0x0F, 0xFF, 0x0F, 0xFF, 0x0F, 0xFF, 0x0F, 0xFF, 0x0F, 0xFF, 0x0F, 0xFF, 0x0F, 0xFF, 0x0F, 0xFF, 0x0F, 0xFF, 0x0F, 0xFF, 0x0F, 0xFF, 0x0F, 
    0xFF, 0x0F, 0xFF, 0x0F, 0xFF, 0x0F, 0xFF, 0x0F, 0xFF, 0x0F, 0xFF, 0x0F, 0xFF, 0x0F, 0xFF, 0x0F, 0xFF, 0x0F, 0xFF, 0x0F, 0xFF, 0x0F, 0xFF, 0x0F, 0xFF, 0x0F, 0xFF, 0x0F, 0xFF, 0x0F, 0xFF, 0x0F, 
    0xFF, 0x0F, 0xFF, 0x0F, 0xFF, 0x0F, 0xFF, 0x0F, 0xFF, 0x0F, 0xFF, 0x0F, 0xFF, 0x0F, 0xFF, 0x0F, 0xFF, 0x0F, 0xFF, 0x0F, 0xFF, 0x0F, 0xFF, 0x0F, 0xFF, 0x0F, 0xFF, 0x0F, 0xFF, 0x0F, 0xFF, 0x0F, 
    0xFF, 0x0F, 0xFF, 0x0F, 0xFF, 0x0F, 0xFF, 0x0F, 0xFF, 0x0F, 0xFF, 0x0F, 0xFF, 0x0F, 0xFF, 0x0F, 0xFF, 0x0F, 0xFF, 0x0F, 0xFF, 0x0F, 0xFF, 0x0F, 0xFF, 0x0F, 0xFF, 0x0F, 0xFF, 0x0F, 0xFF, 0x0F, 
    0xFF, 0x0F, 0xFF, 0x0F, 0xFF, 0x0F, 0xFF, 0x0F, 0xFF, 0x0F, 0xFF, 0x0F, 0xFF, 0x0F, 0xFF, 0x0F, 0xFF, 0x0F, 0xFF, 0x0F, 0xFF, 0x0F, 0xFF, 0x0F, 0xFF, 0x0F, 0xFF, 0x0F, 0xFF, 0x0F, 0xFF, 0x0F, 
    0xFF, 0x0F, 0xFF, 0x0F, 0xFF, 0x0F, 0xFF, 0x0F, 0xFF, 0x0F, 0xFF, 0x0F, 0xFF, 0x0F, 0xFF, 0x0F, 0xFF, 0x0F, 0xFF, 0x0F, 0xFF, 0x0F, 0xFF, 0x0F, 0xFF, 0x0F, 0xFF, 0x0F, 0xFF, 0x0F, 0xFF, 0x0F, 
    0xFF, 0x0F, 0xFF, 0x0F, 0xFF, 0x0F, 0xFF, 0x0F, 0xFF, 0x0F, 0xFF, 0x0F, 0xFF, 0x0F, 0xFF, 0x0F, 0xFF, 0x0F, 0xFF, 0x0F, 0xFF, 0x0F, 0xFF, 0x0F, 0xFF, 0x0F, 0xFF, 0x0F, 0xFF, 0x0F, 0xFF, 0x0F, 
    0xFF, 0x0F, 0xFF, 0x0F, 0xFF, 0x0F, 0xFF, 0x0F, 0xFF, 0x0F, 0xFF, 0x0F, 0xFF, 0x0F, 0xFF, 0x0F, 0xFF, 0x0F, 0xFF, 0x0F, 0xFF, 0x0F, 0xFF, 0x0F, 0xFF, 0x0F, 0xFF, 0x0F, 0xFF, 0x0F, 0xFF, 0x0F, 
    0xFF, 0x0F, 0xFF, 0x0F, 0xFF, 0x0F, 0xFF, 0x0F, 0xFF, 0x0F, 0xFF, 0x0F, 0xFF, 0x0F, 0xFF, 0x0F, 0xFF, 0x0F, 0xFF, 0x0F, 0xFF, 0x0F, 0xFF, 0x0F, 0xFF, 0x0F, 0xFF, 0x0F, 0xFF, 0x0F, 0xFF, 0x0F, 
    0xFF, 0x0F, 0xFF, 0x0F, 0xFF, 0x0F, 0xFF, 0x0F, 0xFF, 0x0F, 0xFF, 0x0F, 0xFF, 0x0F, 0xFF, 0x0F, 0xFF, 0x0F, 0xFF, 0x0F, 0xFF, 0x0F, 0xFF, 0x0F, 0xFF, 0x0F, 0xFF, 0x0F, 0xFF, 0x0F, 0xFF, 0x0F, 
    0xFF, 0x0F, 0xFF, 0x0F, 0xFF, 0x0F, 0xFF, 0x0F, 0xFF, 0x0F, 0xFF, 0x0F, 0xFF, 0x0F, 0xFF, 0x0F, 0xFF, 0x0F, 0xFF, 0x0F, 0xFF, 0x0F, 0xFF, 0x0F, 0xFF, 0x0F, 0xFF, 0x0F, 0xFF, 0x0F, 0xFF, 0x0F, 
    0xFF, 0x0F, 0xFF, 0x0F, 0xFF, 0x0F, 0xFF, 0x0F, 0xFF, 0x0F, 0xFF, 0x0F, 0xFF, 0x0F, 0xFF, 0x0F, 0xFF, 0x0F, 0xFF, 0x0F, 0xFF, 0x0F, 0xFF, 0x0F, 0xFF, 0x0F, 0xFF, 0x0F, 0xFF, 0x0F, 0xFF, 0x0F, 
    0xFF, 0x0F, 0xFF, 0x0F, 0xFF, 0x0F, 0xFF, 0x0F, 0xFF, 0x0F, 0xFF, 0x0F, 0xFF, 0x0F, 0xFF, 0x0F, 0xFF, 0x0F, 0xFF, 0x0F, 0xFF, 0x0F, 0xFF, 0x0F, 0xFF, 0x0F, 0xFF, 0x0F, 0xFF, 0x0F, 0xFF, 0x0F, 
    0xFF, 0x0F, 0xFF, 0x0F, 0xFF, 0x0F, 0xFF, 0x0F, 0xFF, 0x0F, 0xFF, 0x0F, 0xFF, 0x0F, 0xFF, 0x0F, 0xFF, 0x0F, 0xFF, 0x0F, 0xFF, 0x0F, 0xFF, 0x0F, 0xFF, 0x0F, 0xFF, 0x0F, 0xFF, 0x0F, 0xFF, 0x0F, 
    0xFF, 0x0F, 0xFF, 0x0F, 0xFF, 0x0F, 0xFF, 0x0F, 0xFF, 0x0F, 0xFF, 0x0F, 0xFF, 0x0F, 0xFF, 0x0F, 0xFF, 0x0F, 0xFF, 0x0F, 0xFF, 0x0F, 0xFF, 0x0F, 0xFF, 0x0F, 0xFF, 0x0F, 0xFF, 0x0F, 0xFF, 0x0F, 
    0xFF, 0x0F, 0xFF, 0x0F, 0xFF, 0x0F, 0xFF, 0x0F, 0xFF, 0x0F, 0xFF, 0x0F, 0xFF, 0x0F, 0xFF, 0x0F, 0xFF, 0x0F, 0xFF, 0x0F, 0xFF, 0x0F, 0xFF, 0x0F, 0xFF, 0x0F, 0xFF, 0x0F, 0xFF, 0x0F, 0xFF, 0x0F, 
    0xFF, 0x0F, 0xFF, 0x0F, 0xFF, 0x0F, 0xFF, 0x0F, 0xFF, 0x0F, 0xFF, 0x0F, 0xFF, 0x0F, 0xFF, 0x0F, 0xFF, 0x0F, 0xFF, 0x0F, 0xFF, 0x0F, 0xFF, 0x0F, 0xFF, 0x0F, 0xFF, 0x0F, 0xFF, 0x0F, 0xFF, 0x0F, 
    0xFF, 0x0F, 0xFF, 0x0F, 0xFF, 0x0F, 0xFF, 0x0F, 0xFF, 0x0F, 0xFF, 0x0F, 0xFF, 0x0F, 0xFF, 0x0F, 0xFF, 0x0F, 0xFF, 0x0F, 0xFF, 0x0F, 0xFF, 0x0F, 0xFF, 0x0F, 0xFF, 0x0F, 0xFF, 0x0F, 0xFF, 0x0F, 
    0xFF, 0x0F, 0xFF, 0x0F, 0xFF, 0x0F, 0xFF, 0x0F, 0xFF, 0x0F, 0xFF, 0x0F, 0xFF, 0x0F, 0xFF, 0x0F, 0xFF, 0x0F, 0xFF, 0x0F, 0xFF, 0x0F, 0xFF, 0x0F, 0xFF, 0x0F, 0xFF, 0x0F, 0xFF, 0x0F, 0xFF, 0x0F, 
    0xFF, 0x0F, 0xFF, 0x0F, 0xFF, 0x0F, 0xFF, 0x0F, 0xFF, 0x0F, 0xFF, 0x0F, 0xFF, 0x0F, 0xFF, 0x0F, 0xFF, 0x0F, 0xFF, 0x0F, 0xFF, 0x0F, 0xFF, 0x0F, 0xFF, 0x0F, 0xFF, 0x0F, 0xFF, 0x0F, 0xFF, 0x0F, 
    0xFF, 0x0F, 0xFF, 0x0F, 0xFF, 0x0F, 0xFF, 0x0F, 0xFF, 0x0F, 0xFF, 0x0F, 0xFF, 0x0F, 0xFF, 0x0F, 0xFF, 0x0F, 0xFF, 0x0F, 0xFF, 0x0F, 0xFF, 0x0F, 0xFF, 0x0F, 0xFF, 0x0F, 0xFF, 0x0F, 0xFF, 0x0F, 
    0xFF, 0x0F, 0xFF, 0x0F, 0xFF, 0x0F, 0xFF, 0x0F, 0xFF, 0x0F, 0xFF, 0x0F, 0xFF, 0x0F, 0xFF, 0x0F, 0xFF, 0x0F, 0xFF, 0x0F, 0xFF, 0x0F, 0xFF, 0x0F, 0xFF, 0x0F, 0xFF, 0x0F, 0xFF, 0x0F, 0xFF, 0x0F, 
    0xFF, 0x0F, 0xFF, 0x0F, 0xFF, 0x0F, 0xFF, 0x0F, 0xFF, 0x0F, 0xFF, 0x0F, 0xFF, 0x0F, 0xFF, 0x0F, 0xFF, 0x0F, 0xFF, 0x0F, 0xFF, 0x0F, 0xFF, 0x0F, 0xFF, 0x0F, 0xFF, 0x0F, 0xFF, 0x0F, 0xFF, 0x0F, 
    0xFF, 0x0F, 0xFF, 0x0F, 0xFF, 0x0F, 0xFF, 0x0F, 0xFF, 0x0F, 0xFF, 0x0F, 0xFF, 0x0F, 0xFF, 0x0F, 0xFF, 0x0F, 0xFF, 0x0F, 0xFF, 0x0F, 0xFF, 0x0F, 0xFF, 0x0F, 0xFF, 0x0F, 0xFF, 0x0F, 0xFF, 0x0F, 
    0xFF, 0x0F, 0xFF, 0x0F, 0xFF, 0x0F, 0xFF, 0x0F, 0xFF, 0x0F, 0xFF, 0x0F, 0xFF, 0x0F, 0xFF, 0x0F, 0xFF, 0x0F, 0xFF, 0x0F, 0xFF, 0x0F, 0xFF, 0x0F, 0xFF, 0x0F, 0xFF, 0x0F, 0xFF, 0x0F, 0xFF, 0x0F, 
    0xFF, 0x0F, 0xFF, 0x0F, 0xFF, 0x0F, 0xFF, 0x0F, 0xFF, 0x0F, 0xFF, 0x0F, 0xFF, 0x0F, 0xFF, 0x0F, 0xFF, 0x0F, 0xFF, 0x0F, 0xFF, 0x0F, 0xFF, 0x0F, 0xFF, 0x0F, 0xFF, 0x0F, 0xFF, 0x0F, 0xFF, 0x0F, 
    0xFF, 0x0F, 0xFF, 0x0F, 0xFF, 0x0F, 0xFF, 0x0F, 0xFF, 0x0F, 0xFF, 0x0F, 0xFF, 0x0F, 0xFF, 0x0F, 0xFF, 0x0F, 0xFF, 0x0F, 0xFF, 0x0F, 0xFF, 0x0F, 0xFF, 0x0F, 0xFF, 0x0F, 0xFF, 0x0F, 0xFF, 0x0F, 
    0xFF, 0x0F, 0xFF, 0x0F, 0xFF, 0x0F, 0xFF, 0x0F, 0xFF, 0x0F, 0xFF, 0x0F, 0xFF, 0x0F, 0xFF, 0x0F, 0xFF, 0x0F, 0xFF, 0x0F, 0xFF, 0x0F, 0xFF, 0x0F, 0xFF, 0x0F, 0xFF, 0x0F, 0xFF, 0x0F, 0xFF, 0x0F, 
    0xFF, 0x0F, 0xFF, 0x0F, 0xFF, 0x0F, 0xFF, 0x0F, 0xFF, 0x0F, 0xFF, 0x0F, 0xFF, 0x0F, 0xFF, 0x0F, 0xFF, 0x0F, 0xFF, 0x0F, 0xFF, 0x0F, 0xFF, 0x0F, 0xFF, 0x0F, 0xFF, 0x0F, 0xFF, 0x0F, 0xFF, 0x0F, 
    0xFF, 0x0F, 0xFF, 0x0F, 0xFF, 0x0F, 0xFF, 0x0F, 0xFF, 0x0F, 0xFF, 0x0F, 0xFF, 0x0F, 0xFF, 0x0F, 0xFF, 0x0F, 0xFF, 0x0F, 0xFF, 0x0F, 0xFF, 0x0F, 0xFF, 0x0F, 0xFF, 0x0F, 0xFF, 0x0F, 0xFF, 0x0F, 
    0xFF, 0x0F, 0xFF, 0x0F, 0xFF, 0x0F, 0xFF, 0x0F, 0xFF, 0x0F, 0xFF, 0x0F, 0xFF, 0x0F, 0xFF, 0x0F, 0xFF, 0x0F, 0xFF, 0x0F, 0xFF, 0x0F, 0xFF, 0x0F, 0xFF, 0x0F, 0xFF, 0x0F, 0xFF, 0x0F, 0xFF, 0x0F, 
    0xFF, 0x0F, 0xFF, 0x0F, 0xFF, 0x0F, 0xFF, 0x0F, 0xFF, 0x0F, 0xFF, 0x0F, 0xFF, 0x0F, 0xFF, 0x0F, 0xFF, 0x0F, 0xFF, 0x0F, 0xFF, 0x0F, 0xFF, 0x0F, 0xFF, 0x0F, 0xFF, 0x0F, 0xFF, 0x0F, 0xFF, 0x0F, 
    0xFF, 0x0F, 0xFF, 0x0F, 0xFF, 0x0F, 0xFF, 0x0F, 0xFF, 0x0F, 0xFF, 0x0F, 0xFF, 0x0F, 0xFF, 0x0F, 0xFF, 0x0F, 0xFF, 0x0F, 0xFF, 0x0F, 0xFF, 0x0F, 0xFF, 0x0F, 0xFF, 0x0F, 0xFF, 0x0F, 0xFF, 0x0F, 
    0xFF, 0x0F, 0xFF, 0x0F, 0xFF, 0x0F, 0xFF, 0x0F, 0xFF, 0x0F, 0xFF, 0x0F, 0xFF, 0x0F, 0xFF, 0x0F, 0xFF, 0x0F, 0xFF, 0x0F, 0xFF, 0x0F, 0xFF, 0x0F, 0xFF, 0x0F, 0xFF, 0x0F, 0xFF, 0x0F, 0xFF, 0x0F, 
    0xFF, 0x0F, 0xFF, 0x0F, 0xFF, 0x0F, 0xFF, 0x0F, 0xFF, 0x0F, 0xFF, 0x0F, 0xFF, 0x0F, 0xFF, 0x0F, 0xFF, 0x0F, 0xFF, 0x0F, 0xFF, 0x0F, 0xFF, 0x0F, 0xFF, 0x0F, 0xFF, 0x0F, 0xFF, 0x0F, 0xFF, 0x0F, 
    0xFF, 0x0F, 0xFF, 0x0F, 0xFF, 0x0F, 0xFF, 0x0F, 0xFF, 0x0F, 0xFF, 0x0F, 0xFF, 0x0F, 0xFF, 0x0F, 0xFF, 0x0F, 0xFF, 0x0F, 0xFF, 0x0F, 0xFF, 0x0F, 0xFF, 0x0F, 0xFF, 0x0F, 0xFF, 0x0F, 0xFF, 0x0F, 
    0xFF, 0x0F, 0xFF, 0x0F, 0xFF, 0x0F, 0xFF, 0x0F, 0xFF, 0x0F, 0xFF, 0x0F, 0xFF, 0x0F, 0xFF, 0x0F, 0xFF, 0x0F, 0xFF, 0x0F, 0xFF, 0x0F, 0xFF, 0x0F, 0xFF, 0x0F, 0xFF, 0x0F, 0xFF, 0x0F, 0xFF, 0x0F, 
    0xFF, 0x0F, 0xFF, 0x0F, 0xFF, 0x0F, 0xFF, 0x0F, 0xFF, 0x0F, 0xFF, 0x0F, 0xFF, 0x0F, 0xFF, 0x0F, 0xFF, 0x0F, 0xFF, 0x0F, 0xFF, 0x0F, 0xFF, 0x0F, 0xFF, 0x0F, 0xFF, 0x0F, 0xFF, 0x0F, 0xFF, 0x0F, 
    0xFF, 0x0F, 0xFF, 0x0F, 0xFF, 0x0F, 0xFF, 0x0F, 0xFF, 0x0F, 0xFF, 0x0F, 0xFF, 0x0F, 0xFF, 0x0F, 0xFF, 0x0F, 0xFF, 0x0F, 0xFF, 0x0F, 0xFF, 0x0F, 0xFF, 0x0F, 0xFF, 0x0F, 0xFF, 0x0F, 0xFF, 0x0F, 
    0xFF, 0x0F, 0xFF, 0x0F, 0xFF, 0x0F, 0xFF, 0x0F, 0xFF, 0x0F, 0xFF, 0x0F, 0xFF, 0x0F, 0xFF, 0x0F, 0xFF, 0x0F, 0xFF, 0x0F, 0xFF, 0x0F, 0xFF, 0x0F, 0xFF, 0x0F, 0xFF, 0x0F, 0xFF, 0x0F, 0xFF, 0x0F, 
    0xFF, 0x0F, 0xFF, 0x0F, 0xFF, 0x0F, 0xFF, 0x0F, 0xFF, 0x0F, 0xFF, 0x0F, 0xFF, 0x0F, 0xFF, 0x0F, 0xFF, 0x0F, 0xFF, 0x0F, 0xFF, 0x0F, 0xFF, 0x0F, 0xFF, 0x0F, 0xFF, 0x0F, 0xFF, 0x0F, 0xFF, 0x0F, 
    0xFF, 0x0F, 0xFF, 0x0F, 0xFF, 0x0F, 0xFF, 0x0F, 0xFF, 0x0F, 0xFF, 0x0F, 0xFF, 0x0F, 0xFF, 0x0F, 0xFF, 0x0F, 0xFF, 0x0F, 0xFF, 0x0F, 0xFF, 0x0F, 0xFF, 0x0F, 0xFF, 0x0F, 0xFF, 0x0F, 0xFF, 0x0F, 
    0xFF, 0x0F, 0xFF, 0x0F, 0xFF, 0x0F, 0xFF, 0x0F, 0xFF, 0x0F, 0xFF, 0x0F, 0xFF, 0x0F, 0xFF, 0x0F, 0xFF, 0x0F, 0xFF, 0x0F, 0xFF, 0x0F, 0xFF, 0x0F, 0xFF, 0x0F, 0xFF, 0x0F, 0xFF, 0x0F, 0xFF, 0x0F, 
    0xFF, 0x0F, 0xFF, 0x0F, 0xFF, 0x0F, 0xFF, 0x0F, 0xFF, 0x0F, 0xFF, 0x0F, 0xFF, 0x0F, 0xFF, 0x0F, 0xFF, 0x0F, 0xFF, 0x0F, 0xFF, 0x0F, 0xFF, 0x0F, 0xFF, 0x0F, 0xFF, 0x0F, 0xFF, 0x0F, 0xFF, 0x0F, 
    0xFF, 0x0F, 0xFF, 0x0F, 0xFF, 0x0F, 0xFF, 0x0F, 0xFF, 0x0F, 0xFF, 0x0F, 0xFF, 0x0F, 0xFF, 0x0F, 0xFF, 0x0F, 0xFF, 0x0F, 0xFF, 0x0F, 0xFF, 0x0F, 0xFF, 0x0F, 0xFF, 0x0F, 0xFF, 0x0F, 0xFF, 0x0F, 
    0xFF, 0x0F, 0xFF, 0x0F, 0xFF, 0x0F, 0xFF, 0x0F, 0xFF, 0x0F, 0xFF, 0x0F, 0xFF, 0x0F, 0xFF, 0x0F, 0xFF, 0x0F, 0xFF, 0x0F, 0xFF, 0x0F, 0xFF, 0x0F, 0xFF, 0x0F, 0xFF, 0x0F, 0xFF, 0x0F, 0xFF, 0x0F, 
    0xFF, 0x0F, 0xFF, 0x0F, 0xFF, 0x0F, 0xFF, 0x0F, 0xFF, 0x0F, 0xFF, 0x0F, 0xFF, 0x0F, 0xFF, 0x0F, 0xFF, 0x0F, 0xFF, 0x0F, 0xFF, 0x0F, 0xFF, 0x0F, 0xFF, 0x0F, 0xFF, 0x0F, 0xFF, 0x0F, 0xFF, 0x0F, 
    0xFF, 0x0F, 0xFF, 0x0F, 0xFF, 0x0F, 0xFF, 0x0F, 0xFF, 0x0F, 0xFF, 0x0F, 0xFF, 0x0F, 0xFF, 0x0F, 0xFF, 0x0F, 0xFF, 0x0F, 0xFF, 0x0F, 0xFF, 0x0F, 0xFF, 0x0F, 0xFF, 0x0F, 0xFF, 0x0F, 0xFF, 0x0F, 
    0xFF, 0x0F, 0xFF, 0x0F, 0xFF, 0x0F, 0xFF, 0x0F, 0xFF, 0x0F, 0xFF, 0x0F, 0xFF, 0x0F, 0xFF, 0x0F, 0xFF, 0x0F, 0xFF, 0x0F, 0xFF, 0x0F, 0xFF, 0x0F, 0xFF, 0x0F, 0xFF, 0x0F, 0xFF, 0x0F, 0xFF, 0x0F, 
    0xFF, 0x0F, 0xFF, 0x0F, 0xFF, 0x0F, 0xFF, 0x0F, 0xFF, 0x0F, 0xFF, 0x0F, 0xFF, 0x0F, 0xFF, 0x0F, 0xFF, 0x0F, 0xFF, 0x0F, 0xFF, 0x0F, 0xFF, 0x0F, 0xFF, 0x0F, 0xFF, 0x0F, 0xFF, 0x0F, 0xFF, 0x0F, 
    0xFF, 0x0F, 0xFF, 0x0F, 0xFF, 0x0F, 0xFF, 0x0F, 0xFF, 0x0F, 0xFF, 0x0F, 0xFF, 0x0F, 0xFF, 0x0F, 0xFF, 0x0F, 0xFF, 0x0F, 0xFF, 0x0F, 0xFF, 0x0F, 0xFF, 0x0F, 0xFF, 0x0F, 0xFF, 0x0F, 0xFF, 0x0F, 
    0xFF, 0x0F, 0xFF, 0x0F, 0xFF, 0x0F, 0xFF, 0x0F, 0xFF, 0x0F, 0xFF, 0x0F, 0xFF, 0x0F, 0xFF, 0x0F, 0xFF, 0x0F, 0xFF, 0x0F, 0xFF, 0x0F, 0xFF, 0x0F, 0xFF, 0x0F, 0xFF, 0x0F, 0xFF, 0x0F, 0xFF, 0x0F, 
    0xFF, 0x0F, 0xFF, 0x0F, 0xFF, 0x0F, 0xFF, 0x0F, 0xFF, 0x0F, 0xFF, 0x0F, 0xFF, 0x0F, 0xFF, 0x0F, 0xFF, 0x0F, 0xFF, 0x0F, 0xFF, 0x0F, 0xFF, 0x0F, 0xFF, 0x0F, 0xFF, 0x0F, 0xFF, 0x0F, 0xFF, 0x0F, 
    0xFF, 0x0F, 0xFF, 0x0F, 0xFF, 0x0F, 0xFF, 0x0F, 0xFF, 0x0F, 0xFF, 0x0F, 0xFF, 0x0F, 0xFF, 0x0F, 0xFF, 0x0F, 0xFF, 0x0F, 0xFF, 0x0F, 0xFF, 0x0F, 0xFF, 0x0F, 0xFF, 0x0F, 0xFF, 0x0F, 0xFF, 0x0F, 
    0xFF, 0x0F, 0xFF, 0x0F, 0xFF, 0x0F, 0xFF, 0x0F, 0xFF, 0x0F, 0xFF, 0x0F, 0xFF, 0x0F, 0xFF, 0x0F, 0xFF, 0x0F, 0xFF, 0x0F, 0xFF, 0x0F, 0xFF, 0x0F, 0xFF, 0x0F, 0xFF, 0x0F, 0xFF, 0x0F, 0xFF, 0x0F, 
    0xFF, 0x0F, 0xFF, 0x0F, 0xFF, 0x0F, 0xFF, 0x0F, 0xFF, 0x0F, 0xFF, 0x0F, 0xFF, 0x0F, 0xFF, 0x0F, 0xFF, 0x0F, 0xFF, 0x0F, 0xFF, 0x0F, 0xFF, 0x0F, 0xFF, 0x0F, 0xFF, 0x0F, 0xFF, 0x0F, 0xFF, 0x0F, 
    0xFF, 0x0F, 0xFF, 0x0F, 0xFF, 0x0F, 0xFF, 0x0F, 0xFF, 0x0F, 0xFF, 0x0F, 0xFF, 0x0F, 0xFF, 0x0F, 0xFF, 0x0F, 0xFF, 0x0F, 0xFF, 0x0F, 0xFF, 0x0F, 0xFF, 0x0F, 0xFF, 0x0F, 0xFF, 0x0F, 0xFF, 0x0F, 
    0xFF, 0x0F, 0xFF, 0x0F, 0xFF, 0x0F, 0xFF, 0x0F, 0xFF, 0x0F, 0xFF, 0x0F, 0xFF, 0x0F, 0xFF, 0x0F, 0xFF, 0x0F, 0xFF, 0x0F, 0xFF, 0x0F, 0xFF, 0x0F, 0xFF, 0x0F, 0xFF, 0x0F, 0xFF, 0x0F, 0xFF, 0x0F, 
    0xFF, 0x0F, 0xFF, 0x0F, 0xFF, 0x0F, 0xFF, 0x0F, 0xFF, 0x0F, 0xFF, 0x0F, 0xFF, 0x0F, 0xFF, 0x0F, 0xFF, 0x0F, 0xFF, 0x0F, 0xFF, 0x0F, 0xFF, 0x0F, 0xFF, 0x0F, 0xFF, 0x0F, 0xFF, 0x0F, 0xFF, 0x0F, 
    0xFF, 0x0F, 0xFF, 0x0F, 0xFF, 0x0F, 0xFF, 0x0F, 0xFF, 0x0F, 0xFF, 0x0F, 0xFF, 0x0F, 0xFF, 0x0F, 0xFF, 0x0F, 0xFF, 0x0F, 0xFF, 0x0F, 0xFF, 0x0F, 0xFF, 0x0F, 0xFF, 0x0F, 0xFF, 0x0F, 0xFF, 0x0F, 
    0xFF, 0x0F, 0xFF, 0x0F, 0xFF, 0x0F, 0xFF, 0x0F, 0xFF, 0x0F, 0xFF, 0x0F, 0xFF, 0x0F, 0xFF, 0x0F, 0xFF, 0x0F, 0xFF, 0x0F, 0xFF, 0x0F, 0xFF, 0x0F, 0xFF, 0x0F, 0xFF, 0x0F, 0xFF, 0x0F, 0xFF, 0x0F, 
    0xFF, 0x0F, 0xFF, 0x0F, 0xFF, 0x0F, 0xFF, 0x0F, 0xFF, 0x0F, 0xFF, 0x0F, 0xFF, 0x0F, 0xFF, 0x0F, 0xFF, 0x0F, 0xFF, 0x0F, 0xFF, 0x0F, 0xFF, 0x0F, 0xFF, 0x0F, 0xFF, 0x0F, 0xFF, 0x0F, 0xFF, 0x0F, 
    0xFF, 0x0F, 0xFF, 0x0F, 0xFF, 0x0F, 0xFF, 0x0F, 0xFF, 0x0F, 0xFF, 0x0F, 0xFF, 0x0F, 0xFF, 0x0F, 0xFF, 0x0F, 0xFF, 0x0F, 0xFF, 0x0F, 0xFF, 0x0F, 0xFF, 0x0F, 0xFF, 0x0F, 0xFF, 0x0F, 0xFF, 0x0F, 
    0xFF, 0x0F, 0xFF, 0x0F, 0xFF, 0x0F, 0xFF, 0x0F, 0xFF, 0x0F, 0xFF, 0x0F, 0xFF, 0x0F, 0xFF, 0x0F, 0xFF, 0x0F, 0xFF, 0x0F, 0xFF, 0x0F, 0xFF, 0x0F, 0xFF, 0x0F, 0xFF, 0x0F, 0xFF, 0x0F, 0xFF, 0x0F, 
    0xFF, 0x0F, 0xFF, 0x0F, 0xFF, 0x0F, 0xFF, 0x0F, 0xFF, 0x0F, 0xFF, 0x0F, 0xFF, 0x0F, 0xFF, 0x0F, 0xFF, 0x0F, 0xFF, 0x0F, 0xFF, 0x0F, 0xFF, 0x0F, 0xFF, 0x0F, 0xFF, 0x0F, 0xFF, 0x0F, 0xFF, 0x0F, 
    0xFF, 0x0F, 0xFF, 0x0F, 0xFF, 0x0F, 0xFF, 0x0F, 0xFF, 0x0F, 0xFF, 0x0F, 0xFF, 0x0F, 0xFF, 0x0F, 0xFF, 0x0F, 0xFF, 0x0F, 0xFF, 0x0F, 0xFF, 0x0F, 0xFF, 0x0F, 0xFF, 0x0F, 0xFF, 0x0F, 0xFF, 0x0F, 
    0xFF, 0x0F, 0xFF, 0x0F, 0xFF, 0x0F, 0xFF, 0x0F, 0xFF, 0x0F, 0xFF, 0x0F, 0xFF, 0x0F, 0xFF, 0x0F, 0xFF, 0x0F, 0xFF, 0x0F, 0xFF, 0x0F, 0xFF, 0x0F, 0xFF, 0x0F, 0xFF, 0x0F, 0xFF, 0x0F, 0xFF, 0x0F, 
    0xFF, 0x0F, 0xFF, 0x0F, 0xFF, 0x0F, 0xFF, 0x0F, 0xFF, 0x0F, 0xFF, 0x0F, 0xFF, 0x0F, 0xFF, 0x0F, 0xFF, 0x0F, 0xFF, 0x0F, 0xFF, 0x0F, 0xFF, 0x0F, 0xFF, 0x0F, 0xFF, 0x0F, 0xFF, 0x0F, 0xFF, 0x0F, 
    0xFF, 0x0F, 0xFF, 0x0F, 0xFF, 0x0F, 0xFF, 0x0F, 0xFF, 0x0F, 0xFF, 0x0F, 0xFF, 0x0F, 0xFF, 0x0F, 0xFF, 0x0F, 0xFF, 0x0F, 0xFF, 0x0F, 0xFF, 0x0F, 0xFF, 0x0F, 0xFF, 0x0F, 0xFF, 0x0F, 0xFF, 0x0F, 
    0xFF, 0x0F, 0xFF, 0x0F, 0xFF, 0x0F, 0xFF, 0x0F, 0xFF, 0x0F, 0xFF, 0x0F, 0xFF, 0x0F, 0xFF, 0x0F, 0xFF, 0x0F, 0xFF, 0x0F, 0xFF, 0x0F, 0xFF, 0x0F, 0xFF, 0x0F, 0xFF, 0x0F, 0xFF, 0x0F, 0xFF, 0x0F, 
    0xFF, 0x0F, 0xFF, 0x0F, 0xFF, 0x0F, 0xFF, 0x0F, 0xFF, 0x0F, 0xFF, 0x0F, 0xFF, 0x0F, 0xFF, 0x0F, 0xFF, 0x0F, 0xFF, 0x0F, 0xFF, 0x0F, 0xFF, 0x0F, 0xFF, 0x0F, 0xFF, 0x0F, 0xFF, 0x0F, 0xFF, 0x0F, 
    0xFF, 0x0F, 0xFF, 0x0F, 0xFF, 0x0F, 0xFF, 0x0F, 0xFF, 0x0F, 0xFF, 0x0F, 0xFF, 0x0F, 0xFF, 0x0F, 0xFF, 0x0F, 0xFF, 0x0F, 0xFF, 0x0F, 0xFF, 0x0F, 0xFF, 0x0F, 0xFF, 0x0F, 0xFF, 0x0F, 0xFF, 0x0F, 
    0xFF, 0x0F, 0xFF, 0x0F, 0xFF, 0x0F, 0xFF, 0x0F, 0xFF, 0x0F, 0xFF, 0x0F, 0xFF, 0x0F, 0xFF, 0x0F, 0xFF, 0x0F, 0xFF, 0x0F, 0xFF, 0x0F, 0xFF, 0x0F, 0xFF, 0x0F, 0xFF, 0x0F, 0xFF, 0x0F, 0xFF, 0x0F, 
    0xFF, 0x0F, 0xFF, 0x0F, 0xFF, 0x0F, 0xFF, 0x0F, 0xFF, 0x0F, 0xFF, 0x0F, 0xFF, 0x0F, 0xFF, 0x0F, 0xFF, 0x0F, 0xFF, 0x0F, 0xFF, 0x0F, 0xFF, 0x0F, 0xFF, 0x0F, 0xFF, 0x0F, 0xFF, 0x0F, 0xFF, 0x0F, 
    0xFF, 0x0F, 0xFF, 0x0F, 0xFF, 0x0F, 0xFF, 0x0F, 0xFF, 0x0F, 0xFF, 0x0F, 0xFF, 0x0F, 0xFF, 0x0F, 0xFF, 0x0F, 0xFF, 0x0F, 0xFF, 0x0F, 0xFF, 0x0F, 0xFF, 0x0F, 0xFF, 0x0F, 0xFF, 0x0F, 0xFF, 0x0F, 
    0xFF, 0x0F, 0xFF, 0x0F, 0xFF, 0x0F, 0xFF, 0x0F, 0xFF, 0x0F, 0xFF, 0x0F, 0xFF, 0x0F, 0xFF, 0x0F, 0xFF, 0x0F, 0xFF, 0x0F, 0xFF, 0x0F, 0xFF, 0x0F, 0xFF, 0x0F, 0xFF, 0x0F, 0xFF, 0x0F, 0xFF, 0x0F, 
    0xFF, 0x0F, 0xFF, 0x0F, 0xFF, 0x0F, 0xFF, 0x0F, 0xFF, 0x0F, 0xFF, 0x0F, 0xFF, 0x0F, 0xFF, 0x0F, 0xFF, 0x0F, 0xFF, 0x0F, 0xFF, 0x0F, 0xFF, 0x0F, 0xFF, 0x0F, 0xFF, 0x0F, 0xFF, 0x0F, 0xFF, 0x0F, 
    0xFF, 0x0F, 0xFF, 0x0F, 0xFF, 0x0F, 0xFF, 0x0F, 0xFF, 0x0F, 0xFF, 0x0F, 0xFF, 0x0F, 0xFF, 0x0F, 0xFF, 0x0F, 0xFF, 0x0F, 0xFF, 0x0F, 0xFF, 0x0F, 0xFF, 0x0F, 0xFF, 0x0F, 0xFF, 0x0F, 0xFF, 0x0F, 
    0xFF, 0x0F, 0xFF, 0x0F, 0xFF, 0x0F, 0xFF, 0x0F, 0xFF, 0x0F, 0xFF, 0x0F, 0xFF, 0x0F, 0xFF, 0x0F, 0xFF, 0x0F, 0xFF, 0x0F, 0xFF, 0x0F, 0xFF, 0x0F, 0xFF, 0x0F, 0xFF, 0x0F, 0xFF, 0x0F, 0xFF, 0x0F, 
    0xFF, 0x0F, 0xFF, 0x0F, 0xFF, 0x0F, 0xFF, 0x0F, 0xFF, 0x0F, 0xFF, 0x0F, 0xFF, 0x0F, 0xFF, 0x0F, 0xFF, 0x0F, 0xFF, 0x0F, 0xFF, 0x0F, 0xFF, 0x0F, 0xFF, 0x0F, 0xFF, 0x0F, 0xFF, 0x0F, 0xFF, 0x0F, 
    0xFF, 0x0F, 0xFF, 0x0F, 0xFF, 0x0F, 0xFF, 0x0F, 0xFF, 0x0F, 0xFF, 0x0F, 0xFF, 0x0F, 0xFF, 0x0F, 0xFF, 0x0F, 0xFF, 0x0F, 0xFF, 0x0F, 0xFF, 0x0F, 0xFF, 0x0F, 0xFF, 0x0F, 0xFF, 0x0F, 0xFF, 0x0F, 
    0xFF, 0x0F, 0xFF, 0x0F, 0xFF, 0x0F, 0xFF, 0x0F, 0xFF, 0x0F, 0xFF, 0x0F, 0xFF, 0x0F, 0xFF, 0x0F, 0xFF, 0x0F, 0xFF, 0x0F, 0xFF, 0x0F, 0xFF, 0x0F, 0xFF, 0x0F, 0xFF, 0x0F, 0xFF, 0x0F, 0xFF, 0x0F, 
    0xFF, 0x0F, 0xFF, 0x0F, 0xFF, 0x0F, 0xFF, 0x0F, 0xFF, 0x0F, 0xFF, 0x0F, 0xFF, 0x0F, 0xFF, 0x0F, 0xFF, 0x0F, 0xFF, 0x0F, 0xFF, 0x0F, 0xFF, 0x0F, 0xFF, 0x0F, 0xFF, 0x0F, 0xFF, 0x0F, 0xFF, 0x0F, 
    0xFF, 0x0F, 0xFF, 0x0F, 0xFF, 0x0F, 0xFF, 0x0F, 0xFF, 0x0F, 0xFF, 0x0F, 0xFF, 0x0F, 0xFF, 0x0F, 0xFF, 0x0F, 0xFF, 0x0F, 0xFF, 0x0F, 0xFF, 0x0F, 0xFF, 0x0F, 0xFF, 0x0F, 0xFF, 0x0F, 0xFF, 0x0F, 
    0xFF, 0x0F, 0xFF, 0x0F, 0xFF, 0x0F, 0xFF, 0x0F, 0xFF, 0x0F, 0xFF, 0x0F, 0xFF, 0x0F, 0xFF, 0x0F, 0xFF, 0x0F, 0xFF, 0x0F, 0xFF, 0x0F, 0xFF, 0x0F, 0xFF, 0x0F, 0xFF, 0x0F, 0xFF, 0x0F, 0xFF, 0x0F, 
    0xFF, 0x0F, 0xFF, 0x0F, 0xFF, 0x0F, 0xFF, 0x0F, 0xFF, 0x0F, 0xFF, 0x0F, 0xFF, 0x0F, 0xFF, 0x0F, 0xFF, 0x0F, 0xFF, 0x0F, 0xFF, 0x0F, 0xFF, 0x0F, 0xFF, 0x0F, 0xFF, 0x0F, 0xFF, 0x0F, 0xFF, 0x0F, 
    0xFF, 0x0F, 0xFF, 0x0F, 0xFF, 0x0F, 0xFF, 0x0F, 0xFF, 0x0F, 0xFF, 0x0F, 0xFF, 0x0F, 0xFF, 0x0F, 0xFF, 0x0F, 0xFF, 0x0F, 0xFF, 0x0F, 0xFF, 0x0F, 0xFF, 0x0F, 0xFF, 0x0F, 0xFF, 0x0F, 0xFF, 0x0F, 
    0xFF, 0x0F, 0xFF, 0x0F, 0xFF, 0x0F, 0xFF, 0x0F, 0xFF, 0x0F, 0xFF, 0x0F, 0xFF, 0x0F, 0xFF, 0x0F, 0xFF, 0x0F, 0xFF, 0x0F, 0xFF, 0x0F, 0xFF, 0x0F, 0xFF, 0x0F, 0xFF, 0x0F, 0xFF, 0x0F, 0xFF, 0x0F, 
} ;
